job_title,experience_level,work_models,company_location,company_size,salary_in_usd
Data Engineer,Mid-level,Remote,North America,Medium,148100
Data Engineer,Mid-level,Remote,North America,Medium,98700
Data Scientist,Senior-level,Remote,North America,Medium,140032
Data Scientist,Senior-level,Remote,North America,Medium,100022
Other,Mid-level,On-site,North America,Medium,120000
Other,Mid-level,On-site,North America,Medium,62100
Research Analyst,Entry-level,On-site,North America,Medium,250000
Research Analyst,Entry-level,On-site,North America,Medium,150000
Data Engineer,Executive-level,Remote,North America,Medium,219650
Data Engineer,Executive-level,Remote,North America,Medium,136000
Other,Mid-level,On-site,North America,Medium,87800
Other,Mid-level,On-site,North America,Medium,76300
Data Scientist,Mid-level,Remote,North America,Medium,148100
Data Scientist,Mid-level,Remote,North America,Medium,98700
Data Engineer,Mid-level,On-site,North America,Medium,145500
Data Engineer,Mid-level,On-site,North America,Medium,93000
Data Scientist,Mid-level,On-site,North America,Medium,85000
Data Scientist,Mid-level,On-site,North America,Medium,75000
Data Scientist,Mid-level,On-site,North America,Medium,105000
Data Scientist,Mid-level,On-site,North America,Medium,70000
Data Engineer,Senior-level,On-site,North America,Medium,204662
Data Engineer,Senior-level,On-site,North America,Medium,184662
Data Scientist,Mid-level,On-site,North America,Medium,179000
Data Scientist,Mid-level,On-site,North America,Medium,112000
Data Analyst,Entry-level,On-site,North America,Medium,115000
Data Analyst,Entry-level,On-site,North America,Medium,85000
Other,Executive-level,On-site,North America,Medium,225000
Other,Executive-level,On-site,North America,Medium,180000
Other,Senior-level,On-site,North America,Medium,175000
Other,Senior-level,On-site,North America,Medium,110000
Machine Learning Scientist,Senior-level,On-site,North America,Medium,252000
Machine Learning Scientist,Senior-level,On-site,North America,Medium,157500
Machine Learning Engineer,Senior-level,On-site,North America,Medium,267900
Machine Learning Engineer,Senior-level,On-site,North America,Medium,234700
Data Analyst,Entry-level,On-site,North America,Medium,195500
Data Analyst,Entry-level,On-site,North America,Medium,68000
Data Science Manager,Senior-level,Remote,North America,Medium,120000
Data Science Manager,Senior-level,Remote,North America,Medium,90000
Data Scientist,Senior-level,On-site,North America,Medium,242000
Data Scientist,Senior-level,On-site,North America,Medium,106200
Machine Learning Engineer,Senior-level,On-site,North America,Medium,215000
Machine Learning Engineer,Senior-level,On-site,North America,Medium,146900
Applied Scientist,Mid-level,On-site,North America,Large,222200
Applied Scientist,Mid-level,On-site,North America,Large,136000
Data Scientist,Mid-level,Remote,North America,Medium,246000
Data Scientist,Mid-level,Remote,North America,Medium,190000
Data Engineer,Mid-level,Remote,North America,Medium,165000
Data Engineer,Mid-level,Remote,North America,Medium,129600
Business Intelligence Analyst,Mid-level,On-site,North America,Medium,200400
Business Intelligence Analyst,Mid-level,On-site,North America,Medium,126900
Machine Learning Engineer,Senior-level,Remote,North America,Medium,322000
Machine Learning Engineer,Senior-level,Remote,North America,Medium,230000
Data Analyst,Senior-level,On-site,North America,Medium,175520
Data Analyst,Senior-level,On-site,North America,Medium,103786
Analytics Engineer,Senior-level,Remote,North America,Medium,170000
Analytics Engineer,Senior-level,Remote,North America,Medium,130000
Data Scientist,Senior-level,On-site,North America,Medium,195000
Data Scientist,Senior-level,On-site,North America,Medium,146900
Data Scientist,Mid-level,Remote,North America,Medium,170400
Data Scientist,Mid-level,Remote,North America,Medium,106500
Data Analyst,Mid-level,On-site,North America,Medium,134500
Data Analyst,Mid-level,On-site,North America,Medium,100000
Data Engineer,Mid-level,On-site,North America,Medium,159000
Data Engineer,Mid-level,On-site,North America,Medium,111300
Machine Learning Engineer,Mid-level,On-site,North America,Medium,173400
Machine Learning Engineer,Mid-level,On-site,North America,Medium,99100
Business Intelligence Engineer,Senior-level,On-site,North America,Large,185000
Business Intelligence Engineer,Senior-level,On-site,North America,Large,79600
Data Science,Executive-level,Remote,North America,Medium,323700
Data Science,Executive-level,Remote,North America,Medium,190500
Data Scientist,Senior-level,On-site,North America,Medium,218000
Data Scientist,Senior-level,On-site,North America,Medium,145000
Research Scientist,Senior-level,On-site,North America,Medium,258100
Research Scientist,Senior-level,On-site,North America,Medium,151900
Data Science,Mid-level,On-site,North America,Medium,179000
Data Science,Mid-level,On-site,North America,Medium,106500
Data Scientist,Mid-level,On-site,North America,Large,212800
Data Scientist,Mid-level,On-site,North America,Large,111600
Machine Learning Engineer,Senior-level,Remote,North America,Medium,166700
Machine Learning Engineer,Senior-level,Remote,North America,Medium,150000
Machine Learning Engineer,Senior-level,On-site,North America,Medium,220000
Machine Learning Engineer,Senior-level,On-site,North America,Medium,170000
Machine Learning Engineer,Senior-level,Remote,North America,Medium,418000
Machine Learning Engineer,Senior-level,Remote,North America,Medium,141000
Research Engineer,Senior-level,On-site,North America,Medium,440000
Research Engineer,Senior-level,On-site,North America,Medium,100000
Other,Executive-level,Hybrid,North America,Large,260000
Data Scientist,Executive-level,On-site,North America,Medium,246100
Data Scientist,Executive-level,On-site,North America,Medium,181900
Machine Learning Engineer,Entry-level,On-site,North America,Medium,91000
Machine Learning Engineer,Entry-level,On-site,North America,Medium,70000
Other,Executive-level,On-site,North America,Medium,177500
Other,Executive-level,On-site,North America,Medium,117500
Business Intelligence Analyst,Entry-level,On-site,North America,Medium,95000
Business Intelligence Analyst,Entry-level,On-site,North America,Medium,70000
Data Science,Senior-level,On-site,North America,Medium,258720
Data Science,Senior-level,On-site,North America,Medium,160000
Other,Mid-level,On-site,North America,Medium,154800
Other,Mid-level,On-site,North America,Medium,76300
AI Engineer,Mid-level,On-site,North America,Medium,170200
AI Engineer,Mid-level,On-site,North America,Medium,83900
Data Engineer,Senior-level,Remote,North America,Medium,205000
Data Engineer,Senior-level,Remote,North America,Medium,165000
Data Scientist,Mid-level,On-site,North America,Medium,250000
Data Scientist,Mid-level,On-site,North America,Medium,131600
Data Scientist,Senior-level,On-site,North America,Medium,240000
Data Scientist,Senior-level,On-site,North America,Medium,187000
Data Engineer,Mid-level,On-site,North America,Medium,134600
Data Engineer,Mid-level,On-site,North America,Medium,103000
Machine Learning Engineer,Senior-level,On-site,North America,Medium,324000
Machine Learning Engineer,Senior-level,On-site,North America,Medium,159000
Data Engineer,Senior-level,On-site,North America,Medium,385000
Data Engineer,Senior-level,On-site,North America,Medium,245000
Data Scientist,Mid-level,On-site,North America,Medium,385000
Data Scientist,Mid-level,On-site,North America,Medium,245000
Data Engineer,Mid-level,On-site,North America,Medium,214300
Data Engineer,Mid-level,On-site,North America,Medium,108500
Machine Learning Engineer,Senior-level,On-site,North America,Medium,245700
Machine Learning Engineer,Senior-level,On-site,North America,Medium,132300
Data Specialist,Mid-level,On-site,North America,Medium,80000
Data Specialist,Mid-level,On-site,North America,Medium,73000
Machine Learning Engineer,Senior-level,Remote,North America,Medium,263500
Machine Learning Engineer,Senior-level,Remote,North America,Medium,189360
Data Architect,Senior-level,Remote,North America,Medium,175000
Data Architect,Senior-level,Remote,North America,Medium,125000
Data Science,Executive-level,On-site,North America,Medium,175762
Data Science,Executive-level,On-site,North America,Medium,97254
Applied Scientist,Senior-level,Remote,North America,Medium,218213
Applied Scientist,Senior-level,Remote,North America,Medium,178538
Research Engineer,Mid-level,On-site,North America,Medium,440000
Research Engineer,Mid-level,On-site,North America,Medium,295000
Research Engineer,Mid-level,On-site,North America,Medium,118600
Research Engineer,Mid-level,On-site,North America,Medium,96800
Data Scientist,Mid-level,On-site,North America,Medium,198800
Data Scientist,Mid-level,On-site,North America,Medium,90700
Data Engineer,Senior-level,On-site,North America,Medium,145000
Data Engineer,Senior-level,On-site,North America,Medium,115000
Data Engineer,Senior-level,On-site,North America,Medium,269100
Data Engineer,Senior-level,On-site,North America,Medium,131300
Research Engineer,Mid-level,On-site,North America,Medium,245000
Data Analyst,Entry-level,On-site,North America,Medium,99900
Data Analyst,Entry-level,On-site,North America,Medium,83000
Research Engineer,Mid-level,On-site,North America,Medium,240960
Research Engineer,Mid-level,On-site,North America,Medium,190000
Data Architect,Senior-level,On-site,North America,Medium,178600
Data Architect,Senior-level,On-site,North America,Medium,67200
Other,Mid-level,On-site,North America,Medium,170200
Other,Mid-level,On-site,North America,Medium,83900
Data Analyst,Senior-level,Remote,North America,Medium,169000
Data Analyst,Senior-level,Remote,North America,Medium,120000
Research Engineer,Senior-level,On-site,North America,Medium,450000
Research Engineer,Senior-level,On-site,North America,Medium,245000
Other,Senior-level,On-site,North America,Medium,99500
Other,Senior-level,On-site,North America,Medium,53300
Research Engineer,Senior-level,On-site,North America,Medium,240960
Research Engineer,Senior-level,On-site,North America,Medium,200800
Other,Mid-level,On-site,North America,Medium,170200
Other,Mid-level,On-site,North America,Medium,83900
Data Engineer,Mid-level,Remote,North America,Medium,125000
Data Engineer,Mid-level,Remote,North America,Medium,115000
Data Science,Senior-level,On-site,North America,Medium,261050
Data Science,Senior-level,On-site,North America,Medium,187000
Machine Learning Engineer,Senior-level,On-site,North America,Medium,331640
Machine Learning Engineer,Senior-level,On-site,North America,Medium,283780
Data Analyst,Senior-level,On-site,North America,Medium,146500
Data Analyst,Senior-level,On-site,North America,Medium,96000
Other,Senior-level,On-site,North America,Medium,235000
Other,Senior-level,On-site,North America,Medium,185000
Data Scientist,Mid-level,Remote,North America,Medium,140400
Data Scientist,Mid-level,Remote,North America,Medium,90000
Research Scientist,Senior-level,On-site,North America,Medium,440000
Research Scientist,Senior-level,On-site,North America,Medium,245000
Data Architect,Senior-level,On-site,North America,Medium,76300
Data Engineer,Senior-level,On-site,North America,Medium,260000
Data Engineer,Senior-level,On-site,North America,Medium,225000
Data Engineer,Senior-level,On-site,North America,Medium,165000
Data Engineer,Senior-level,On-site,North America,Medium,137000
Applied Scientist,Senior-level,On-site,North America,Large,260000
Applied Scientist,Senior-level,On-site,North America,Large,136000
Data Scientist,Senior-level,On-site,North America,Medium,296100
Data Scientist,Senior-level,On-site,North America,Medium,144500
Research Scientist,Senior-level,On-site,North America,Medium,278700
Research Scientist,Senior-level,On-site,North America,Medium,159300
Data Scientist,Senior-level,Remote,North America,Medium,206000
Data Scientist,Senior-level,Remote,North America,Medium,140250
Analytics Engineer,Mid-level,On-site,North America,Medium,100000
Analytics Engineer,Mid-level,On-site,North America,Medium,75000
Other,Senior-level,On-site,North America,Medium,180000
Other,Senior-level,On-site,North America,Medium,140000
Data Analyst,Senior-level,On-site,North America,Medium,116800
Data Analyst,Senior-level,On-site,North America,Medium,87600
Data Scientist,Senior-level,On-site,North America,Medium,170000
Data Scientist,Senior-level,On-site,North America,Medium,125000
Data Architect,Senior-level,On-site,North America,Medium,283500
Data Architect,Senior-level,On-site,North America,Medium,149000
ML Engineer,Senior-level,On-site,North America,Medium,357900
ML Engineer,Senior-level,On-site,North America,Medium,189400
Data Scientist,Senior-level,On-site,North America,Medium,212000
Data Scientist,Senior-level,On-site,North America,Medium,93400
Data Engineer,Senior-level,On-site,North America,Medium,128656
Data Engineer,Senior-level,On-site,North America,Medium,103330
Machine Learning Engineer,Senior-level,On-site,North America,Medium,250900
Machine Learning Engineer,Senior-level,On-site,North America,Medium,135200
Applied Scientist,Senior-level,On-site,North America,Medium,414000
Applied Scientist,Senior-level,On-site,North America,Medium,216000
Data Specialist,Mid-level,On-site,North America,Medium,69000
Data Specialist,Mid-level,On-site,North America,Medium,51000
Data Analyst,Senior-level,On-site,North America,Medium,109000
Data Analyst,Senior-level,On-site,North America,Medium,62300
Analytics Engineer,Mid-level,On-site,North America,Medium,134160
Analytics Engineer,Mid-level,On-site,North America,Medium,72240
Data Analyst,Mid-level,On-site,North America,Medium,90500
Data Analyst,Mid-level,On-site,North America,Medium,42400
Data Architect,Senior-level,On-site,North America,Medium,381500
Data Architect,Senior-level,On-site,North America,Medium,202500
Machine Learning Engineer,Senior-level,On-site,North America,Medium,257000
Machine Learning Engineer,Senior-level,On-site,North America,Medium,129000
Data Analyst,Entry-level,Remote,North America,Medium,120000
Data Analyst,Entry-level,Remote,North America,Medium,100000
Data Analyst,Entry-level,On-site,North America,Medium,80000
Data Analyst,Entry-level,On-site,North America,Medium,45700
Data Science,Senior-level,On-site,North America,Medium,138000
Data Science,Senior-level,On-site,North America,Medium,86000
Data Science,Senior-level,On-site,North America,Medium,152000
Data Science,Senior-level,On-site,North America,Medium,133200
Data Analyst,Senior-level,On-site,North America,Medium,135000
Data Analyst,Senior-level,On-site,North America,Medium,120000
Data Engineer,Senior-level,On-site,North America,Medium,175000
Data Engineer,Senior-level,On-site,North America,Medium,150000
Other,Mid-level,On-site,North America,Medium,100000
Other,Mid-level,On-site,North America,Medium,95000
Data Analyst,Senior-level,Remote,North America,Medium,134200
Data Analyst,Senior-level,Remote,North America,Medium,117000
Research Scientist,Mid-level,On-site,North America,Medium,179000
Research Scientist,Mid-level,On-site,North America,Medium,112000
Data Architect,Senior-level,On-site,North America,Medium,234000
Data Architect,Senior-level,On-site,North America,Medium,146000
Data Analyst,Entry-level,Remote,North America,Medium,75065
Data Analyst,Entry-level,Remote,North America,Medium,41419
Data Engineer,Mid-level,On-site,North America,Medium,107800
Data Engineer,Mid-level,On-site,North America,Medium,61600
ML Engineer,Senior-level,On-site,North America,Medium,324000
ML Engineer,Senior-level,On-site,North America,Medium,159000
Data Analyst,Entry-level,Remote,North America,Medium,80000
Data Analyst,Entry-level,Remote,North America,Medium,75000
Research Scientist,Senior-level,On-site,North America,Medium,179000
Research Scientist,Senior-level,On-site,North America,Medium,112000
Data Engineer,Senior-level,On-site,North America,Medium,247300
Data Engineer,Senior-level,On-site,North America,Medium,139700
Data Analyst,Entry-level,On-site,North America,Medium,93000
Data Analyst,Entry-level,On-site,North America,Medium,65750
Research Scientist,Senior-level,On-site,North America,Medium,234000
Research Scientist,Senior-level,On-site,North America,Medium,146000
Data Engineer,Mid-level,On-site,North America,Medium,130000
Data Engineer,Mid-level,On-site,North America,Medium,90800
Data Engineer,Mid-level,On-site,North America,Medium,166000
Data Engineer,Mid-level,On-site,North America,Medium,73100
Data Scientist,Mid-level,On-site,North America,Medium,166000
Data Scientist,Mid-level,On-site,North America,Medium,73100
Machine Learning Engineer,Senior-level,On-site,North America,Medium,186754
Machine Learning Engineer,Senior-level,On-site,North America,Medium,101000
Data Scientist,Senior-level,On-site,North America,Medium,80000
Data Scientist,Senior-level,On-site,North America,Medium,67500
Data Engineer,Senior-level,On-site,North America,Medium,138000
Data Engineer,Senior-level,On-site,North America,Medium,86000
Data Engineer,Mid-level,On-site,North America,Medium,106050
Data Engineer,Mid-level,On-site,North America,Medium,80420
Data Analyst,Entry-level,On-site,North America,Medium,179000
Data Analyst,Entry-level,On-site,North America,Medium,112000
Research Engineer,Senior-level,On-site,North America,Medium,234000
Research Engineer,Senior-level,On-site,North America,Medium,146000
Data Architect,Senior-level,On-site,North America,Medium,186000
Data Architect,Senior-level,On-site,North America,Medium,81800
Data Engineer,Senior-level,On-site,North America,Medium,160000
Data Engineer,Senior-level,On-site,North America,Medium,94100
Data Engineer,Executive-level,On-site,North America,Medium,225000
Data Engineer,Executive-level,On-site,North America,Medium,215000
Machine Learning Engineer,Senior-level,Remote,North America,Medium,303400
Machine Learning Engineer,Senior-level,Remote,North America,Medium,216700
Machine Learning Engineer,Mid-level,On-site,North America,Medium,166000
Machine Learning Engineer,Mid-level,On-site,North America,Medium,73100
Other,Senior-level,Remote,North America,Medium,130000
Other,Senior-level,Remote,North America,Medium,110000
Data Engineer,Mid-level,On-site,North America,Medium,115000
Data Engineer,Mid-level,On-site,North America,Medium,80000
Machine Learning Engineer,Senior-level,Remote,North America,Medium,195000
Machine Learning Engineer,Senior-level,Remote,North America,Medium,170000
Research Scientist,Senior-level,On-site,North America,Medium,295000
Data Engineer,Senior-level,Remote,North America,Medium,152375
Data Engineer,Senior-level,Remote,North America,Medium,94000
Other,Senior-level,Remote,North America,Medium,180000
Other,Senior-level,Remote,North America,Medium,130000
Analytics Engineer,Senior-level,Remote,North America,Medium,195000
Analytics Engineer,Senior-level,Remote,North America,Medium,165000
Data Scientist,Mid-level,On-site,North America,Medium,218000
Data Scientist,Mid-level,On-site,North America,Medium,152600
Machine Learning Scientist,Mid-level,On-site,North America,Medium,150000
Data Scientist,Senior-level,On-site,North America,Medium,136197
Data Scientist,Senior-level,On-site,North America,Medium,100000
Research Engineer,Senior-level,On-site,North America,Medium,295000
Data Engineer,Executive-level,On-site,North America,Medium,179000
Data Engineer,Executive-level,On-site,North America,Medium,112000
Data Scientist,Mid-level,On-site,North America,Medium,175100
Data Scientist,Mid-level,On-site,North America,Medium,82915
Data Science Consultant,Senior-level,On-site,North America,Medium,112000
Data Science Consultant,Senior-level,On-site,North America,Medium,109000
Analytics Engineer,Mid-level,On-site,North America,Medium,116550
Analytics Engineer,Mid-level,On-site,North America,Medium,79200
Data Scientist,Mid-level,Remote,North America,Medium,168000
Data Scientist,Mid-level,Remote,North America,Medium,120000
Machine Learning Engineer,Senior-level,On-site,North America,Medium,210000
Machine Learning Engineer,Senior-level,On-site,North America,Medium,160000
Data Engineer,Senior-level,On-site,North America,Medium,116000
Data Engineer,Senior-level,On-site,North America,Medium,90000
Research Scientist,Senior-level,On-site,North America,Large,247600
Research Scientist,Senior-level,On-site,North America,Large,127300
Data Scientist,Senior-level,Remote,North America,Medium,190600
Data Scientist,Senior-level,Remote,North America,Medium,94400
Machine Learning Engineer,Senior-level,On-site,North America,Medium,258100
Machine Learning Engineer,Senior-level,On-site,North America,Medium,151900
Research Engineer,Mid-level,On-site,North America,Medium,100000
Data Analyst,Senior-level,On-site,North America,Medium,171000
Data Analyst,Senior-level,On-site,North America,Medium,93000
Data Science Consultant,Senior-level,On-site,North America,Medium,104000
Data Science Consultant,Senior-level,On-site,North America,Medium,80000
Data Analyst,Mid-level,On-site,North America,Medium,158000
Data Analyst,Mid-level,On-site,North America,Medium,106000
Research Scientist,Mid-level,On-site,North America,Medium,100000
Data Analyst,Senior-level,On-site,North America,Medium,140130
Data Analyst,Senior-level,On-site,North America,Medium,84870
Data Scientist,Senior-level,Remote,North America,Medium,220000
Data Scientist,Senior-level,Remote,North America,Medium,170000
Other,Mid-level,On-site,North America,Medium,117750
Other,Mid-level,On-site,North America,Medium,70650
Data Engineer,Senior-level,On-site,North America,Medium,233200
Data Engineer,Senior-level,On-site,North America,Medium,144200
Machine Learning Engineer,Senior-level,On-site,North America,Medium,247500
Machine Learning Engineer,Senior-level,On-site,North America,Medium,172200
Data Engineer,Mid-level,On-site,North America,Medium,138000
Data Engineer,Mid-level,On-site,North America,Medium,86000
Other,Mid-level,On-site,North America,Medium,92000
Other,Mid-level,On-site,North America,Medium,80000
Other,Senior-level,Remote,North America,Medium,90000
Other,Senior-level,Remote,North America,Medium,70000
Business Intelligence Analyst,Senior-level,On-site,North America,Medium,127000
Business Intelligence Analyst,Senior-level,On-site,North America,Medium,72600
Other,Entry-level,Remote,North America,Medium,70000
Other,Entry-level,Remote,North America,Medium,50000
Data Analyst,Entry-level,On-site,North America,Medium,71000
Other,Senior-level,On-site,North America,Medium,198650
Other,Senior-level,On-site,North America,Medium,137000
Data Architect,Senior-level,On-site,North America,Medium,160000
Data Architect,Senior-level,On-site,North America,Medium,100000
Data Analyst,Entry-level,Remote,North America,Medium,92700
Data Analyst,Entry-level,Remote,North America,Medium,64900
Data Scientist,Mid-level,On-site,North America,Medium,73000
Data Analyst,Mid-level,Remote,North America,Medium,81713
Data Analyst,Mid-level,Remote,North America,Medium,48067
Machine Learning Engineer,Mid-level,On-site,North America,Medium,179000
Machine Learning Engineer,Mid-level,On-site,North America,Medium,112000
Data Science,Senior-level,On-site,North America,Medium,111800
Data Science,Senior-level,On-site,North America,Medium,68195
Business Intelligence Analyst,Senior-level,On-site,North America,Medium,132000
Business Intelligence Analyst,Senior-level,On-site,North America,Medium,82500
Research Engineer,Mid-level,On-site,North America,Medium,140000
Data Analyst,Mid-level,Remote,North America,Medium,85000
Data Analyst,Mid-level,Remote,North America,Medium,61800
Data Analyst,Mid-level,On-site,North America,Medium,129118
Data Analyst,Mid-level,On-site,North America,Medium,86078
Data Scientist,Mid-level,On-site,North America,Medium,97000
Data Scientist,Mid-level,On-site,North America,Medium,62000
Data Science Manager,Mid-level,Remote,North America,Medium,237000
Data Science Manager,Mid-level,Remote,North America,Medium,201450
Research Engineer,Senior-level,On-site,North America,Medium,97000
Research Engineer,Senior-level,On-site,North America,Medium,62000
Machine Learning Engineer,Senior-level,On-site,North America,Medium,253000
Machine Learning Engineer,Senior-level,On-site,North America,Medium,187000
Machine Learning Engineer,Senior-level,On-site,North America,Medium,250000
Machine Learning Engineer,Senior-level,On-site,North America,Medium,150000
Data Engineer,Mid-level,On-site,North America,Medium,184000
Data Engineer,Mid-level,On-site,North America,Medium,123000
Data Scientist,Senior-level,On-site,North America,Medium,245000
Data Scientist,Senior-level,On-site,North America,Medium,180000
Data Engineer,Senior-level,On-site,North America,Medium,184000
Data Engineer,Senior-level,On-site,North America,Medium,123000
Other,Senior-level,On-site,North America,Medium,317000
Other,Senior-level,On-site,North America,Medium,266000
Machine Learning Engineer,Senior-level,On-site,North America,Medium,229000
Machine Learning Engineer,Senior-level,On-site,North America,Medium,221000
Data Engineer,Senior-level,Remote,North America,Medium,210000
Data Engineer,Senior-level,Remote,North America,Medium,162000
Machine Learning Engineer,Senior-level,On-site,North America,Medium,198000
Machine Learning Engineer,Senior-level,On-site,North America,Medium,162000
Machine Learning Engineer,Senior-level,On-site,North America,Medium,300000
Machine Learning Engineer,Senior-level,On-site,North America,Medium,180000
Data Scientist,Mid-level,On-site,North America,Medium,68088
Data Scientist,Mid-level,On-site,North America,Medium,54552
Data Scientist,Senior-level,On-site,North America,Medium,324000
Data Scientist,Senior-level,On-site,North America,Medium,159000
Other,Mid-level,On-site,North America,Medium,99000
Other,Mid-level,On-site,North America,Medium,70000
Machine Learning Engineer,Senior-level,On-site,North America,Medium,146000
Data Engineer,Mid-level,Remote,North America,Medium,110000
Data Engineer,Mid-level,Remote,North America,Medium,90000
Data Scientist,Mid-level,On-site,North America,Medium,60000
Data Scientist,Mid-level,On-site,North America,Medium,55000
Data Analyst,Entry-level,On-site,North America,Medium,116013
Data Analyst,Entry-level,On-site,North America,Medium,92810
Research Analyst,Senior-level,On-site,North America,Medium,200000
Research Analyst,Senior-level,On-site,North America,Medium,150000
Data Engineer,Senior-level,On-site,North America,Medium,221000
Data Engineer,Mid-level,On-site,North America,Medium,146100
Data Engineer,Mid-level,On-site,North America,Medium,86500
Data Scientist,Senior-level,On-site,North America,Medium,159300
Data Scientist,Senior-level,On-site,North America,Medium,96600
Data Engineer,Senior-level,On-site,North America,Medium,209300
Data Engineer,Senior-level,On-site,North America,Medium,118300
Data Scientist,Senior-level,Remote,North America,Medium,130000
Data Engineer,Senior-level,Remote,North America,Medium,140000
Data Engineer,Senior-level,Remote,North America,Medium,97200
Data Analyst,Senior-level,Remote,North America,Medium,140000
Data Engineer,Mid-level,On-site,North America,Medium,308000
Data Engineer,Mid-level,On-site,North America,Medium,193000
Data Engineer,Senior-level,On-site,North America,Medium,240000
Data Engineer,Senior-level,On-site,North America,Medium,180000
Data Analyst,Senior-level,On-site,North America,Medium,126480
Data Analyst,Senior-level,On-site,North America,Medium,82620
Data Scientist,Mid-level,Remote,North America,Medium,140025
Data Scientist,Mid-level,Remote,North America,Medium,102300
Research Scientist,Mid-level,Remote,North America,Medium,81500
Research Scientist,Mid-level,Remote,North America,Medium,75000
Data Scientist,Senior-level,On-site,North America,Medium,106875
Data Scientist,Senior-level,On-site,North America,Medium,71250
Other,Mid-level,Remote,North America,Medium,245000
Other,Mid-level,Remote,North America,Medium,135000
Other,Senior-level,On-site,North America,Medium,144138
Other,Senior-level,On-site,North America,Medium,104828
Data Scientist,Senior-level,On-site,North America,Medium,161000
Data Scientist,Senior-level,On-site,North America,Medium,133200
Data Scientist,Mid-level,On-site,North America,Medium,161875
Data Scientist,Mid-level,On-site,North America,Medium,97125
Machine Learning Engineer,Senior-level,Remote,North America,Medium,196350
Machine Learning Engineer,Senior-level,Remote,North America,Medium,127500
Data Scientist,Mid-level,Remote,North America,Medium,135450
Data Scientist,Mid-level,Remote,North America,Medium,72870
Data Science,Senior-level,On-site,North America,Medium,237200
Data Science,Senior-level,On-site,North America,Medium,172500
Data Scientist,Senior-level,On-site,North America,Medium,184800
Data Scientist,Senior-level,On-site,North America,Medium,161900
Data Scientist,Senior-level,On-site,North America,Medium,146800
Data Scientist,Senior-level,On-site,North America,Medium,117400
Data Analyst,Entry-level,On-site,North America,Medium,90000
Data Analyst,Entry-level,On-site,North America,Medium,60000
Other,Senior-level,On-site,North America,Medium,227200
Other,Senior-level,On-site,North America,Medium,199100
Data Scientist,Mid-level,On-site,North America,Medium,310000
Data Engineer,Senior-level,On-site,North America,Medium,140000
Data Engineer,Senior-level,On-site,North America,Medium,125000
Machine Learning Engineer,Mid-level,On-site,North America,Medium,223000
Machine Learning Engineer,Mid-level,On-site,North America,Medium,171600
Data Analyst,Senior-level,Remote,North America,Medium,192500
Data Analyst,Senior-level,Remote,North America,Medium,122500
Data Analyst,Senior-level,Remote,North America,Medium,162900
Data Analyst,Senior-level,Remote,North America,Medium,117725
Data Analyst,Entry-level,On-site,North America,Medium,140000
Data Analyst,Entry-level,On-site,North America,Medium,100000
Data Engineer,Mid-level,Remote,North America,Medium,170000
Data Engineer,Mid-level,Remote,North America,Medium,105000
Data Scientist,Senior-level,On-site,North America,Medium,139000
Analytics Engineer,Senior-level,On-site,North America,Medium,234200
Analytics Engineer,Senior-level,On-site,North America,Medium,124000
Data Scientist,Mid-level,Remote,North America,Medium,153700
Data Scientist,Mid-level,Remote,North America,Medium,87300
Data Engineer,Senior-level,On-site,North America,Medium,282000
Data Engineer,Senior-level,On-site,North America,Medium,208000
Data Engineer,Mid-level,Remote,North America,Medium,162000
Data Engineer,Mid-level,Remote,North America,Medium,129000
Research Scientist,Senior-level,On-site,North America,Medium,138000
Research Scientist,Senior-level,On-site,North America,Medium,86000
Research Analyst,Entry-level,On-site,North America,Medium,110000
Research Analyst,Entry-level,On-site,North America,Medium,90000
Data Engineer,Senior-level,On-site,North America,Medium,255800
Data Engineer,Senior-level,On-site,North America,Medium,176000
Research Analyst,Entry-level,Remote,North America,Medium,120000
Research Analyst,Entry-level,Remote,North America,Medium,105000
Data Engineer,Mid-level,On-site,North America,Medium,210000
Data Engineer,Mid-level,On-site,North America,Medium,140000
Data Engineer,Senior-level,Remote,North America,Medium,150000
Data Architect,Senior-level,On-site,North America,Medium,130000
Data Analyst,Entry-level,On-site,North America,Medium,156000
Data Analyst,Entry-level,On-site,North America,Medium,124000
Analytics Engineer,Senior-level,Remote,North America,Medium,189000
Analytics Engineer,Senior-level,Remote,North America,Medium,140000
Data Analyst,Senior-level,Remote,North America,Medium,158494
Data Analyst,Senior-level,Remote,North America,Medium,88052
Data Specialist,Mid-level,On-site,North America,Medium,111000
Data Specialist,Mid-level,On-site,North America,Medium,79200
Data Analyst,Senior-level,Remote,North America,Medium,220000
Data Analyst,Senior-level,Remote,North America,Medium,170000
Data Scientist,Senior-level,Remote,North America,Medium,195500
Data Scientist,Senior-level,Remote,North America,Medium,141300
Data Engineer,Senior-level,On-site,North America,Medium,139810
Data Engineer,Senior-level,On-site,North America,Medium,95325
Data Science,Entry-level,Remote,Europe,Large,26000
Data Scientist,Senior-level,On-site,Europe,Medium,77777
Data Scientist,Senior-level,On-site,Europe,Medium,66666
Other,Entry-level,On-site,Other,Medium,85000
Other,Entry-level,On-site,Other,Medium,58500
Other,Senior-level,Remote,Asia,Medium,95000
Other,Senior-level,Remote,Asia,Medium,80000
Machine Learning Engineer,Mid-level,Remote,Other,Medium,100000
Machine Learning Engineer,Mid-level,Remote,Other,Medium,94444
Data Specialist,Mid-level,On-site,Europe,Medium,64105
Data Specialist,Mid-level,On-site,Europe,Medium,51283
Data Engineer,Entry-level,On-site,Europe,Medium,50000
Data Engineer,Entry-level,On-site,Europe,Medium,37500
Business Intelligence Analyst,Entry-level,On-site,Europe,Medium,56250
Data Scientist,Mid-level,On-site,Europe,Medium,193000
Data Scientist,Mid-level,On-site,Europe,Medium,96125
Data Analyst,Mid-level,On-site,Europe,Medium,50000
Data Analyst,Mid-level,On-site,Europe,Medium,43750
Data Engineer,Senior-level,On-site,Europe,Medium,175000
Data Engineer,Senior-level,On-site,Europe,Medium,125000
AI Engineer,Senior-level,Remote,Europe,Medium,150000
AI Engineer,Senior-level,Remote,Europe,Medium,112500
Analytics Engineer,Senior-level,On-site,Europe,Medium,130943
Analytics Engineer,Senior-level,On-site,Europe,Medium,104220
Data Analyst,Entry-level,Remote,Europe,Medium,50000
Data Analyst,Entry-level,Remote,Europe,Medium,43750
Data Engineer,Mid-level,Remote,Europe,Medium,46250
Data Engineer,Mid-level,Remote,Europe,Medium,30000
Machine Learning Engineer,Mid-level,Remote,Europe,Medium,139777
Machine Learning Engineer,Mid-level,Remote,Europe,Medium,93222
Machine Learning Engineer,Senior-level,On-site,Africa,Medium,212000
Machine Learning Engineer,Senior-level,On-site,Africa,Medium,93300
ML Engineer,Senior-level,On-site,Europe,Medium,212000
ML Engineer,Senior-level,On-site,Europe,Medium,93300
Data Science,Entry-level,Hybrid,Europe,Medium,16666
Data Engineer,Senior-level,Remote,North America,Medium,171210
Data Engineer,Senior-level,Remote,North America,Medium,92190
Analytics Engineer,Senior-level,On-site,North America,Medium,130000
Analytics Engineer,Senior-level,On-site,North America,Medium,110000
Data Scientist,Mid-level,On-site,North America,Medium,137930
Data Scientist,Mid-level,On-site,North America,Medium,74270
Data Scientist,Senior-level,On-site,North America,Medium,225000
Data Scientist,Senior-level,On-site,North America,Medium,153000
Machine Learning Scientist,Senior-level,On-site,North America,Medium,235000
Machine Learning Scientist,Senior-level,On-site,North America,Medium,153000
Analytics Engineer,Senior-level,On-site,North America,Medium,209990
Analytics Engineer,Senior-level,On-site,North America,Medium,140000
Machine Learning Engineer,Senior-level,Remote,North America,Medium,303400
Machine Learning Engineer,Senior-level,Remote,North America,Medium,216700
Other,Senior-level,On-site,North America,Medium,171210
Other,Senior-level,On-site,North America,Medium,92190
Data Scientist,Mid-level,On-site,North America,Medium,110630
Data Scientist,Mid-level,On-site,North America,Medium,59570
Data Analyst,Mid-level,On-site,North America,Medium,78000
Data Analyst,Mid-level,On-site,North America,Medium,54000
Data Scientist,Senior-level,On-site,North America,Medium,130000
Data Scientist,Senior-level,On-site,North America,Medium,120000
Data Analyst,Senior-level,On-site,North America,Medium,140000
Data Analyst,Senior-level,On-site,North America,Medium,107000
Data Scientist,Mid-level,On-site,North America,Medium,224000
Data Scientist,Mid-level,On-site,North America,Medium,146000
Data Engineer,Mid-level,On-site,Oceania,Medium,133000
Data Engineer,Mid-level,On-site,Oceania,Medium,58300
Research Engineer,Mid-level,On-site,Oceania,Medium,74276
Research Engineer,Mid-level,On-site,Oceania,Medium,70230
Machine Learning Engineer,Mid-level,Remote,Asia,Medium,84000
Machine Learning Engineer,Mid-level,Remote,Asia,Medium,48000
Machine Learning Engineer,Mid-level,Remote,Asia,Medium,72000
Other,Senior-level,On-site,North America,Medium,258700
Other,Senior-level,On-site,North America,Medium,146600
Data Science Manager,Mid-level,Remote,North America,Medium,190000
Data Science Manager,Mid-level,Remote,North America,Medium,160000
Research Analyst,Entry-level,Remote,North America,Medium,90000
Research Analyst,Entry-level,Remote,North America,Medium,65000
Data Engineer,Mid-level,Remote,North America,Medium,160000
Data Engineer,Mid-level,Remote,North America,Medium,130000
Data Analyst,Mid-level,On-site,North America,Medium,85000
Data Analyst,Mid-level,On-site,North America,Medium,65000
Other,Senior-level,On-site,North America,Medium,143800
Other,Senior-level,On-site,North America,Medium,95800
Data Engineer,Mid-level,On-site,North America,Medium,114000
Data Engineer,Mid-level,On-site,North America,Medium,72000
Data Analyst,Mid-level,On-site,North America,Medium,102500
Machine Learning Engineer,Senior-level,On-site,North America,Medium,258700
Data Scientist,Senior-level,Remote,North America,Medium,203649
Data Scientist,Senior-level,Remote,North America,Medium,183284
Data Specialist,Mid-level,On-site,North America,Medium,81800
Data Specialist,Mid-level,On-site,North America,Medium,70800
Data Analyst,Senior-level,On-site,North America,Medium,130000
Data Analyst,Senior-level,On-site,North America,Medium,80850
Other,Senior-level,On-site,North America,Medium,242000
Other,Senior-level,On-site,North America,Medium,106200
Machine Learning Engineer,Mid-level,On-site,North America,Medium,165000
Machine Learning Engineer,Mid-level,On-site,North America,Medium,135000
Data Engineer,Senior-level,Remote,North America,Medium,145000
Data Engineer,Senior-level,Remote,North America,Medium,120000
Other,Senior-level,On-site,North America,Medium,184000
Other,Senior-level,On-site,North America,Medium,112000
Machine Learning Engineer,Senior-level,On-site,North America,Medium,275000
Data Scientist,Entry-level,On-site,North America,Medium,100000
Data Scientist,Entry-level,On-site,North America,Medium,70000
Data Scientist,Mid-level,On-site,North America,Medium,135700
Data Scientist,Mid-level,On-site,North America,Medium,108560
Research Engineer,Senior-level,On-site,North America,Medium,300000
Research Engineer,Senior-level,On-site,North America,Medium,180000
Business Intelligence Analyst,Senior-level,Remote,North America,Medium,189000
Business Intelligence Analyst,Senior-level,Remote,North America,Medium,118100
Other,Senior-level,On-site,North America,Medium,148300
Other,Senior-level,On-site,North America,Medium,84700
Analytics Engineer,Mid-level,On-site,North America,Medium,149925
Analytics Engineer,Mid-level,On-site,North America,Medium,91260
Data Scientist,Senior-level,On-site,North America,Medium,277000
Data Scientist,Senior-level,On-site,North America,Medium,173000
Applied Scientist,Senior-level,On-site,North America,Medium,250900
Applied Scientist,Senior-level,On-site,North America,Medium,135200
Data Scientist,Senior-level,On-site,North America,Medium,187415
Data Scientist,Senior-level,On-site,North America,Medium,114080
Data Scientist,Mid-level,On-site,North America,Medium,220000
Data Scientist,Mid-level,On-site,North America,Medium,137500
Data Analyst,Mid-level,On-site,North America,Medium,119000
Data Analyst,Mid-level,On-site,North America,Medium,52100
Other,Senior-level,Remote,North America,Medium,120000
Other,Senior-level,Remote,North America,Medium,102000
Data Analyst,Entry-level,On-site,North America,Medium,64000
Data Engineer,Mid-level,On-site,North America,Medium,179000
Data Engineer,Mid-level,On-site,North America,Medium,112000
Data Analyst,Entry-level,On-site,North America,Medium,65000
Data Analyst,Entry-level,On-site,North America,Medium,54000
Business Intelligence Analyst,Mid-level,On-site,North America,Medium,119000
Business Intelligence Analyst,Mid-level,On-site,North America,Medium,52100
Machine Learning Engineer,Senior-level,On-site,North America,Medium,140000
Data Scientist,Entry-level,On-site,North America,Medium,113800
Data Scientist,Entry-level,On-site,North America,Medium,63200
Data Scientist,Senior-level,On-site,North America,Medium,210000
Data Scientist,Senior-level,On-site,North America,Medium,160000
Data Engineer,Mid-level,On-site,North America,Medium,170000
Machine Learning Engineer,Mid-level,On-site,North America,Medium,125000
Machine Learning Engineer,Mid-level,On-site,North America,Medium,100000
Data Scientist,Senior-level,On-site,North America,Medium,140000
Data Analyst,Senior-level,Remote,North America,Medium,192000
Data Analyst,Senior-level,Remote,North America,Medium,138240
Data Scientist,Senior-level,On-site,North America,Medium,130000
Data Architect,Senior-level,Remote,North America,Medium,100000
Data Architect,Senior-level,Remote,North America,Medium,90000
Data Analyst,Senior-level,Remote,North America,Medium,130000
Data Engineer,Mid-level,On-site,North America,Medium,186000
Data Engineer,Mid-level,On-site,North America,Medium,81800
Data Engineer,Senior-level,On-site,North America,Medium,166000
Data Engineer,Senior-level,On-site,North America,Medium,73100
Data Analyst,Mid-level,On-site,North America,Medium,115950
Data Analyst,Mid-level,On-site,North America,Medium,69570
Data Science,Senior-level,On-site,North America,Medium,142300
Data Science,Senior-level,On-site,North America,Medium,71200
Data Analyst,Senior-level,Remote,North America,Medium,119200
Data Analyst,Senior-level,Remote,North America,Medium,86600
Data Engineer,Senior-level,Remote,North America,Medium,140544
Data Engineer,Senior-level,Remote,North America,Medium,82673
Business Intelligence Engineer,Senior-level,On-site,North America,Medium,108350
Business Intelligence Engineer,Senior-level,On-site,North America,Medium,78800
Data Engineer,Senior-level,On-site,North America,Medium,162540
Data Engineer,Senior-level,On-site,North America,Medium,87570
Data Architect,Senior-level,On-site,North America,Medium,213600
Data Architect,Senior-level,On-site,North America,Medium,103200
Data Engineer,Mid-level,On-site,North America,Medium,90000
Data Scientist,Mid-level,On-site,North America,Medium,212000
Data Scientist,Mid-level,On-site,North America,Medium,93300
Data Scientist,Mid-level,Remote,North America,Medium,157000
Data Scientist,Mid-level,Remote,North America,Medium,144000
Data Scientist,Senior-level,On-site,North America,Medium,179000
Data Scientist,Senior-level,On-site,North America,Medium,112000
Analytics Engineer,Senior-level,Remote,North America,Medium,221300
Analytics Engineer,Senior-level,Remote,North America,Medium,147500
Data Engineer,Senior-level,On-site,North America,Medium,179000
Data Engineer,Senior-level,On-site,North America,Medium,112000
Data Science Consultant,Senior-level,On-site,North America,Medium,116000
Data Science Consultant,Senior-level,On-site,North America,Medium,90000
Data Engineer,Mid-level,On-site,North America,Medium,130400
Data Engineer,Mid-level,On-site,North America,Medium,74500
Data Analyst,Senior-level,On-site,North America,Medium,100000
Other,Mid-level,On-site,North America,Medium,140000
Other,Mid-level,On-site,North America,Medium,90000
Research Scientist,Senior-level,On-site,North America,Medium,260000
Research Scientist,Senior-level,On-site,North America,Medium,230000
Data Scientist,Mid-level,On-site,North America,Medium,110000
Data Scientist,Mid-level,On-site,North America,Medium,90000
Research Scientist,Mid-level,On-site,North America,Medium,210000
Research Scientist,Mid-level,On-site,North America,Medium,160000
Data Specialist,Mid-level,On-site,North America,Medium,85000
Data Specialist,Mid-level,On-site,North America,Medium,75000
Machine Learning Engineer,Senior-level,On-site,North America,Medium,280000
Machine Learning Engineer,Senior-level,On-site,North America,Medium,196000
Machine Learning Engineer,Mid-level,On-site,North America,Medium,212000
Machine Learning Engineer,Mid-level,On-site,North America,Medium,93300
Data Science,Senior-level,Remote,North America,Medium,230000
Data Science,Senior-level,Remote,North America,Medium,115000
Machine Learning Scientist,Senior-level,On-site,North America,Medium,233500
Machine Learning Scientist,Senior-level,On-site,North America,Medium,137500
Data Science,Senior-level,On-site,North America,Medium,176875
Data Science,Senior-level,On-site,North America,Medium,84750
Data Engineer,Senior-level,On-site,North America,Medium,251250
Data Engineer,Senior-level,On-site,North America,Medium,120750
Data Scientist,Mid-level,On-site,North America,Medium,120000
Data Scientist,Mid-level,On-site,North America,Medium,147400
Data Scientist,Mid-level,On-site,North America,Medium,107682
Data Analyst,Senior-level,Remote,North America,Medium,145000
Data Analyst,Senior-level,Remote,North America,Medium,95000
Research Analyst,Entry-level,On-site,North America,Medium,80000
Research Analyst,Entry-level,On-site,North America,Medium,50000
Other,Senior-level,Remote,North America,Medium,175000
Other,Senior-level,Remote,North America,Medium,150000
Data Analyst,Entry-level,On-site,North America,Medium,118750
Data Analyst,Entry-level,On-site,North America,Medium,106875
Data Engineer,Senior-level,On-site,North America,Medium,186000
Data Engineer,Senior-level,On-site,North America,Medium,81800
Data Analyst,Mid-level,On-site,North America,Medium,142000
Data Analyst,Mid-level,On-site,North America,Medium,128000
Machine Learning Engineer,Senior-level,On-site,North America,Medium,262000
Machine Learning Engineer,Senior-level,On-site,North America,Medium,186000
Data Analyst,Mid-level,On-site,North America,Medium,58500
Data Analyst,Entry-level,On-site,North America,Medium,59059
Data Analyst,Entry-level,On-site,North America,Medium,47985
Data Analyst,Senior-level,On-site,North America,Medium,93918
Data Analyst,Senior-level,On-site,North America,Medium,51962
Other,Mid-level,On-site,North America,Medium,120000
Other,Mid-level,On-site,North America,Medium,100000
Data Engineer,Senior-level,On-site,North America,Medium,173000
ML Engineer,Senior-level,On-site,North America,Medium,291500
ML Engineer,Senior-level,On-site,North America,Medium,180200
Machine Learning Engineer,Senior-level,On-site,North America,Medium,255800
Machine Learning Engineer,Senior-level,On-site,North America,Medium,170600
Data Engineer,Senior-level,On-site,North America,Medium,146850
Data Engineer,Senior-level,On-site,North America,Medium,106800
Data Engineer,Mid-level,On-site,North America,Medium,200000
Data Engineer,Mid-level,On-site,North America,Medium,117000
Data Manager,Mid-level,On-site,North America,Large,151700
Data Manager,Mid-level,On-site,North America,Large,63000
Data Scientist,Senior-level,Remote,North America,Medium,239900
Data Scientist,Senior-level,Remote,North America,Medium,159900
Data Analyst,Entry-level,On-site,North America,Medium,162240
Data Analyst,Entry-level,On-site,North America,Medium,47840
Data Engineer,Senior-level,On-site,North America,Medium,130410
Data Engineer,Senior-level,On-site,North America,Medium,92000
Data Science,Senior-level,On-site,North America,Medium,270250
Data Science,Senior-level,On-site,North America,Medium,144000
Business Intelligence Analyst,Senior-level,On-site,North America,Medium,176875
Business Intelligence Analyst,Senior-level,On-site,North America,Medium,84750
Data Analyst,Mid-level,On-site,North America,Medium,92000
Data Analyst,Mid-level,On-site,North America,Medium,69000
Research Engineer,Senior-level,On-site,North America,Medium,184800
Research Engineer,Senior-level,On-site,North America,Medium,107100
Data Engineer,Senior-level,On-site,North America,Medium,333500
Applied Scientist,Senior-level,On-site,North America,Medium,257400
Applied Scientist,Senior-level,On-site,North America,Medium,138600
Other,Mid-level,On-site,North America,Medium,242100
Other,Mid-level,On-site,North America,Medium,116200
Research Analyst,Senior-level,On-site,North America,Medium,230000
Research Analyst,Senior-level,On-site,North America,Medium,210000
Data Engineer,Senior-level,On-site,North America,Medium,114300
Data Engineer,Senior-level,On-site,North America,Medium,89600
Business Intelligence Analyst,Entry-level,On-site,North America,Medium,85000
Business Intelligence Analyst,Entry-level,On-site,North America,Medium,65000
Machine Learning Engineer,Senior-level,On-site,North America,Medium,266875
Machine Learning Engineer,Senior-level,On-site,North America,Medium,128250
Data Science,Mid-level,On-site,North America,Medium,280000
Data Science,Mid-level,On-site,North America,Medium,200000
Data Engineer,Mid-level,On-site,North America,Medium,180000
Data Engineer,Senior-level,Remote,North America,Medium,178492
Data Engineer,Senior-level,Remote,North America,Medium,89246
Data Engineer,Senior-level,Remote,North America,Medium,245000
Analytics Engineer,Senior-level,On-site,North America,Medium,155000
Analytics Engineer,Senior-level,On-site,North America,Medium,145000
Machine Learning Engineer,Senior-level,Remote,North America,Medium,165000
Machine Learning Engineer,Senior-level,Remote,North America,Medium,130000
Data Scientist,Senior-level,On-site,North America,Medium,280889
Data Scientist,Senior-level,On-site,North America,Medium,187259
Business Intelligence Analyst,Mid-level,Remote,North America,Medium,130000
Business Intelligence Analyst,Mid-level,Remote,North America,Medium,120000
Data Engineer,Mid-level,Remote,North America,Medium,185000
Data Engineer,Senior-level,Remote,North America,Medium,196900
Data Engineer,Senior-level,Remote,North America,Medium,186700
Data Scientist,Senior-level,On-site,North America,Medium,260000
Data Scientist,Senior-level,On-site,North America,Medium,192000
Data Engineer,Mid-level,On-site,North America,Large,205600
Data Engineer,Mid-level,On-site,North America,Large,105700
Data Analyst,Mid-level,On-site,North America,Medium,75000
Other,Senior-level,On-site,North America,Medium,230000
Other,Senior-level,On-site,North America,Medium,140000
Data Manager,Entry-level,On-site,North America,Medium,149800
Data Manager,Entry-level,On-site,North America,Medium,85600
Data Scientist,Senior-level,On-site,North America,Medium,152600
Business Intelligence Engineer,Mid-level,On-site,North America,Medium,185000
Business Intelligence Engineer,Mid-level,On-site,North America,Medium,165000
Machine Learning Engineer,Senior-level,On-site,North America,Medium,224880
Machine Learning Engineer,Senior-level,On-site,North America,Medium,121500
Data Analyst,Senior-level,On-site,North America,Medium,129000
Data Analyst,Senior-level,On-site,North America,Medium,46200
Data Scientist,Senior-level,On-site,North America,Medium,272400
Data Scientist,Senior-level,On-site,North America,Medium,155600
Data Analyst,Entry-level,On-site,North America,Medium,95000
Machine Learning Engineer,Mid-level,On-site,North America,Medium,150000
Other,Senior-level,On-site,North America,Medium,351000
Other,Senior-level,On-site,North America,Medium,171000
Other,Senior-level,On-site,North America,Medium,272000
Other,Senior-level,On-site,North America,Medium,170000
Data Scientist,Senior-level,On-site,North America,Medium,176000
Data Scientist,Senior-level,On-site,North America,Medium,158000
Data Analyst,Senior-level,Remote,North America,Medium,135000
Data Analyst,Senior-level,Remote,North America,Medium,125000
Data Science,Mid-level,On-site,North America,Medium,110000
Data Science,Mid-level,On-site,North America,Medium,80000
ML Engineer,Senior-level,Remote,North America,Medium,270000
ML Engineer,Senior-level,Remote,North America,Medium,232200
Data Scientist,Mid-level,Remote,North America,Medium,107000
ML Engineer,Senior-level,On-site,North America,Medium,230000
ML Engineer,Senior-level,On-site,North America,Medium,140000
Data Engineer,Senior-level,Remote,North America,Medium,300000
Data Engineer,Senior-level,Remote,North America,Medium,195000
Machine Learning Engineer,Senior-level,On-site,North America,Medium,204500
Machine Learning Engineer,Senior-level,On-site,North America,Medium,142200
Data Analyst,Mid-level,On-site,North America,Medium,107500
Data Analyst,Mid-level,On-site,North America,Medium,96750
Business Intelligence Analyst,Mid-level,Remote,North America,Medium,153800
Business Intelligence Analyst,Mid-level,Remote,North America,Medium,96000
Data Scientist,Senior-level,On-site,North America,Medium,204500
Data Scientist,Senior-level,On-site,North America,Medium,142200
Data Engineer,Senior-level,Remote,North America,Medium,190100
Data Engineer,Senior-level,Remote,North America,Medium,131414
Research Scientist,Senior-level,Remote,North America,Medium,195500
Research Scientist,Senior-level,Remote,North America,Medium,141300
Research Scientist,Senior-level,Remote,North America,Medium,165500
Research Scientist,Senior-level,Remote,North America,Medium,119600
Research Scientist,Senior-level,Remote,North America,Medium,235000
Research Scientist,Senior-level,Remote,North America,Medium,169900
Data Science,Mid-level,Remote,North America,Medium,235000
Data Science,Mid-level,Remote,North America,Medium,169900
Machine Learning Scientist,Senior-level,On-site,North America,Medium,200000
Machine Learning Scientist,Senior-level,On-site,North America,Medium,135000
Data Analyst,Senior-level,Remote,North America,Medium,210000
Data Analyst,Senior-level,Remote,North America,Medium,151800
Analytics Engineer,Senior-level,Remote,North America,Medium,215500
Analytics Engineer,Senior-level,Remote,North America,Medium,155800
Data Scientist,Senior-level,On-site,North America,Medium,305600
Data Scientist,Senior-level,On-site,North America,Medium,188200
Data Engineer,Senior-level,On-site,North America,Medium,180500
Data Engineer,Senior-level,On-site,North America,Medium,96200
Data Analyst,Entry-level,On-site,North America,Medium,75000
Data Analyst,Entry-level,On-site,North America,Medium,47500
Data Scientist,Senior-level,On-site,North America,Medium,201700
Data Scientist,Senior-level,On-site,North America,Medium,146600
Data Engineer,Mid-level,On-site,North America,Medium,133000
Data Engineer,Mid-level,On-site,North America,Medium,58400
Data Manager,Senior-level,Remote,North America,Medium,144300
Data Manager,Senior-level,Remote,North America,Medium,104800
Other,Senior-level,On-site,North America,Medium,115920
Other,Senior-level,On-site,North America,Medium,84000
Data Analyst,Senior-level,On-site,North America,Medium,146850
Data Analyst,Senior-level,On-site,North America,Medium,106800
Data Analyst,Mid-level,On-site,North America,Medium,133000
Data Analyst,Mid-level,On-site,North America,Medium,58300
Data Science,Senior-level,On-site,North America,Medium,137300
Data Science,Senior-level,On-site,North America,Medium,59200
Data Engineer,Mid-level,On-site,North America,Medium,165000
Data Engineer,Mid-level,On-site,North America,Medium,147500
Data Scientist,Senior-level,On-site,North America,Medium,130410
Data Scientist,Senior-level,On-site,North America,Medium,92000
Machine Learning Engineer,Senior-level,Remote,North America,Medium,156150
Machine Learning Engineer,Senior-level,Remote,North America,Medium,113400
Data Scientist,Senior-level,Remote,North America,Medium,226000
Data Scientist,Senior-level,Remote,North America,Medium,211000
Data Scientist,Senior-level,On-site,North America,Medium,197500
Data Scientist,Senior-level,On-site,North America,Medium,132500
Data Analyst,Mid-level,On-site,North America,Medium,109000
Data Analyst,Mid-level,On-site,North America,Medium,62000
Data Engineer,Senior-level,On-site,North America,Medium,110000
Data Engineer,Senior-level,On-site,North America,Medium,70000
Machine Learning Engineer,Senior-level,On-site,North America,Medium,238000
Machine Learning Engineer,Senior-level,On-site,North America,Medium,176000
Data Engineer,Senior-level,Remote,North America,Medium,151250
Data Engineer,Senior-level,Remote,North America,Medium,96800
Data Specialist,Mid-level,On-site,North America,Medium,109000
Data Specialist,Mid-level,On-site,North America,Medium,62000
Data Scientist,Mid-level,On-site,North America,Medium,162000
Data Scientist,Mid-level,On-site,North America,Medium,108000
Business Intelligence Analyst,Mid-level,Remote,North America,Medium,189000
Business Intelligence Analyst,Mid-level,Remote,North America,Medium,118100
Machine Learning Engineer,Entry-level,Remote,North America,Medium,126000
Machine Learning Engineer,Entry-level,Remote,North America,Medium,93000
Data Science,Senior-level,Remote,North America,Medium,160000
Data Science,Senior-level,Remote,North America,Medium,150000
Other,Executive-level,On-site,North America,Medium,237500
Other,Executive-level,On-site,North America,Medium,157500
Data Science,Senior-level,On-site,North America,Medium,145000
Data Science,Senior-level,On-site,North America,Medium,115000
Data Analyst,Senior-level,On-site,North America,Medium,89000
Data Analyst,Senior-level,On-site,North America,Medium,76000
Data Architect,Senior-level,On-site,North America,Medium,263100
Data Architect,Senior-level,On-site,North America,Medium,126300
Machine Learning Engineer,Senior-level,On-site,North America,Medium,319000
Data Engineer,Senior-level,On-site,North America,Medium,200000
Data Analyst,Senior-level,On-site,North America,Medium,116700
Data Analyst,Senior-level,On-site,North America,Medium,93400
Other,Senior-level,Remote,North America,Medium,247000
Other,Senior-level,Remote,North America,Medium,152000
Data Scientist,Senior-level,On-site,North America,Medium,268000
Data Scientist,Senior-level,On-site,North America,Medium,137500
Research Engineer,Senior-level,On-site,North America,Medium,150000
Research Engineer,Senior-level,On-site,North America,Medium,80000
Data Engineer,Senior-level,On-site,North America,Medium,187100
Data Engineer,Senior-level,On-site,North America,Medium,107600
Data Scientist,Senior-level,On-site,North America,Medium,93300
Data Architect,Senior-level,On-site,North America,Medium,184000
Data Architect,Senior-level,On-site,North America,Medium,96000
Analytics Engineer,Mid-level,On-site,North America,Medium,204000
Analytics Engineer,Mid-level,On-site,North America,Medium,112500
Other,Senior-level,On-site,North America,Medium,220000
Other,Senior-level,On-site,North America,Medium,137500
Machine Learning Engineer,Mid-level,On-site,North America,Medium,204500
Machine Learning Engineer,Mid-level,On-site,North America,Medium,142200
Data Scientist,Senior-level,Remote,North America,Medium,140000
Research Engineer,Mid-level,On-site,North America,Medium,150000
Research Engineer,Mid-level,On-site,North America,Medium,80000
Data Analyst,Senior-level,On-site,North America,Medium,116000
Data Analyst,Senior-level,On-site,North America,Medium,110000
Data Analyst,Entry-level,On-site,North America,Medium,132000
Data Analyst,Entry-level,On-site,North America,Medium,104000
Machine Learning Engineer,Senior-level,Remote,North America,Medium,175000
Other,Senior-level,Remote,North America,Medium,198000
Other,Senior-level,Remote,North America,Medium,151000
Data Scientist,Entry-level,On-site,North America,Medium,150000
Data Scientist,Mid-level,On-site,North America,Medium,204500
Data Scientist,Mid-level,On-site,North America,Medium,142200
Data Engineer,Senior-level,On-site,North America,Medium,185000
Data Engineer,Senior-level,On-site,North America,Medium,130000
Data Scientist,Senior-level,On-site,North America,Medium,250000
Data Scientist,Senior-level,On-site,North America,Medium,81500
Data Analyst,Senior-level,Remote,North America,Medium,120500
Data Science,Executive-level,On-site,North America,Medium,218000
Data Science,Executive-level,On-site,North America,Medium,168000
Data Scientist,Mid-level,Remote,North America,Medium,119200
Data Scientist,Mid-level,Remote,North America,Medium,86600
Machine Learning Engineer,Senior-level,On-site,North America,Medium,184800
Machine Learning Engineer,Senior-level,On-site,North America,Medium,161900
Data Engineer,Mid-level,On-site,North America,Medium,128600
Data Engineer,Mid-level,On-site,North America,Medium,100000
Machine Learning Engineer,Entry-level,On-site,North America,Medium,162240
Machine Learning Engineer,Entry-level,On-site,North America,Medium,47840
Data Scientist,Senior-level,On-site,North America,Medium,205500
Data Scientist,Senior-level,On-site,North America,Medium,128500
Data Architect,Senior-level,On-site,North America,Medium,164000
Data Architect,Senior-level,On-site,North America,Medium,117000
AI Engineer,Senior-level,On-site,North America,Medium,142352
AI Engineer,Senior-level,On-site,North America,Medium,95325
Machine Learning Engineer,Mid-level,On-site,North America,Medium,247500
Machine Learning Engineer,Mid-level,On-site,North America,Medium,172200
Data Analyst,Mid-level,Remote,North America,Medium,134000
Data Analyst,Mid-level,Remote,North America,Medium,90000
Data Engineer,Senior-level,On-site,North America,Medium,204000
Data Engineer,Senior-level,On-site,North America,Medium,163200
Data Architect,Senior-level,Remote,North America,Medium,168000
Data Architect,Senior-level,Remote,North America,Medium,143000
Data Scientist,Senior-level,On-site,North America,Medium,142352
Data Scientist,Senior-level,On-site,North America,Medium,95325
Data Analyst,Senior-level,Remote,North America,Medium,105000
Data Analyst,Senior-level,Remote,North America,Medium,100000
Other,Senior-level,On-site,North America,Medium,150000
Other,Senior-level,On-site,North America,Medium,125000
Research Analyst,Entry-level,On-site,North America,Large,131000
Research Analyst,Entry-level,On-site,North America,Large,54400
Other,Entry-level,On-site,North America,Medium,120000
Other,Entry-level,On-site,North America,Medium,50000
Data Engineer,Senior-level,On-site,North America,Medium,170000
Data Engineer,Senior-level,On-site,North America,Medium,120000
Data Scientist,Senior-level,On-site,North America,Medium,359170
Data Scientist,Senior-level,On-site,North America,Medium,295490
Data Analyst,Entry-level,Remote,North America,Medium,102000
Data Analyst,Entry-level,Remote,North America,Medium,92000
Business Intelligence Analyst,Entry-level,On-site,North America,Medium,132567
Business Intelligence Analyst,Entry-level,On-site,North America,Medium,96412
Data Engineer,Senior-level,On-site,North America,Medium,230000
Data Scientist,Senior-level,Remote,North America,Medium,172800
Data Scientist,Senior-level,Remote,North America,Medium,110000
Research Scientist,Senior-level,On-site,North America,Medium,135842
Research Scientist,Senior-level,On-site,North America,Medium,98794
Machine Learning Engineer,Senior-level,On-site,North America,Medium,267720
Research Engineer,Senior-level,On-site,North America,Medium,266450
Research Engineer,Senior-level,On-site,North America,Medium,177700
Research Engineer,Entry-level,On-site,North America,Medium,350000
Research Engineer,Entry-level,On-site,North America,Medium,250000
ML Engineer,Mid-level,On-site,North America,Medium,155000
ML Engineer,Mid-level,On-site,North America,Medium,125000
AI Engineer,Mid-level,On-site,North America,Medium,171000
AI Engineer,Mid-level,On-site,North America,Medium,151000
Other,Mid-level,Remote,North America,Medium,100000
Other,Mid-level,Remote,North America,Medium,80000
Data Engineer,Senior-level,Remote,North America,Medium,174990
Data Engineer,Senior-level,Remote,North America,Medium,132624
Other,Mid-level,On-site,North America,Medium,166000
Other,Mid-level,On-site,North America,Medium,73100
Machine Learning Engineer,Senior-level,On-site,North America,Medium,212000
Machine Learning Engineer,Senior-level,On-site,North America,Medium,93300
Data Architect,Senior-level,On-site,North America,Medium,210100
Data Architect,Senior-level,On-site,North America,Medium,95500
Data Engineer,Senior-level,On-site,North America,Medium,184600
Data Engineer,Senior-level,On-site,North America,Medium,99400
Business Intelligence Engineer,Senior-level,On-site,North America,Medium,205000
Business Intelligence Engineer,Senior-level,On-site,North America,Medium,155400
Data Scientist,Mid-level,On-site,North America,Medium,169000
Data Scientist,Mid-level,On-site,North America,Medium,105500
Data Scientist,Senior-level,Remote,North America,Medium,234000
Data Scientist,Senior-level,Remote,North America,Medium,146000
Research Engineer,Mid-level,On-site,North America,Medium,128167
Research Engineer,Mid-level,On-site,North America,Medium,85445
Other,Mid-level,On-site,North America,Medium,172300
Other,Mid-level,On-site,North America,Medium,86100
Data Engineer,Mid-level,Remote,North America,Medium,138000
Data Engineer,Mid-level,Remote,North America,Medium,86000
Research Analyst,Entry-level,On-site,North America,Medium,179000
Research Analyst,Entry-level,On-site,North America,Medium,112000
Analytics Engineer,Senior-level,Remote,North America,Medium,150000
Data Scientist,Senior-level,Remote,North America,Medium,179000
Data Scientist,Senior-level,Remote,North America,Medium,112000
Data Analyst,Senior-level,On-site,North America,Medium,122000
Data Analyst,Senior-level,On-site,North America,Medium,94000
Data Science Consultant,Senior-level,On-site,North America,Medium,122000
Data Science Consultant,Senior-level,On-site,North America,Medium,94000
Business Intelligence Engineer,Senior-level,On-site,North America,Medium,225000
Business Intelligence Engineer,Senior-level,On-site,North America,Medium,180000
Data Engineer,Senior-level,Remote,North America,Medium,122445
ML Engineer,Senior-level,On-site,North America,Medium,275000
ML Engineer,Senior-level,On-site,North America,Medium,187000
Research Scientist,Mid-level,On-site,North America,Large,212800
Research Scientist,Mid-level,On-site,North America,Large,124100
Data Scientist,Entry-level,On-site,North America,Medium,130000
Data Scientist,Entry-level,On-site,North America,Medium,80000
Data Scientist,Senior-level,Remote,North America,Medium,160000
Machine Learning Engineer,Senior-level,On-site,North America,Medium,240810
Machine Learning Engineer,Senior-level,On-site,North America,Medium,126800
Other,Senior-level,Remote,North America,Medium,145000
Other,Senior-level,Remote,North America,Medium,135000
Data Architect,Senior-level,Remote,North America,Medium,222000
Data Architect,Senior-level,Remote,North America,Medium,132000
Applied Scientist,Senior-level,Remote,North America,Medium,250000
Applied Scientist,Senior-level,Remote,North America,Medium,170000
Other,Senior-level,On-site,North America,Medium,250000
Other,Senior-level,On-site,North America,Medium,150000
Data Architect,Senior-level,On-site,North America,Medium,222000
Data Architect,Senior-level,On-site,North America,Medium,132000
Other,Senior-level,Hybrid,North America,Large,94000
Data Science,Senior-level,On-site,North America,Medium,110000
Data Science,Senior-level,On-site,North America,Medium,70000
Data Science,Senior-level,On-site,North America,Medium,245000
Data Science,Senior-level,On-site,North America,Medium,185000
Data Science,Senior-level,On-site,North America,Medium,207900
Data Science,Senior-level,On-site,North America,Medium,158400
Data Science,Senior-level,Remote,North America,Medium,135800
Data Science,Senior-level,Remote,North America,Medium,95100
Data Engineer,Senior-level,Remote,North America,Medium,190000
Data Engineer,Senior-level,Remote,North America,Medium,160000
Data Architect,Senior-level,On-site,North America,Medium,180000
Data Architect,Senior-level,On-site,North America,Medium,166375
Applied Scientist,Senior-level,On-site,North America,Large,212800
Applied Scientist,Senior-level,On-site,North America,Large,115100
Data Specialist,Mid-level,On-site,North America,Medium,60000
Data Specialist,Mid-level,On-site,North America,Medium,48000
Research Scientist,Senior-level,On-site,North America,Medium,205500
Research Scientist,Senior-level,On-site,North America,Medium,132500
Data Science,Mid-level,On-site,North America,Large,223600
Data Science,Mid-level,On-site,North America,Large,115000
Research Scientist,Mid-level,On-site,North America,Medium,165000
Research Scientist,Mid-level,On-site,North America,Medium,150000
Research Analyst,Entry-level,Remote,North America,Medium,62000
Research Analyst,Entry-level,Remote,North America,Medium,49000
Other,Senior-level,On-site,North America,Medium,160000
Other,Senior-level,On-site,North America,Medium,140000
Data Analyst,Entry-level,Remote,North America,Medium,106100
Data Analyst,Entry-level,Remote,North America,Medium,74300
Data Scientist,Senior-level,On-site,North America,Medium,185000
Data Manager,Mid-level,On-site,North America,Medium,132300
Data Manager,Mid-level,On-site,North America,Medium,93000
Data Architect,Senior-level,Remote,North America,Medium,234000
Data Architect,Senior-level,Remote,North America,Medium,146000
Data Manager,Senior-level,On-site,North America,Medium,96600
Data Manager,Senior-level,On-site,North America,Medium,55200
Data Analyst,Entry-level,On-site,North America,Medium,83300
Other,Entry-level,On-site,North America,Medium,99300
Other,Entry-level,On-site,North America,Medium,82800
Data Architect,Senior-level,On-site,North America,Medium,145000
Data Architect,Senior-level,On-site,North America,Medium,110841
Data Analyst,Mid-level,On-site,North America,Medium,101000
Data Analyst,Mid-level,On-site,North America,Medium,50000
Data Engineer,Senior-level,Remote,North America,Medium,182500
Data Engineer,Senior-level,Remote,North America,Medium,121700
Data Analyst,Senior-level,Remote,North America,Medium,134500
Data Analyst,Senior-level,Remote,North America,Medium,91460
Data Scientist,Senior-level,On-site,North America,Medium,150000
Research Analyst,Entry-level,On-site,North America,Medium,75753
Research Analyst,Entry-level,On-site,North America,Medium,47423
Data Engineer,Senior-level,On-site,North America,Medium,124935
Data Engineer,Senior-level,On-site,North America,Medium,76050
Data Engineer,Senior-level,On-site,North America,Medium,286000
Data Engineer,Senior-level,On-site,North America,Medium,143000
Data Engineer,Mid-level,Remote,North America,Medium,106400
Data Engineer,Mid-level,Remote,North America,Medium,70000
Data Engineer,Senior-level,On-site,North America,Medium,243600
Data Engineer,Senior-level,On-site,North America,Medium,148200
Data Analyst,Entry-level,Remote,North America,Medium,131600
Data Analyst,Entry-level,Remote,North America,Medium,82400
Data Analyst,Entry-level,Remote,North America,Medium,155750
Data Analyst,Entry-level,Remote,North America,Medium,79350
Data Engineer,Senior-level,On-site,North America,Medium,234000
Data Engineer,Senior-level,On-site,North America,Medium,117000
AI Engineer,Senior-level,On-site,North America,Medium,242000
AI Engineer,Senior-level,On-site,North America,Medium,106200
Data Analyst,Senior-level,Remote,North America,Medium,123900
Data Analyst,Senior-level,Remote,North America,Medium,75000
Data Engineer,Mid-level,On-site,North America,Medium,136500
Data Engineer,Mid-level,On-site,North America,Medium,123500
Data Engineer,Senior-level,Remote,North America,Medium,227500
Data Engineer,Senior-level,Remote,North America,Medium,145600
Data Scientist,Entry-level,On-site,North America,Medium,149800
Data Scientist,Entry-level,On-site,North America,Medium,70800
Data Engineer,Mid-level,Remote,North America,Medium,132000
Data Engineer,Mid-level,Remote,North America,Medium,111000
Data Engineer,Mid-level,Remote,North America,Medium,180000
Data Analyst,Senior-level,On-site,North America,Medium,150000
Analytics Engineer,Senior-level,On-site,North America,Medium,115000
Analytics Engineer,Senior-level,On-site,North America,Medium,95000
Research Scientist,Mid-level,On-site,North America,Medium,238000
Research Scientist,Mid-level,On-site,North America,Medium,144500
Machine Learning Engineer,Senior-level,On-site,North America,Medium,145000
Machine Learning Engineer,Senior-level,On-site,North America,Medium,98500
Data Scientist,Mid-level,Remote,North America,Medium,209300
Data Scientist,Mid-level,Remote,North America,Medium,123800
Machine Learning Engineer,Entry-level,On-site,North America,Medium,130400
Machine Learning Engineer,Entry-level,On-site,North America,Medium,70800
Data Engineer,Mid-level,On-site,North America,Medium,160000
Data Engineer,Mid-level,On-site,North America,Medium,75000
Machine Learning Engineer,Senior-level,On-site,North America,Medium,200000
Data Scientist,Senior-level,On-site,North America,Medium,254900
Data Scientist,Senior-level,On-site,North America,Medium,203920
Data Scientist,Senior-level,On-site,North America,Medium,191200
Data Scientist,Senior-level,On-site,North America,Medium,170186
Data Analyst,Senior-level,Remote,North America,Medium,150000
Other,Executive-level,On-site,North America,Medium,200000
Other,Executive-level,On-site,North America,Medium,150000
Other,Senior-level,On-site,North America,Medium,247300
Other,Senior-level,On-site,North America,Medium,139700
Other,Senior-level,Hybrid,North America,Large,90000
Data Architect,Senior-level,On-site,North America,Medium,198000
Data Architect,Senior-level,On-site,North America,Medium,94000
Applied Scientist,Senior-level,On-site,North America,Medium,219100
Applied Scientist,Senior-level,On-site,North America,Medium,118500
Data Engineer,Senior-level,Remote,North America,Medium,128000
Data Engineer,Entry-level,Remote,North America,Medium,60000
Data Engineer,Entry-level,Remote,North America,Medium,48000
Data Engineer,Executive-level,On-site,North America,Medium,234000
Data Engineer,Executive-level,On-site,North America,Medium,146000
Data Analyst,Mid-level,On-site,North America,Medium,130100
Other,Mid-level,On-site,North America,Medium,166500
Other,Mid-level,On-site,North America,Medium,104000
AI Engineer,Mid-level,On-site,North America,Medium,166000
AI Engineer,Mid-level,On-site,North America,Medium,73100
Research Engineer,Entry-level,On-site,North America,Medium,98000
Research Engineer,Entry-level,On-site,North America,Medium,73000
Analytics Engineer,Senior-level,On-site,North America,Medium,183540
Analytics Engineer,Senior-level,On-site,North America,Medium,132000
Research Scientist,Mid-level,On-site,North America,Medium,240000
Research Scientist,Mid-level,On-site,North America,Medium,133000
Data Scientist,Senior-level,On-site,North America,Medium,273500
Data Scientist,Senior-level,On-site,North America,Medium,182500
Research Engineer,Senior-level,On-site,North America,Medium,176000
Research Scientist,Mid-level,On-site,North America,Medium,130000
Data Engineer,Senior-level,Remote,North America,Medium,130000
Research Scientist,Entry-level,On-site,North America,Medium,162240
Research Scientist,Entry-level,On-site,North America,Medium,47840
Data Scientist,Mid-level,On-site,North America,Medium,296980
Data Scientist,Mid-level,On-site,North America,Medium,123740
ML Engineer,Senior-level,On-site,North America,Medium,247250
ML Engineer,Senior-level,On-site,North America,Medium,160000
Data Architect,Senior-level,Remote,North America,Medium,200000
Data Architect,Senior-level,Remote,North America,Medium,115000
Machine Learning Engineer,Senior-level,On-site,North America,Medium,370000
Business Intelligence Engineer,Mid-level,On-site,North America,Large,185000
Business Intelligence Engineer,Mid-level,On-site,North America,Large,79600
Data Science Consultant,Senior-level,On-site,North America,Medium,125000
Data Scientist,Senior-level,On-site,North America,Medium,175000
Data Scientist,Senior-level,Remote,North America,Medium,235000
Data Scientist,Senior-level,Remote,North America,Medium,175000
Machine Learning Engineer,Senior-level,Remote,North America,Medium,185000
Machine Learning Engineer,Senior-level,Remote,North America,Medium,128000
Data Engineer,Executive-level,Remote,North America,Medium,350000
Data Engineer,Executive-level,Remote,North America,Medium,268000
Data Architect,Senior-level,Remote,North America,Medium,180000
Business Intelligence Analyst,Entry-level,On-site,North America,Medium,100000
Business Intelligence Analyst,Entry-level,On-site,North America,Medium,80000
Data Analyst,Senior-level,On-site,North America,Medium,234485
Data Analyst,Senior-level,On-site,North America,Medium,112655
Data Engineer,Senior-level,On-site,North America,Medium,146000
Data Scientist,Mid-level,On-site,North America,Medium,199700
Data Scientist,Mid-level,On-site,North America,Medium,70800
Data Engineer,Senior-level,On-site,North America,Medium,158000
Data Engineer,Senior-level,On-site,North America,Medium,90300
Machine Learning Engineer,Senior-level,On-site,North America,Medium,266500
Machine Learning Engineer,Senior-level,On-site,North America,Medium,152000
Research Analyst,Entry-level,Remote,North America,Medium,70000
Research Analyst,Entry-level,Remote,North America,Medium,60000
Data Scientist,Senior-level,Remote,North America,Medium,187200
Data Scientist,Senior-level,Remote,North America,Medium,140400
Business Intelligence Engineer,Senior-level,On-site,North America,Medium,156400
Data Architect,Senior-level,On-site,North America,Medium,190900
Data Architect,Senior-level,On-site,North America,Medium,109100
Data Engineer,Senior-level,On-site,North America,Medium,98500
Research Scientist,Entry-level,On-site,North America,Large,195200
Research Scientist,Entry-level,On-site,North America,Large,100400
Data Analyst,Mid-level,Remote,North America,Medium,125000
Data Analyst,Mid-level,Remote,North America,Medium,100000
Data Engineer,Mid-level,On-site,North America,Medium,181700
Data Engineer,Mid-level,On-site,North America,Medium,64300
Data Scientist,Senior-level,On-site,North America,Medium,185900
Data Scientist,Senior-level,On-site,North America,Medium,129300
Data Analyst,Entry-level,Remote,North America,Medium,85000
Data Science Manager,Senior-level,Remote,North America,Medium,52100
Other,Senior-level,On-site,North America,Medium,219000
Other,Senior-level,On-site,North America,Medium,152000
Machine Learning Engineer,Senior-level,Remote,North America,Medium,204500
Machine Learning Engineer,Senior-level,Remote,North America,Medium,142200
Other,Mid-level,On-site,North America,Medium,158000
Other,Mid-level,On-site,North America,Medium,90300
Data Engineer,Senior-level,Remote,North America,Medium,170000
Data Engineer,Senior-level,Remote,North America,Medium,175000
Applied Scientist,Mid-level,On-site,North America,Large,260000
Data Engineer,Senior-level,On-site,North America,Medium,152375
Data Engineer,Senior-level,On-site,North America,Medium,94000
Data Analyst,Senior-level,On-site,North America,Medium,82000
Data Analyst,Senior-level,On-site,North America,Medium,77000
Data Engineer,Senior-level,Remote,North America,Medium,196000
Data Scientist,Senior-level,On-site,North America,Medium,264846
Data Scientist,Senior-level,On-site,North America,Medium,143060
Data Analyst,Entry-level,On-site,North America,Medium,203000
Data Analyst,Entry-level,On-site,North America,Medium,89030
Data Analyst,Entry-level,On-site,North America,Medium,160800
Data Analyst,Entry-level,On-site,North America,Medium,92700
Data Analyst,Senior-level,On-site,North America,Medium,62000
Data Analyst,Senior-level,On-site,North America,Medium,51000
Data Analyst,Entry-level,On-site,North America,Medium,137500
Data Analyst,Entry-level,On-site,North America,Medium,50000
Research Scientist,Senior-level,On-site,North America,Medium,240000
Research Scientist,Senior-level,On-site,North America,Medium,200000
Machine Learning Engineer,Senior-level,On-site,North America,Medium,240000
Data Engineer,Executive-level,On-site,North America,Medium,465000
Data Engineer,Executive-level,On-site,North America,Medium,385000
Data Engineer,Mid-level,On-site,North America,Medium,240000
Business Intelligence Engineer,Senior-level,Remote,North America,Medium,116300
Business Intelligence Engineer,Senior-level,Remote,North America,Medium,84600
AI Engineer,Senior-level,On-site,North America,Medium,129700
AI Engineer,Senior-level,On-site,North America,Medium,86500
Machine Learning Engineer,Senior-level,On-site,North America,Medium,225300
Machine Learning Engineer,Senior-level,On-site,North America,Medium,197400
Data Engineer,Senior-level,On-site,North America,Medium,266000
Data Engineer,Senior-level,On-site,North America,Medium,152000
Data Science Manager,Senior-level,On-site,North America,Medium,224000
Data Science Manager,Senior-level,On-site,North America,Medium,165000
Machine Learning Engineer,Senior-level,On-site,North America,Medium,255000
Machine Learning Engineer,Senior-level,On-site,North America,Medium,169000
Data Engineer,Mid-level,On-site,North America,Medium,169000
Data Engineer,Mid-level,On-site,North America,Medium,91000
Data Scientist,Senior-level,On-site,North America,Medium,136500
Machine Learning Engineer,Senior-level,On-site,North America,Medium,248100
Machine Learning Engineer,Senior-level,On-site,North America,Medium,145900
Data Analyst,Senior-level,On-site,North America,Medium,185100
Data Analyst,Senior-level,On-site,North America,Medium,133300
Data Scientist,Senior-level,On-site,North America,Medium,220000
Data Scientist,Senior-level,Remote,North America,Medium,100000
Other,Mid-level,On-site,North America,Medium,224400
Other,Mid-level,On-site,North America,Medium,138700
Data Engineer,Executive-level,Remote,North America,Medium,210000
Data Engineer,Executive-level,Remote,North America,Medium,168000
Machine Learning Engineer,Senior-level,On-site,North America,Medium,224400
Machine Learning Engineer,Senior-level,On-site,North America,Medium,138700
Data Scientist,Senior-level,On-site,North America,Medium,300000
Data Scientist,Senior-level,On-site,North America,Medium,234000
Analytics Engineer,Mid-level,On-site,North America,Medium,140000
Analytics Engineer,Mid-level,On-site,North America,Medium,120000
Data Analyst,Mid-level,On-site,North America,Medium,155000
Data Analyst,Mid-level,On-site,North America,Medium,110000
Machine Learning Engineer,Senior-level,On-site,North America,Medium,273400
Machine Learning Engineer,Senior-level,On-site,North America,Medium,182200
Other,Senior-level,On-site,North America,Medium,167500
Other,Senior-level,On-site,North America,Medium,106500
Data Engineer,Senior-level,On-site,North America,Medium,185900
Data Engineer,Senior-level,On-site,North America,Medium,129300
Data Engineer,Senior-level,On-site,North America,Medium,122000
Data Engineer,Senior-level,On-site,North America,Medium,94500
Data Analyst,Senior-level,On-site,North America,Medium,176000
Data Scientist,Senior-level,Remote,North America,Medium,223400
Data Scientist,Senior-level,Remote,North America,Medium,186200
Data Engineer,Senior-level,On-site,North America,Medium,167500
Data Engineer,Senior-level,On-site,North America,Medium,106500
Research Analyst,Entry-level,Remote,North America,Medium,72000
Research Analyst,Entry-level,Remote,North America,Medium,64000
Analytics Engineer,Senior-level,On-site,North America,Medium,179820
Analytics Engineer,Senior-level,On-site,North America,Medium,143860
Research Scientist,Senior-level,On-site,North America,Medium,283050
Research Scientist,Senior-level,On-site,North America,Medium,188700
Research Engineer,Senior-level,On-site,North America,Medium,141298
Research Engineer,Senior-level,On-site,North America,Medium,115607
Research Scientist,Senior-level,On-site,North America,Medium,287500
Research Scientist,Senior-level,On-site,North America,Medium,156000
Data Analyst,Mid-level,Remote,North America,Medium,70000
Data Engineer,Senior-level,On-site,North America,Medium,199000
Data Engineer,Senior-level,On-site,North America,Medium,162000
Data Engineer,Mid-level,Remote,North America,Medium,170884
Data Engineer,Mid-level,Remote,North America,Medium,113923
Data Scientist,Senior-level,On-site,North America,Medium,235750
Data Scientist,Senior-level,On-site,North America,Medium,174250
Research Scientist,Mid-level,Remote,North America,Medium,165000
Research Scientist,Mid-level,Remote,North America,Medium,118800
Data Engineer,Senior-level,Remote,North America,Medium,225000
Machine Learning Engineer,Mid-level,On-site,North America,Medium,213900
Machine Learning Engineer,Mid-level,On-site,North America,Medium,116800
Data Scientist,Senior-level,Remote,North America,Medium,150000
Data Scientist,Mid-level,On-site,North America,Medium,150000
Data Scientist,Mid-level,On-site,North America,Medium,100000
Data Engineer,Mid-level,On-site,North America,Medium,155000
Data Engineer,Mid-level,On-site,North America,Medium,120000
Data Engineer,Senior-level,On-site,North America,Medium,226700
Data Engineer,Senior-level,On-site,North America,Medium,133300
Data Scientist,Senior-level,On-site,North America,Medium,117000
Other,Senior-level,Remote,North America,Medium,160000
Other,Senior-level,Remote,North America,Medium,140000
Data Scientist,Senior-level,Remote,North America,Medium,185900
Data Scientist,Senior-level,Remote,North America,Medium,129300
Data Engineer,Mid-level,On-site,North America,Medium,104000
Data Engineer,Senior-level,Remote,North America,Medium,143000
Data Engineer,Senior-level,Remote,North America,Medium,116000
Research Scientist,Mid-level,On-site,North America,Medium,220000
Research Scientist,Mid-level,On-site,North America,Medium,180000
Data Engineer,Senior-level,On-site,North America,Medium,215000
Data Scientist,Mid-level,On-site,North America,Medium,253000
Data Scientist,Mid-level,On-site,North America,Medium,131000
Data Scientist,Senior-level,On-site,North America,Medium,147000
Other,Mid-level,On-site,North America,Medium,186000
Other,Mid-level,On-site,North America,Medium,161000
Machine Learning Engineer,Senior-level,On-site,North America,Medium,205000
Data Analyst,Senior-level,Remote,North America,Medium,137000
Data Analyst,Senior-level,Remote,North America,Medium,110000
Data Scientist,Senior-level,Remote,North America,Medium,172000
Data Engineer,Mid-level,On-site,North America,Medium,148000
Data Engineer,Mid-level,On-site,North America,Medium,99000
Data Analyst,Entry-level,On-site,North America,Medium,105000
Data Engineer,Senior-level,On-site,North America,Medium,99000
Data Engineer,Senior-level,On-site,North America,Medium,52500
Machine Learning Scientist,Senior-level,Remote,North America,Medium,180514
Machine Learning Scientist,Senior-level,Remote,North America,Medium,108308
Machine Learning Engineer,Senior-level,On-site,North America,Medium,147000
Data Engineer,Senior-level,On-site,North America,Medium,290300
Data Engineer,Senior-level,On-site,North America,Medium,196685
AI Engineer,Senior-level,On-site,North America,Medium,220000
AI Engineer,Senior-level,On-site,North America,Medium,176000
Machine Learning Engineer,Mid-level,On-site,North America,Medium,175000
Machine Learning Engineer,Mid-level,On-site,North America,Medium,130000
Data Architect,Senior-level,On-site,North America,Medium,185000
Data Architect,Senior-level,On-site,North America,Medium,150000
Other,Entry-level,On-site,North America,Medium,133000
Other,Entry-level,On-site,North America,Medium,58300
Data Engineer,Senior-level,On-site,North America,Medium,230300
Data Scientist,Senior-level,On-site,North America,Medium,224800
Data Scientist,Senior-level,On-site,North America,Medium,131100
Data Scientist,Senior-level,On-site,North America,Medium,258000
Data Scientist,Senior-level,On-site,North America,Medium,171000
Data Engineer,Senior-level,On-site,North America,Medium,196000
Data Engineer,Senior-level,On-site,North America,Medium,121000
Data Engineer,Senior-level,On-site,North America,Medium,195800
Data Engineer,Senior-level,On-site,North America,Medium,171500
Other,Mid-level,On-site,North America,Medium,166000
Other,Mid-level,On-site,North America,Medium,73100
Data Scientist,Mid-level,On-site,North America,Medium,160000
Data Scientist,Entry-level,On-site,North America,Medium,85000
Data Scientist,Entry-level,On-site,North America,Medium,65000
Machine Learning Engineer,Mid-level,On-site,North America,Medium,220000
Data Scientist,Senior-level,On-site,North America,Medium,152000
Research Engineer,Mid-level,On-site,North America,Medium,220000
Data Scientist,Senior-level,On-site,North America,Medium,150200
Data Scientist,Senior-level,On-site,North America,Medium,71000
Data Engineer,Senior-level,On-site,North America,Medium,167200
Data Engineer,Senior-level,On-site,North America,Medium,133000
Data Engineer,Senior-level,On-site,North America,Medium,58400
Data Scientist,Mid-level,On-site,North America,Medium,135000
Data Analyst,Senior-level,Remote,North America,Medium,165000
Analytics Engineer,Mid-level,Remote,North America,Medium,150000
Data Analyst,Mid-level,On-site,North America,Medium,167000
Data Analyst,Mid-level,On-site,North America,Medium,121000
Data Scientist,Senior-level,On-site,North America,Medium,190200
Data Scientist,Senior-level,On-site,North America,Medium,95100
Data Analyst,Entry-level,On-site,North America,Medium,133000
Data Analyst,Entry-level,On-site,North America,Medium,58400
Data Engineer,Senior-level,On-site,North America,Medium,135000
Data Engineer,Senior-level,On-site,North America,Medium,100000
Machine Learning Engineer,Senior-level,On-site,North America,Medium,294000
Machine Learning Engineer,Senior-level,On-site,North America,Medium,192000
Machine Learning Engineer,Senior-level,On-site,North America,Medium,266000
Machine Learning Engineer,Senior-level,On-site,North America,Medium,167000
Machine Learning Engineer,Senior-level,Remote,North America,Medium,200000
Data Analyst,Entry-level,Remote,North America,Medium,163800
Data Analyst,Entry-level,Remote,North America,Medium,88200
Data Analyst,Senior-level,On-site,North America,Medium,180400
Data Analyst,Senior-level,On-site,North America,Medium,138800
Machine Learning Engineer,Senior-level,Remote,North America,Medium,319000
Machine Learning Engineer,Senior-level,Remote,North America,Medium,206000
Data Scientist,Senior-level,On-site,North America,Medium,215000
Data Scientist,Senior-level,On-site,North America,Medium,142000
Data Scientist,Senior-level,On-site,North America,Medium,266000
Data Scientist,Senior-level,On-site,North America,Medium,167000
Data Engineer,Mid-level,On-site,North America,Medium,178300
Data Engineer,Mid-level,On-site,North America,Medium,105400
Machine Learning Engineer,Senior-level,On-site,North America,Medium,142000
Research Scientist,Senior-level,Remote,North America,Medium,240000
Research Scientist,Senior-level,Remote,North America,Medium,210000
Data Engineer,Mid-level,On-site,North America,Medium,150000
Data Science Consultant,Senior-level,On-site,North America,Medium,145000
Data Science Consultant,Senior-level,On-site,North America,Medium,128000
Data Engineer,Senior-level,Remote,North America,Medium,154000
Data Engineer,Senior-level,Remote,North America,Medium,126000
Machine Learning Scientist,Senior-level,On-site,North America,Medium,240000
Machine Learning Scientist,Senior-level,On-site,North America,Medium,157250
Machine Learning Engineer,Mid-level,Remote,North America,Medium,180000
Machine Learning Engineer,Mid-level,Remote,North America,Medium,125000
Data Scientist,Senior-level,On-site,North America,Large,247600
Data Scientist,Senior-level,On-site,North America,Large,127300
Data Engineer,Mid-level,On-site,North America,Medium,250000
Data Engineer,Mid-level,On-site,North America,Medium,125000
Machine Learning Engineer,Senior-level,Remote,North America,Medium,190000
Data Scientist,Senior-level,Remote,North America,Medium,202600
Data Scientist,Senior-level,Remote,North America,Medium,168800
Data Scientist,Senior-level,Remote,North America,Medium,203000
Data Scientist,Senior-level,Remote,North America,Medium,127000
Business Intelligence Analyst,Mid-level,Remote,North America,Medium,125009
Business Intelligence Analyst,Mid-level,Remote,North America,Medium,83339
Data Analyst,Senior-level,Remote,North America,Medium,112200
Data Analyst,Senior-level,Remote,North America,Medium,91800
Data Scientist,Entry-level,On-site,North America,Medium,133000
Data Scientist,Entry-level,On-site,North America,Medium,58300
Data Engineer,Senior-level,On-site,North America,Medium,254000
Data Engineer,Senior-level,On-site,North America,Medium,159000
Data Engineer,Senior-level,On-site,North America,Medium,85000
Data Scientist,Mid-level,On-site,North America,Medium,130500
Data Scientist,Mid-level,On-site,North America,Medium,116000
Research Analyst,Entry-level,Remote,North America,Medium,81400
Research Analyst,Entry-level,Remote,North America,Medium,43500
Data Engineer,Mid-level,On-site,North America,Medium,92000
Data Analyst,Senior-level,On-site,North America,Medium,166000
Data Analyst,Senior-level,On-site,North America,Medium,73100
Research Scientist,Senior-level,On-site,North America,Medium,190000
Research Scientist,Senior-level,On-site,North America,Medium,165000
Machine Learning Engineer,Senior-level,On-site,North America,Medium,305600
Machine Learning Engineer,Senior-level,On-site,North America,Medium,146600
Data Engineer,Senior-level,On-site,North America,Medium,275000
Data Engineer,Senior-level,On-site,North America,Medium,146400
Data Scientist,Senior-level,On-site,North America,Medium,208500
Data Scientist,Senior-level,On-site,North America,Medium,165000
Data Scientist,Senior-level,On-site,North America,Medium,258700
Data Scientist,Senior-level,On-site,North America,Medium,172500
Data Engineer,Senior-level,Remote,North America,Medium,185000
Business Intelligence Analyst,Senior-level,On-site,North America,Medium,198200
Business Intelligence Analyst,Senior-level,On-site,North America,Medium,110200
Other,Senior-level,On-site,North America,Medium,166000
Other,Senior-level,On-site,North America,Medium,73100
Other,Senior-level,On-site,North America,Medium,212000
Other,Senior-level,On-site,North America,Medium,93300
AI Engineer,Senior-level,On-site,North America,Medium,212000
AI Engineer,Senior-level,On-site,North America,Medium,93300
Data Engineer,Mid-level,On-site,North America,Medium,167100
Data Engineer,Mid-level,On-site,North America,Medium,111400
Data Scientist,Entry-level,Remote,North America,Medium,166000
Data Scientist,Entry-level,Remote,North America,Medium,73100
Data Analyst,Executive-level,On-site,North America,Medium,170000
Data Analyst,Executive-level,On-site,North America,Medium,145000
Data Architect,Senior-level,Remote,North America,Medium,170000
Data Architect,Senior-level,Remote,North America,Medium,135000
Data Engineer,Senior-level,Remote,North America,Medium,247300
Data Engineer,Senior-level,Remote,North America,Medium,139700
Data Scientist,Senior-level,Remote,North America,Medium,188000
Data Scientist,Senior-level,Remote,North America,Medium,139000
Data Manager,Mid-level,Remote,North America,Medium,127000
Data Manager,Mid-level,Remote,North America,Medium,65000
ML Engineer,Senior-level,On-site,North America,Medium,276000
ML Engineer,Senior-level,On-site,North America,Medium,174000
Analytics Engineer,Executive-level,Remote,North America,Medium,250000
Analytics Engineer,Executive-level,Remote,North America,Medium,210000
Other,Executive-level,On-site,North America,Medium,212000
Other,Executive-level,On-site,North America,Medium,190000
Research Engineer,Senior-level,On-site,North America,Large,261500
Research Engineer,Senior-level,On-site,North America,Large,134500
Data Architect,Senior-level,On-site,North America,Large,239000
Data Architect,Senior-level,On-site,North America,Large,122900
ML Engineer,Senior-level,On-site,North America,Medium,331640
ML Engineer,Senior-level,On-site,North America,Medium,267720
Data Analyst,Mid-level,Remote,North America,Medium,83000
Data Analyst,Mid-level,Remote,North America,Medium,66000
Data Scientist,Senior-level,On-site,North America,Medium,224250
Data Scientist,Senior-level,On-site,North America,Medium,121550
Data Engineer,Mid-level,Remote,North America,Medium,109000
Data Engineer,Mid-level,Remote,North America,Medium,100000
Data Scientist,Senior-level,On-site,North America,Medium,205400
Data Scientist,Senior-level,On-site,North America,Medium,92900
ML Engineer,Entry-level,On-site,North America,Medium,220000
ML Engineer,Entry-level,On-site,North America,Medium,130000
Data Scientist,Mid-level,Remote,North America,Medium,160000
Data Scientist,Mid-level,Remote,North America,Medium,110000
Business Intelligence Engineer,Senior-level,Remote,North America,Medium,186030
Business Intelligence Engineer,Senior-level,Remote,North America,Medium,110200
Research Engineer,Mid-level,Remote,North America,Medium,130000
Research Engineer,Mid-level,Remote,North America,Medium,100000
Data Scientist,Mid-level,On-site,North America,Medium,242000
Data Scientist,Mid-level,On-site,North America,Medium,106200
Data Scientist,Executive-level,Remote,North America,Medium,220000
Data Scientist,Executive-level,Remote,North America,Medium,120000
Research Analyst,Entry-level,On-site,North America,Medium,91200
Research Analyst,Entry-level,On-site,North America,Medium,58200
Data Scientist,Senior-level,Remote,North America,Medium,192000
Data Scientist,Senior-level,Remote,North America,Medium,178000
Research Engineer,Entry-level,On-site,North America,Medium,160000
Research Engineer,Entry-level,On-site,North America,Medium,150000
Data Architect,Senior-level,On-site,North America,Medium,206000
Data Architect,Senior-level,On-site,North America,Medium,134000
Data Scientist,Senior-level,Remote,North America,Medium,180000
Data Scientist,Senior-level,Remote,North America,Medium,135000
Data Scientist,Senior-level,On-site,North America,Medium,200000
Data Scientist,Senior-level,On-site,North America,Medium,120000
Data Engineer,Mid-level,On-site,North America,Medium,106700
Data Engineer,Mid-level,On-site,North America,Medium,57700
Machine Learning Engineer,Senior-level,On-site,North America,Medium,266400
Machine Learning Engineer,Senior-level,On-site,North America,Medium,173300
Data Analyst,Mid-level,On-site,North America,Medium,125000
Business Intelligence Engineer,Senior-level,On-site,North America,Large,165600
Business Intelligence Engineer,Senior-level,On-site,North America,Large,65800
Data Scientist,Mid-level,On-site,North America,Medium,210400
Data Scientist,Mid-level,On-site,North America,Medium,170500
Data Scientist,Senior-level,Remote,North America,Medium,185400
Data Scientist,Senior-level,Remote,North America,Medium,81536
Data Analyst,Senior-level,On-site,North America,Medium,193000
Data Analyst,Senior-level,On-site,North America,Medium,158000
Data Engineer,Senior-level,Remote,North America,Medium,100000
Data Analyst,Mid-level,Remote,North America,Medium,95000
Data Analyst,Mid-level,Remote,North America,Medium,75000
Data Analyst,Mid-level,On-site,North America,Medium,115000
Data Analyst,Mid-level,On-site,North America,Medium,105000
Data Engineer,Senior-level,On-site,North America,Medium,161900
Data Analyst,Mid-level,Remote,North America,Medium,80000
Data Scientist,Senior-level,On-site,North America,Medium,166000
Data Scientist,Senior-level,On-site,North America,Medium,73100
ML Engineer,Senior-level,On-site,North America,Medium,336300
ML Engineer,Senior-level,On-site,North America,Medium,179000
Machine Learning Engineer,Senior-level,On-site,North America,Medium,296400
Machine Learning Engineer,Senior-level,On-site,North America,Medium,159600
Other,Senior-level,Remote,North America,Medium,258500
Other,Senior-level,Remote,North America,Medium,226500
Research Scientist,Senior-level,On-site,North America,Medium,247250
Research Scientist,Senior-level,On-site,North America,Medium,118400
Other,Mid-level,On-site,North America,Medium,160000
Other,Mid-level,On-site,North America,Medium,140000
Machine Learning Engineer,Senior-level,On-site,North America,Medium,93400
Data Scientist,Senior-level,On-site,North America,Medium,219000
Data Scientist,Senior-level,On-site,North America,Medium,132000
Data Scientist,Senior-level,On-site,North America,Medium,130500
Data Scientist,Senior-level,On-site,North America,Medium,116000
Research Scientist,Senior-level,On-site,North America,Medium,323300
Research Scientist,Senior-level,On-site,North America,Medium,184700
Machine Learning Scientist,Senior-level,On-site,North America,Medium,250000
Data Scientist,Mid-level,On-site,North America,Medium,136000
Data Scientist,Mid-level,On-site,North America,Medium,91000
Data Scientist,Entry-level,On-site,North America,Medium,135000
Data Scientist,Entry-level,On-site,North America,Medium,110000
Other,Senior-level,Remote,North America,Medium,202000
Other,Senior-level,Remote,North America,Medium,147000
Data Scientist,Senior-level,On-site,North America,Medium,170625
Data Scientist,Senior-level,On-site,North America,Medium,127950
Data Analyst,Entry-level,On-site,North America,Medium,85256
Data Analyst,Entry-level,On-site,North America,Medium,71615
Data Scientist,Entry-level,On-site,North America,Large,100000
Research Analyst,Mid-level,On-site,North America,Small,100000
Data Engineer,Executive-level,On-site,North America,Medium,185000
Data Engineer,Executive-level,On-site,North America,Medium,125000
Other,Entry-level,Remote,North America,Medium,60000
Other,Entry-level,Remote,North America,Medium,52000
Machine Learning Engineer,Senior-level,On-site,North America,Medium,260000
Data Scientist,Senior-level,On-site,North America,Medium,225000
Business Intelligence Analyst,Senior-level,Remote,North America,Medium,100000
Business Intelligence Analyst,Senior-level,Remote,North America,Medium,80000
Other,Senior-level,On-site,North America,Medium,204500
Other,Senior-level,On-site,North America,Medium,142200
Data Scientist,Senior-level,Remote,North America,Medium,297300
Data Scientist,Senior-level,Remote,North America,Medium,198200
Machine Learning Engineer,Senior-level,Remote,North America,Medium,240000
Applied Scientist,Senior-level,On-site,North America,Large,222200
Data Engineer,Senior-level,Remote,North America,Medium,110000
Data Engineer,Senior-level,Remote,North America,Medium,95000
Research Analyst,Mid-level,Remote,North America,Medium,71000
Research Analyst,Mid-level,Remote,North America,Medium,57000
Data Analyst,Mid-level,Remote,North America,Medium,59000
Data Analyst,Mid-level,Remote,North America,Medium,50000
Machine Learning Engineer,Senior-level,Remote,North America,Medium,234000
Machine Learning Engineer,Senior-level,Remote,North America,Medium,208000
Analytics Engineer,Senior-level,Remote,North America,Medium,187000
Analytics Engineer,Senior-level,Remote,North America,Medium,128000
Data Analyst,Mid-level,On-site,North America,Medium,135000
Data Analyst,Mid-level,On-site,North America,Medium,120000
Data Architect,Mid-level,Remote,North America,Medium,150000
Data Architect,Mid-level,Remote,North America,Medium,140000
Data Scientist,Senior-level,Remote,North America,Medium,280000
Data Scientist,Senior-level,Remote,North America,Medium,190000
Data Specialist,Mid-level,On-site,North America,Medium,90000
Data Engineer,Mid-level,On-site,North America,Medium,58300
Data Analyst,Senior-level,On-site,North America,Medium,145640
Data Analyst,Senior-level,On-site,North America,Medium,84400
Data Analyst,Senior-level,On-site,North America,Medium,105000
Data Analyst,Senior-level,On-site,North America,Medium,75000
Data Analyst,Senior-level,Remote,North America,Medium,98000
Data Scientist,Senior-level,Remote,North America,Medium,236160
Data Scientist,Senior-level,Remote,North America,Medium,159408
Data Analyst,Senior-level,Remote,North America,Medium,115000
Data Analyst,Senior-level,Remote,North America,Medium,85000
Other,Senior-level,On-site,North America,Medium,145000
Other,Senior-level,On-site,North America,Medium,120000
Data Analyst,Senior-level,Remote,North America,Medium,120350
Data Analyst,Senior-level,Remote,North America,Medium,74400
Analytics Engineer,Senior-level,On-site,North America,Medium,181500
Analytics Engineer,Senior-level,On-site,North America,Medium,127000
Machine Learning Engineer,Mid-level,On-site,North America,Medium,300000
Machine Learning Engineer,Mid-level,On-site,North America,Medium,260000
Data Engineer,Senior-level,On-site,North America,Medium,205500
Data Engineer,Senior-level,On-site,North America,Medium,128500
Data Architect,Senior-level,On-site,North America,Medium,191600
Data Architect,Senior-level,On-site,North America,Medium,125600
Data Scientist,Mid-level,On-site,North America,Medium,130410
Data Scientist,Mid-level,On-site,North America,Medium,92000
Data Scientist,Senior-level,On-site,North America,Medium,183900
Data Scientist,Senior-level,On-site,North America,Medium,108800
Machine Learning Engineer,Senior-level,On-site,North America,Medium,121200
Data Scientist,Senior-level,On-site,North America,Medium,231250
Data Scientist,Senior-level,On-site,North America,Medium,111000
Data Engineer,Senior-level,On-site,North America,Medium,300000
Data Engineer,Mid-level,On-site,North America,Medium,210500
Data Engineer,Mid-level,On-site,North America,Medium,105300
Data Engineer,Mid-level,On-site,North America,Medium,158400
Data Engineer,Mid-level,On-site,North America,Medium,85800
Data Analyst,Senior-level,On-site,North America,Medium,134200
Data Analyst,Senior-level,On-site,North America,Medium,103200
Data Analyst,Mid-level,Remote,North America,Medium,95400
Data Analyst,Mid-level,Remote,North America,Medium,57800
Data Scientist,Mid-level,On-site,North America,Medium,86000
Data Analyst,Executive-level,On-site,North America,Medium,125000
Data Analyst,Executive-level,On-site,North America,Medium,87500
Data Engineer,Senior-level,Remote,North America,Medium,133200
Data Engineer,Senior-level,Remote,North America,Medium,84000
Analytics Engineer,Senior-level,On-site,North America,Medium,216450
Analytics Engineer,Senior-level,On-site,North America,Medium,123750
Research Scientist,Senior-level,On-site,North America,Large,212800
Research Scientist,Senior-level,On-site,North America,Large,124100
Data Scientist,Mid-level,Remote,North America,Medium,205000
Data Scientist,Mid-level,Remote,North America,Medium,166000
Data Scientist,Senior-level,On-site,North America,Medium,231650
Data Scientist,Senior-level,On-site,North America,Medium,189100
Data Engineer,Senior-level,On-site,North America,Medium,266875
Data Engineer,Senior-level,On-site,North America,Medium,128250
Data Engineer,Mid-level,Remote,North America,Medium,158600
Data Engineer,Mid-level,Remote,North America,Medium,115300
Data Engineer,Senior-level,On-site,North America,Medium,225300
Data Engineer,Senior-level,On-site,North America,Medium,197400
Data Analyst,Entry-level,On-site,North America,Medium,109900
Data Analyst,Entry-level,On-site,North America,Medium,61200
Other,Senior-level,Remote,North America,Medium,161000
Other,Senior-level,Remote,North America,Medium,75000
Data Analyst,Mid-level,On-site,North America,Medium,166000
Data Analyst,Mid-level,On-site,North America,Medium,73100
Data Scientist,Mid-level,On-site,North America,Medium,138510
Data Scientist,Mid-level,On-site,North America,Medium,95490
Data Analyst,Mid-level,Remote,North America,Medium,150000
Data Analyst,Mid-level,Remote,North America,Medium,110000
Data Scientist,Senior-level,On-site,North America,Medium,232200
Data Scientist,Senior-level,On-site,North America,Medium,133300
Analytics Engineer,Senior-level,On-site,North America,Medium,178250
Analytics Engineer,Senior-level,On-site,North America,Medium,110500
AI Engineer,Senior-level,On-site,North America,Medium,190000
AI Engineer,Senior-level,On-site,North America,Medium,160000
Applied Scientist,Senior-level,Remote,North America,Medium,216000
Applied Scientist,Senior-level,Remote,North America,Medium,184000
Machine Learning Engineer,Senior-level,On-site,North America,Medium,230000
Business Intelligence Engineer,Mid-level,On-site,North America,Large,165600
Business Intelligence Engineer,Mid-level,On-site,North America,Large,65800
Data Analyst,Senior-level,On-site,North America,Medium,82500
Data Engineer,Senior-level,On-site,North America,Medium,247250
Machine Learning Scientist,Senior-level,On-site,North America,Medium,169000
Machine Learning Scientist,Senior-level,On-site,North America,Medium,105500
Data Scientist,Senior-level,On-site,North America,Medium,195800
Business Intelligence Engineer,Senior-level,Remote,North America,Medium,108500
Business Intelligence Engineer,Senior-level,Remote,North America,Medium,78800
Research Scientist,Senior-level,On-site,North America,Medium,225000
Research Scientist,Senior-level,On-site,North America,Medium,166000
Other,Mid-level,Remote,North America,Medium,160000
Other,Mid-level,Remote,North America,Medium,110000
Data Analyst,Mid-level,Remote,North America,Medium,87500
Data Engineer,Executive-level,On-site,North America,Medium,135000
Data Engineer,Executive-level,On-site,North America,Medium,100000
Analytics Engineer,Senior-level,On-site,North America,Medium,289800
Analytics Engineer,Senior-level,On-site,North America,Medium,214200
Data Engineer,Mid-level,On-site,North America,Medium,167500
Data Engineer,Mid-level,On-site,North America,Medium,106500
Data Scientist,Senior-level,On-site,North America,Medium,146000
Data Engineer,Senior-level,On-site,North America,Medium,128000
Data Engineer,Senior-level,On-site,North America,Medium,81500
Research Scientist,Senior-level,On-site,North America,Medium,370000
Analytics Engineer,Senior-level,Remote,North America,Medium,175000
Analytics Engineer,Senior-level,Remote,North America,Medium,160000
Other,Entry-level,Remote,North America,Medium,240000
Other,Entry-level,Remote,North America,Medium,100000
Applied Scientist,Mid-level,On-site,North America,Large,249300
Applied Scientist,Mid-level,On-site,North America,Large,149300
Research Scientist,Senior-level,On-site,North America,Medium,248100
Research Scientist,Senior-level,On-site,North America,Medium,145900
Other,Senior-level,On-site,North America,Medium,170200
Other,Senior-level,On-site,North America,Medium,83900
Data Scientist,Senior-level,On-site,North America,Medium,94100
Machine Learning Engineer,Senior-level,On-site,North America,Medium,226600
Machine Learning Engineer,Senior-level,On-site,North America,Medium,140100
Data Analyst,Senior-level,On-site,North America,Medium,156000
Data Analyst,Senior-level,On-site,North America,Medium,124000
Data Engineer,Senior-level,On-site,North America,Medium,132600
Research Engineer,Senior-level,On-site,North America,Medium,308000
Research Engineer,Senior-level,On-site,North America,Medium,190400
Data Architect,Senior-level,On-site,North America,Medium,155000
Data Architect,Senior-level,On-site,North America,Medium,136000
Data Engineer,Senior-level,Remote,North America,Medium,75000
Machine Learning Engineer,Senior-level,On-site,North America,Medium,214500
Machine Learning Engineer,Senior-level,On-site,North America,Medium,132600
Data Analyst,Mid-level,On-site,North America,Medium,111000
Data Analyst,Mid-level,On-site,North America,Medium,104000
Data Engineer,Mid-level,On-site,North America,Medium,85000
Data Scientist,Senior-level,Remote,North America,Medium,180250
Data Scientist,Senior-level,Remote,North America,Medium,118000
Data Scientist,Senior-level,On-site,North America,Large,212800
Data Scientist,Senior-level,On-site,North America,Large,111600
Data Analyst,Senior-level,Remote,North America,Medium,157500
Data Analyst,Senior-level,Remote,North America,Medium,132500
Business Intelligence Analyst,Senior-level,Remote,North America,Medium,171000
Business Intelligence Analyst,Senior-level,Remote,North America,Medium,152000
Machine Learning Engineer,Senior-level,On-site,North America,Large,223600
Machine Learning Engineer,Senior-level,On-site,North America,Large,115000
Other,Mid-level,Remote,North America,Medium,140000
Other,Mid-level,Remote,North America,Medium,110000
Data Scientist,Mid-level,On-site,North America,Medium,130900
Data Scientist,Mid-level,On-site,North America,Medium,72700
Machine Learning Engineer,Senior-level,On-site,North America,Medium,333500
Machine Learning Engineer,Senior-level,On-site,North America,Medium,144000
Business Intelligence Engineer,Senior-level,Remote,North America,Medium,180000
Business Intelligence Engineer,Senior-level,Remote,North America,Medium,118200
Data Architect,Senior-level,Remote,North America,Medium,354200
Data Architect,Senior-level,Remote,North America,Medium,221800
Data Analyst,Senior-level,On-site,North America,Medium,73000
Data Engineer,Senior-level,Remote,North America,Medium,156600
Data Engineer,Senior-level,Remote,North America,Medium,137200
Data Analyst,Mid-level,On-site,North America,Medium,149000
Data Analyst,Mid-level,On-site,North America,Medium,65300
Data Engineer,Mid-level,Remote,North America,Medium,187000
Data Analyst,Senior-level,On-site,North America,Medium,119636
Data Analyst,Senior-level,On-site,North America,Medium,70374
Data Analyst,Senior-level,Remote,North America,Medium,67000
Data Analyst,Senior-level,Remote,North America,Medium,102000
Data Analyst,Senior-level,Remote,North America,Medium,94770
Data Scientist,Entry-level,On-site,North America,Medium,58400
Analytics Engineer,Senior-level,Remote,North America,Medium,169900
Analytics Engineer,Senior-level,Remote,North America,Medium,164100
Machine Learning Engineer,Senior-level,On-site,North America,Medium,180240
Machine Learning Engineer,Senior-level,On-site,North America,Medium,120160
Data Scientist,Mid-level,On-site,North America,Medium,93400
Data Scientist,Senior-level,On-site,North America,Medium,119000
Data Scientist,Senior-level,On-site,North America,Medium,71400
Data Scientist,Senior-level,Remote,North America,Medium,225100
Data Scientist,Senior-level,Remote,North America,Medium,140900
ML Engineer,Mid-level,On-site,North America,Medium,179000
ML Engineer,Mid-level,On-site,North America,Medium,144000
Research Scientist,Entry-level,On-site,North America,Medium,250800
Research Scientist,Entry-level,On-site,North America,Medium,167200
Research Scientist,Mid-level,On-site,North America,Medium,144000
Research Scientist,Mid-level,On-site,North America,Medium,76000
Other,Executive-level,On-site,North America,Medium,230000
Other,Executive-level,On-site,North America,Medium,180000
Data Scientist,Entry-level,Remote,North America,Medium,156450
Data Scientist,Entry-level,Remote,North America,Medium,119200
Research Scientist,Senior-level,Remote,North America,Medium,150000
Research Scientist,Senior-level,Remote,North America,Medium,130000
Other,Executive-level,On-site,North America,Medium,247500
Other,Executive-level,On-site,North America,Medium,172200
Data Engineer,Senior-level,Remote,North America,Medium,97500
Research Scientist,Executive-level,On-site,North America,Medium,220000
Research Scientist,Executive-level,On-site,North America,Medium,185000
Research Scientist,Senior-level,On-site,North America,Medium,303050
Research Scientist,Senior-level,On-site,North America,Medium,202350
Data Scientist,Senior-level,On-site,North America,Medium,201650
Data Scientist,Senior-level,On-site,North America,Medium,124600
Data Analyst,Senior-level,On-site,North America,Medium,145000
Business Intelligence Engineer,Mid-level,Remote,North America,Medium,89500
Business Intelligence Engineer,Mid-level,Remote,North America,Medium,65000
Machine Learning Engineer,Senior-level,Remote,North America,Medium,328400
Machine Learning Engineer,Senior-level,Remote,North America,Medium,205600
Data Engineer,Entry-level,Remote,North America,Medium,85000
Data Engineer,Entry-level,Remote,North America,Medium,61800
Data Analyst,Entry-level,On-site,North America,Medium,116000
Data Analyst,Entry-level,On-site,North America,Medium,72500
Machine Learning Engineer,Senior-level,Remote,North America,Medium,215000
Machine Learning Engineer,Senior-level,Remote,North America,Medium,169850
Data Scientist,Senior-level,On-site,North America,Medium,147400
Data Scientist,Senior-level,On-site,North America,Medium,107682
Data Scientist,Mid-level,On-site,North America,Medium,225300
Data Scientist,Mid-level,On-site,North America,Medium,197400
Analytics Engineer,Senior-level,On-site,North America,Medium,160000
Analytics Engineer,Senior-level,On-site,North America,Medium,136000
Machine Learning Engineer,Senior-level,On-site,North America,Medium,204600
Machine Learning Engineer,Senior-level,On-site,North America,Medium,126500
Data Architect,Senior-level,Remote,North America,Medium,210000
Data Analyst,Entry-level,On-site,North America,Large,86500
Data Analyst,Entry-level,On-site,North America,Large,40400
Data Scientist,Senior-level,On-site,North America,Medium,329700
Data Scientist,Senior-level,On-site,North America,Medium,192351
Data Engineer,Senior-level,On-site,North America,Medium,280000
Business Intelligence Analyst,Mid-level,On-site,North America,Medium,106700
Business Intelligence Analyst,Mid-level,On-site,North America,Medium,97000
Data Analyst,Senior-level,Remote,North America,Medium,175000
Data Engineer,Entry-level,On-site,North America,Medium,88000
Data Engineer,Entry-level,On-site,North America,Medium,60000
Other,Senior-level,On-site,North America,Medium,123000
Other,Senior-level,On-site,North America,Medium,93593
Machine Learning Engineer,Senior-level,On-site,North America,Medium,222405
Machine Learning Engineer,Senior-level,On-site,North America,Medium,172800
Data Engineer,Senior-level,On-site,North America,Large,205600
Data Engineer,Senior-level,On-site,North America,Large,105700
Other,Senior-level,On-site,North America,Medium,230000
Other,Senior-level,On-site,North America,Medium,124000
Data Engineer,Senior-level,On-site,North America,Medium,184800
Data Architect,Senior-level,Remote,North America,Medium,310000
Data Architect,Senior-level,Remote,North America,Medium,206000
AI Engineer,Senior-level,On-site,North America,Medium,372000
AI Engineer,Senior-level,On-site,North America,Medium,223000
Data Scientist,Mid-level,Remote,North America,Medium,131000
Data Manager,Senior-level,On-site,North America,Medium,233500
Data Manager,Senior-level,On-site,North America,Medium,146000
Other,Senior-level,Remote,North America,Medium,305100
Other,Senior-level,Remote,North America,Medium,146900
Business Intelligence Analyst,Entry-level,On-site,North America,Medium,78800
Business Intelligence Analyst,Entry-level,On-site,North America,Medium,44100
Other,Mid-level,On-site,North America,Medium,166000
Other,Mid-level,On-site,North America,Medium,73100
Data Scientist,Senior-level,Remote,North America,Medium,80000
Analytics Engineer,Senior-level,Remote,North America,Medium,80000
Business Intelligence Engineer,Senior-level,On-site,North America,Large,202800
Business Intelligence Engineer,Senior-level,On-site,North America,Large,104300
Data Science Manager,Executive-level,On-site,North America,Large,272400
Data Science Manager,Executive-level,On-site,North America,Large,140100
Data Engineer,Mid-level,On-site,North America,Medium,154000
Other,Entry-level,On-site,North America,Medium,85600
Other,Entry-level,On-site,North America,Medium,57000
Data Engineer,Senior-level,On-site,North America,Medium,190400
Other,Senior-level,Remote,North America,Medium,119636
Other,Senior-level,Remote,North America,Medium,70374
Data Engineer,Senior-level,On-site,North America,Medium,304750
Data Analyst,Mid-level,On-site,North America,Medium,98873
Data Analyst,Mid-level,On-site,North America,Medium,58161
Analytics Engineer,Senior-level,On-site,North America,Medium,138000
Analytics Engineer,Senior-level,On-site,North America,Medium,85500
Data Scientist,Senior-level,On-site,North America,Medium,307100
Data Scientist,Senior-level,On-site,North America,Medium,216800
Data Scientist,Senior-level,On-site,North America,Medium,153600
Data Scientist,Senior-level,On-site,North America,Medium,106800
Data Analyst,Mid-level,On-site,North America,Medium,250000
Data Engineer,Executive-level,On-site,North America,Medium,160000
Data Engineer,Executive-level,On-site,North America,Medium,130000
Data Scientist,Senior-level,On-site,North America,Medium,162000
Data Analyst,Senior-level,On-site,North America,Medium,164640
Data Analyst,Senior-level,On-site,North America,Medium,131712
Data Analyst,Mid-level,On-site,North America,Medium,74800
Data Analyst,Mid-level,On-site,North America,Medium,63600
Data Engineer,Senior-level,On-site,North America,Medium,253792
Data Engineer,Senior-level,On-site,North America,Medium,158620
Other,Senior-level,On-site,North America,Medium,259900
Other,Senior-level,On-site,North America,Medium,139200
Research Scientist,Senior-level,On-site,North America,Medium,293000
Research Scientist,Senior-level,On-site,North America,Medium,185000
Data Scientist,Senior-level,On-site,North America,Medium,115500
Research Analyst,Mid-level,On-site,North America,Medium,142000
Research Analyst,Mid-level,On-site,North America,Medium,102000
Other,Senior-level,On-site,North America,Medium,141600
Other,Senior-level,On-site,North America,Medium,121400
Data Analyst,Mid-level,On-site,North America,Medium,55000
Data Analyst,Mid-level,On-site,North America,Medium,49000
Data Engineer,Senior-level,Remote,North America,Medium,135000
Data Engineer,Senior-level,Remote,North America,Medium,200000
Data Engineer,Senior-level,Remote,North America,Medium,180000
Data Scientist,Senior-level,Remote,North America,Medium,168000
Data Scientist,Entry-level,On-site,North America,Medium,105000
Business Intelligence Analyst,Senior-level,On-site,North America,Medium,115600
Business Intelligence Analyst,Senior-level,On-site,North America,Medium,79700
Applied Scientist,Entry-level,On-site,North America,Medium,281700
Applied Scientist,Entry-level,On-site,North America,Medium,141100
Data Specialist,Senior-level,On-site,North America,Medium,173100
Data Specialist,Senior-level,On-site,North America,Medium,86900
Machine Learning Engineer,Mid-level,On-site,North America,Medium,258700
Machine Learning Engineer,Mid-level,On-site,North America,Medium,133800
Machine Learning Engineer,Mid-level,On-site,North America,Medium,225300
Machine Learning Engineer,Mid-level,On-site,North America,Medium,197400
Data Analyst,Senior-level,Remote,North America,Medium,157000
Data Scientist,Senior-level,On-site,North America,Medium,208000
Data Scientist,Senior-level,On-site,North America,Medium,134000
Data Engineer,Mid-level,On-site,North America,Medium,65000
Data Engineer,Mid-level,On-site,North America,Medium,110000
Data Engineer,Mid-level,On-site,North America,Medium,73400
Data Engineer,Senior-level,On-site,North America,Medium,183414
Data Engineer,Senior-level,On-site,North America,Medium,97200
Machine Learning Engineer,Senior-level,On-site,North America,Medium,299000
Machine Learning Engineer,Senior-level,On-site,North America,Medium,66000
Machine Learning Engineer,Senior-level,Remote,North America,Medium,140000
Data Engineer,Mid-level,On-site,North America,Medium,170200
Data Engineer,Mid-level,On-site,North America,Medium,83900
Data Engineer,Senior-level,Remote,North America,Medium,101570
Data Analyst,Senior-level,Remote,North America,Medium,177000
Data Analyst,Senior-level,Remote,North America,Medium,118000
Machine Learning Engineer,Senior-level,On-site,North America,Medium,234500
Machine Learning Engineer,Senior-level,On-site,North America,Medium,127000
Data Scientist,Senior-level,On-site,North America,Medium,287500
Data Scientist,Senior-level,On-site,North America,Medium,168000
Data Engineer,Senior-level,On-site,North America,Medium,155000
Data Scientist,Senior-level,On-site,North America,Medium,153000
Data Scientist,Senior-level,On-site,North America,Medium,136000
Machine Learning Engineer,Senior-level,On-site,North America,Medium,254000
Data Engineer,Senior-level,On-site,North America,Medium,214500
Data Engineer,Senior-level,On-site,North America,Medium,134500
Data Scientist,Senior-level,Remote,North America,Medium,136000
Data Scientist,Senior-level,Remote,North America,Medium,104000
Data Scientist,Mid-level,Remote,North America,Medium,143000
Data Scientist,Mid-level,Remote,North America,Medium,117000
Research Engineer,Senior-level,On-site,North America,Medium,370000
Research Engineer,Senior-level,On-site,North America,Medium,200000
Data Scientist,Senior-level,Remote,North America,Medium,275300
Data Scientist,Senior-level,Remote,North America,Medium,183500
Applied Scientist,Senior-level,Remote,North America,Medium,230000
Applied Scientist,Senior-level,Remote,North America,Medium,196000
Machine Learning Engineer,Senior-level,Remote,North America,Medium,253000
Machine Learning Engineer,Senior-level,Remote,North America,Medium,172040
Data Engineer,Senior-level,Remote,North America,Medium,234000
Data Engineer,Senior-level,Remote,North America,Medium,178000
Data Scientist,Senior-level,Remote,North America,Medium,164000
Other,Mid-level,On-site,North America,Medium,109238
Other,Mid-level,On-site,North America,Medium,68274
Data Analyst,Entry-level,On-site,North America,Medium,80800
Data Analyst,Entry-level,On-site,North America,Medium,53800
Data Engineer,Senior-level,Remote,North America,Medium,258900
Data Engineer,Senior-level,Remote,North America,Medium,176080
Business Intelligence Analyst,Mid-level,Remote,North America,Medium,110000
Machine Learning Engineer,Senior-level,On-site,North America,Medium,309000
Other,Mid-level,Remote,North America,Medium,65000
Other,Mid-level,Remote,North America,Medium,60000
Data Engineer,Senior-level,On-site,North America,Medium,132100
Data Engineer,Senior-level,On-site,North America,Medium,68400
Business Intelligence Engineer,Senior-level,Remote,North America,Medium,160000
Business Intelligence Engineer,Senior-level,Remote,North America,Medium,140000
Data Analyst,Mid-level,Remote,North America,Medium,62500
Data Analyst,Senior-level,On-site,North America,Medium,142000
Data Analyst,Senior-level,On-site,North America,Medium,128000
Data Scientist,Senior-level,On-site,North America,Medium,155000
Data Scientist,Senior-level,On-site,North America,Medium,139500
Data Engineer,Senior-level,On-site,North America,Medium,259000
Data Engineer,Senior-level,On-site,North America,Medium,138750
Research Engineer,Senior-level,On-site,North America,Medium,155000
Research Engineer,Senior-level,On-site,North America,Medium,130000
Applied Scientist,Senior-level,On-site,North America,Medium,215000
Applied Scientist,Senior-level,On-site,North America,Medium,182750
Data Scientist,Senior-level,Remote,North America,Medium,207000
Data Scientist,Senior-level,Remote,North America,Medium,141000
Machine Learning Engineer,Entry-level,Remote,North America,Medium,36000
Research Engineer,Mid-level,On-site,North America,Medium,300000
Data Analyst,Mid-level,On-site,North America,Medium,116700
Data Analyst,Mid-level,On-site,North America,Medium,93400
Applied Scientist,Mid-level,On-site,North America,Medium,179000
Applied Scientist,Mid-level,On-site,North America,Medium,176490
Data Scientist,Senior-level,On-site,North America,Medium,143750
Data Scientist,Mid-level,On-site,North America,Medium,180000
Data Scientist,Senior-level,On-site,North America,Medium,199000
Data Scientist,Senior-level,On-site,North America,Medium,196760
Data Engineer,Senior-level,On-site,North America,Medium,222000
Machine Learning Engineer,Senior-level,Remote,North America,Large,70179
Other,Mid-level,On-site,North America,Medium,110000
Other,Mid-level,On-site,North America,Medium,75000
Machine Learning Engineer,Senior-level,On-site,North America,Medium,80000
Data Analyst,Senior-level,Remote,North America,Medium,126500
Data Analyst,Senior-level,Remote,North America,Medium,78000
Other,Executive-level,On-site,North America,Medium,250000
Other,Executive-level,On-site,North America,Medium,222000
Other,Mid-level,On-site,North America,Medium,204500
Other,Mid-level,On-site,North America,Medium,142200
Data Scientist,Senior-level,On-site,North America,Medium,297000
Data Scientist,Senior-level,On-site,North America,Medium,138000
Data Analyst,Mid-level,On-site,North America,Medium,147600
Data Analyst,Mid-level,On-site,North America,Medium,106300
Data Science Consultant,Senior-level,On-site,North America,Medium,131250
Data Science Consultant,Senior-level,On-site,North America,Medium,128100
Data Engineer,Executive-level,Remote,North America,Medium,174500
Data Engineer,Executive-level,Remote,North America,Medium,113000
Other,Entry-level,Hybrid,North America,Large,56500
Data Scientist,Senior-level,Remote,North America,Medium,227000
Data Scientist,Senior-level,Remote,North America,Medium,185000
Machine Learning Engineer,Mid-level,On-site,North America,Medium,230000
Machine Learning Engineer,Mid-level,On-site,North America,Medium,160000
Data Engineer,Senior-level,On-site,North America,Medium,138300
Data Engineer,Senior-level,On-site,North America,Medium,110700
Business Intelligence Analyst,Senior-level,On-site,North America,Medium,130000
Business Intelligence Analyst,Senior-level,On-site,North America,Medium,80000
Data Engineer,Senior-level,Remote,North America,Medium,212175
Data Engineer,Senior-level,Remote,North America,Medium,156000
Data Analyst,Mid-level,Remote,North America,Medium,111151
Data Analyst,Mid-level,Remote,North America,Medium,66691
Data Scientist,Senior-level,On-site,North America,Medium,190000
Data Scientist,Senior-level,On-site,North America,Medium,138700
Data Analyst,Senior-level,Remote,North America,Medium,95040
Data Analyst,Senior-level,Remote,North America,Medium,59400
Machine Learning Engineer,Senior-level,Remote,North America,Medium,197802
Machine Learning Engineer,Senior-level,Remote,North America,Medium,156453
Data Scientist,Senior-level,On-site,North America,Medium,308000
Data Scientist,Senior-level,On-site,North America,Medium,144000
Other,Senior-level,On-site,North America,Medium,172000
Other,Senior-level,On-site,North America,Medium,140000
Data Engineer,Senior-level,Remote,North America,Medium,122400
Research Analyst,Mid-level,On-site,North America,Medium,80000
Research Analyst,Mid-level,On-site,North America,Medium,70000
Data Analyst,Senior-level,On-site,North America,Medium,90000
Data Engineer,Senior-level,Remote,North America,Medium,147500
Machine Learning Engineer,Mid-level,Remote,North America,Medium,150000
Machine Learning Engineer,Mid-level,Remote,North America,Medium,50000
Other,Senior-level,Remote,North America,Medium,220000
Other,Senior-level,Remote,North America,Medium,180000
Data Engineer,Mid-level,Remote,North America,Medium,190000
Data Engineer,Mid-level,Remote,North America,Medium,150000
Data Engineer,Mid-level,Remote,North America,Medium,50000
Analytics Engineer,Mid-level,Remote,North America,Medium,172200
Analytics Engineer,Mid-level,Remote,North America,Medium,131200
Other,Senior-level,Remote,North America,Medium,250000
Other,Senior-level,Remote,North America,Medium,100000
Data Analyst,Senior-level,On-site,North America,Medium,155000
Data Analyst,Senior-level,On-site,North America,Medium,280000
Data Analyst,Senior-level,On-site,North America,Medium,200000
Data Scientist,Senior-level,On-site,North America,Medium,290000
Data Scientist,Senior-level,On-site,North America,Medium,173200
Data Scientist,Senior-level,Remote,North America,Medium,204000
Machine Learning Scientist,Senior-level,On-site,North America,Medium,300000
Machine Learning Scientist,Senior-level,On-site,North America,Medium,222000
Machine Learning Engineer,Senior-level,On-site,North America,Medium,287500
Machine Learning Engineer,Senior-level,On-site,North America,Medium,212500
Machine Learning Engineer,Senior-level,On-site,North America,Medium,190027
Machine Learning Engineer,Senior-level,On-site,North America,Medium,152022
Machine Learning Engineer,Senior-level,Remote,North America,Medium,198000
Machine Learning Engineer,Senior-level,Remote,North America,Medium,132000
Business Intelligence Engineer,Senior-level,Remote,North America,Medium,125000
Business Intelligence Engineer,Senior-level,Remote,North America,Medium,115000
Data Manager,Senior-level,On-site,North America,Medium,145000
Data Manager,Senior-level,On-site,North America,Medium,130000
Machine Learning Engineer,Senior-level,On-site,North America,Medium,170700
Machine Learning Engineer,Senior-level,On-site,North America,Medium,113900
Data Engineer,Senior-level,On-site,North America,Large,185000
Data Engineer,Senior-level,On-site,North America,Large,81000
Data Scientist,Senior-level,On-site,North America,Medium,123000
Data Manager,Executive-level,On-site,North America,Medium,80000
Data Manager,Executive-level,On-site,North America,Medium,75000
Data Analyst,Mid-level,Remote,North America,Medium,53000
Data Analyst,Mid-level,Remote,North America,Medium,48000
Data Scientist,Mid-level,On-site,North America,Medium,125000
Data Engineer,Senior-level,On-site,North America,Medium,190000
Other,Senior-level,On-site,North America,Medium,194000
Other,Senior-level,On-site,North America,Medium,175000
Data Analyst,Senior-level,On-site,North America,Medium,185000
Data Analyst,Senior-level,On-site,North America,Medium,160000
Data Engineer,Senior-level,On-site,North America,Medium,50000
Data Manager,Executive-level,On-site,North America,Medium,70000
Data Engineer,Entry-level,On-site,North America,Medium,130916
Data Engineer,Entry-level,On-site,North America,Medium,120000
Data Scientist,Senior-level,On-site,North America,Medium,316000
Data Scientist,Senior-level,On-site,North America,Medium,202000
Data Scientist,Senior-level,Remote,North America,Medium,189750
Data Scientist,Senior-level,Remote,North America,Medium,119213
Analytics Engineer,Senior-level,On-site,North America,Medium,162000
Analytics Engineer,Senior-level,On-site,North America,Medium,130000
Other,Senior-level,On-site,North America,Medium,170200
Other,Senior-level,On-site,North America,Medium,83900
Machine Learning Engineer,Senior-level,Remote,North America,Medium,250944
Machine Learning Engineer,Senior-level,Remote,North America,Medium,205318
Data Scientist,Senior-level,On-site,North America,Medium,135000
Data Scientist,Senior-level,On-site,North America,Medium,114000
Data Scientist,Senior-level,Remote,North America,Medium,218213
Data Scientist,Senior-level,Remote,North America,Medium,178538
Research Scientist,Senior-level,On-site,North America,Medium,163200
Machine Learning Engineer,Senior-level,On-site,North America,Medium,258800
Machine Learning Engineer,Senior-level,On-site,North America,Medium,199200
Data Scientist,Senior-level,Remote,North America,Medium,215625
Data Scientist,Senior-level,Remote,North America,Medium,159375
Research Engineer,Senior-level,On-site,North America,Medium,203000
Research Engineer,Senior-level,On-site,North America,Medium,133000
Data Science Manager,Senior-level,On-site,North America,Large,272400
Data Science Manager,Senior-level,On-site,North America,Large,140100
Data Analyst,Senior-level,Remote,North America,Medium,93919
Data Analyst,Senior-level,Remote,North America,Medium,51962
Other,Senior-level,Remote,North America,Medium,118800
Other,Senior-level,Remote,North America,Medium,75000
Machine Learning Engineer,Senior-level,On-site,North America,Medium,159350
Machine Learning Engineer,Senior-level,On-site,North America,Medium,130100
Data Scientist,Senior-level,Remote,North America,Medium,262000
Data Scientist,Senior-level,Remote,North America,Medium,245000
Analytics Engineer,Senior-level,On-site,North America,Medium,205218
Analytics Engineer,Senior-level,On-site,North America,Medium,136743
Research Analyst,Senior-level,On-site,North America,Large,185000
Research Analyst,Senior-level,On-site,North America,Large,94600
Research Analyst,Senior-level,On-site,North America,Medium,160000
Research Analyst,Senior-level,On-site,North America,Medium,107000
Machine Learning Engineer,Senior-level,Remote,North America,Medium,264400
Machine Learning Engineer,Senior-level,Remote,North America,Medium,176300
Research Scientist,Senior-level,On-site,North America,Medium,275000
Research Scientist,Senior-level,On-site,North America,Medium,175000
ML Engineer,Entry-level,On-site,North America,Large,76000
Business Intelligence Analyst,Mid-level,On-site,North America,Medium,150000
Business Intelligence Analyst,Mid-level,On-site,North America,Medium,125000
Data Scientist,Senior-level,Remote,North America,Medium,210000
Data Engineer,Senior-level,On-site,North America,Medium,210000
Data Scientist,Senior-level,Remote,North America,Medium,169500
Data Scientist,Senior-level,Remote,North America,Medium,138000
AI Engineer,Mid-level,On-site,North America,Medium,180000
AI Engineer,Mid-level,On-site,North America,Medium,120000
Data Science Manager,Senior-level,Remote,North America,Medium,297300
Data Science Manager,Senior-level,Remote,North America,Medium,198200
Data Scientist,Senior-level,On-site,North America,Medium,138900
Data Manager,Senior-level,On-site,North America,Medium,110400
Data Manager,Senior-level,On-site,North America,Medium,68000
Data Scientist,Mid-level,On-site,North America,Medium,260600
Other,Entry-level,Remote,North America,Medium,63750
Other,Entry-level,Remote,North America,Medium,46400
Data Scientist,Senior-level,Remote,North America,Medium,214872
Data Scientist,Senior-level,Remote,North America,Medium,186846
Data Analyst,Mid-level,On-site,North America,Medium,95000
Data Analyst,Mid-level,On-site,North America,Medium,70600
Data Analyst,Mid-level,Remote,North America,Medium,149500
Data Analyst,Mid-level,Remote,North America,Medium,127075
Data Engineer,Senior-level,Remote,North America,Medium,111000
Machine Learning Scientist,Senior-level,Remote,North America,Medium,280000
Machine Learning Scientist,Senior-level,Remote,North America,Medium,182750
Research Engineer,Senior-level,On-site,North America,Medium,196000
Research Engineer,Senior-level,On-site,North America,Medium,142600
Data Architect,Senior-level,Remote,North America,Medium,193000
Data Architect,Senior-level,Remote,North America,Medium,110000
Data Analyst,Senior-level,On-site,North America,Medium,80000
Data Analyst,Senior-level,On-site,North America,Medium,70000
Data Engineer,Executive-level,On-site,North America,Medium,250000
Data Engineer,Senior-level,On-site,North America,Medium,205000
Machine Learning Engineer,Senior-level,Remote,North America,Medium,297300
Machine Learning Engineer,Senior-level,Remote,North America,Medium,198200
Machine Learning Engineer,Senior-level,Remote,North America,Medium,156000
Other,Senior-level,On-site,North America,Medium,196500
Other,Senior-level,On-site,North America,Medium,97300
Machine Learning Engineer,Senior-level,Remote,North America,Medium,192000
Machine Learning Engineer,Senior-level,Remote,North America,Medium,164000
Machine Learning Engineer,Senior-level,Remote,North America,Medium,227700
Machine Learning Engineer,Senior-level,Remote,North America,Medium,154836
Machine Learning Engineer,Mid-level,On-site,North America,Large,285000
Machine Learning Engineer,Mid-level,On-site,North America,Large,190000
Research Scientist,Mid-level,On-site,North America,Large,405000
Research Scientist,Mid-level,On-site,North America,Large,270000
Data Scientist,Mid-level,Remote,North America,Medium,145000
Data Scientist,Mid-level,Remote,North America,Medium,115000
Other,Mid-level,Remote,North America,Medium,130000
Other,Mid-level,Remote,North America,Medium,113000
Data Scientist,Senior-level,On-site,North America,Medium,194500
Data Scientist,Senior-level,On-site,North America,Medium,110250
Data Scientist,Senior-level,On-site,North America,Medium,295000
Data Scientist,Senior-level,On-site,North America,Medium,177300
Applied Scientist,Senior-level,Remote,North America,Medium,192000
Applied Scientist,Senior-level,Remote,North America,Medium,164000
Data Engineer,Entry-level,On-site,North America,Medium,220000
Data Engineer,Entry-level,On-site,North America,Medium,187000
Other,Executive-level,On-site,North America,Medium,353200
Other,Executive-level,On-site,North America,Medium,249300
Data Analyst,Senior-level,On-site,North America,Medium,85000
Data Analyst,Senior-level,On-site,North America,Medium,79000
Data Engineer,Senior-level,On-site,North America,Medium,131000
Applied Scientist,Senior-level,Remote,North America,Medium,220000
Applied Scientist,Senior-level,Remote,North America,Medium,163000
Data Scientist,Senior-level,On-site,North America,Medium,107400
Data Scientist,Senior-level,On-site,North America,Medium,101500
Research Scientist,Mid-level,On-site,North America,Medium,300000
Data Scientist,Senior-level,On-site,North America,Medium,164000
Data Scientist,Senior-level,On-site,North America,Medium,211000
Machine Learning Engineer,Senior-level,On-site,North America,Medium,276000
Machine Learning Engineer,Senior-level,On-site,North America,Medium,184000
Data Analyst,Mid-level,Remote,North America,Medium,115000
Data Analyst,Senior-level,On-site,North America,Medium,167000
Data Engineer,Senior-level,On-site,North America,Medium,144000
Data Engineer,Senior-level,On-site,North America,Medium,96000
Analytics Engineer,Senior-level,Remote,North America,Medium,145000
Analytics Engineer,Senior-level,Remote,North America,Medium,116000
Data Scientist,Senior-level,On-site,North America,Medium,116300
Data Analyst,Senior-level,On-site,North America,Medium,140000
Data Analyst,Senior-level,On-site,North America,Medium,125000
Data Architect,Senior-level,Remote,North America,Medium,175564
Data Architect,Senior-level,Remote,North America,Medium,144854
Machine Learning Engineer,Senior-level,On-site,North America,Medium,225000
Machine Learning Engineer,Senior-level,On-site,North America,Medium,166000
Analytics Engineer,Senior-level,On-site,North America,Medium,190000
Analytics Engineer,Senior-level,On-site,North America,Medium,150000
Data Scientist,Senior-level,Remote,North America,Medium,151300
Data Scientist,Senior-level,Remote,North America,Medium,126100
Research Engineer,Senior-level,On-site,North America,Medium,190000
Research Engineer,Senior-level,On-site,North America,Medium,152000
Machine Learning Engineer,Senior-level,On-site,North America,Medium,190000
Data Analyst,Executive-level,Remote,North America,Medium,180000
Data Analyst,Executive-level,Remote,North America,Medium,125000
Business Intelligence Analyst,Senior-level,On-site,North America,Medium,113000
Business Intelligence Analyst,Senior-level,On-site,North America,Medium,90400
Business Intelligence Engineer,Senior-level,On-site,North America,Medium,204300
Business Intelligence Engineer,Senior-level,On-site,North America,Medium,139000
Data Engineer,Senior-level,On-site,North America,Medium,124000
Research Scientist,Senior-level,On-site,North America,Medium,157000
Machine Learning Engineer,Senior-level,On-site,North America,Large,212800
Machine Learning Engineer,Senior-level,On-site,North America,Large,111600
Data Architect,Senior-level,On-site,North America,Medium,183000
Data Architect,Senior-level,On-site,North America,Medium,147000
Data Engineer,Senior-level,On-site,North America,Medium,169000
Data Engineer,Senior-level,On-site,North America,Medium,91000
Data Architect,Senior-level,On-site,North America,Medium,210000
Data Analyst,Mid-level,On-site,North America,Medium,70900
Data Architect,Senior-level,On-site,North America,Medium,193000
Data Architect,Senior-level,On-site,North America,Medium,128000
Data Engineer,Executive-level,On-site,North America,Medium,174500
Data Engineer,Executive-level,On-site,North America,Medium,113000
Data Analyst,Senior-level,Remote,North America,Medium,80000
Data Engineer,Senior-level,Remote,North America,Medium,115000
Data Scientist,Senior-level,Remote,North America,Medium,202000
Data Science Manager,Senior-level,Remote,North America,Medium,204000
Data Science Manager,Senior-level,Remote,North America,Medium,127500
Data Analyst,Senior-level,On-site,North America,Medium,145500
Data Analyst,Senior-level,On-site,North America,Medium,108000
Data Engineer,Senior-level,Remote,North America,Medium,206000
Data Engineer,Senior-level,Remote,North America,Medium,175100
Data Analyst,Senior-level,Remote,North America,Medium,82500
Data Analyst,Senior-level,On-site,North America,Medium,95000
Data Analyst,Mid-level,On-site,North America,Medium,130000
Other,Mid-level,On-site,North America,Medium,217000
Other,Mid-level,On-site,North America,Medium,192000
Data Specialist,Senior-level,On-site,North America,Medium,90000
Data Specialist,Senior-level,On-site,North America,Medium,60000
AI Engineer,Senior-level,On-site,North America,Medium,350000
AI Engineer,Senior-level,On-site,North America,Medium,168000
Data Science Manager,Senior-level,On-site,North America,Medium,234900
Data Science Manager,Senior-level,On-site,North America,Medium,113500
Data Engineer,Senior-level,On-site,North America,Medium,255000
Other,Senior-level,On-site,North America,Medium,170200
Other,Senior-level,On-site,North America,Medium,83900
Data Engineer,Senior-level,On-site,North America,Medium,202500
Data Engineer,Senior-level,On-site,North America,Medium,177500
Other,Senior-level,Remote,North America,Large,155000
Other,Senior-level,Remote,North America,Large,130000
Data Scientist,Senior-level,Remote,North America,Medium,240000
AI Engineer,Senior-level,On-site,North America,Medium,170200
AI Engineer,Senior-level,On-site,North America,Medium,83900
Research Scientist,Senior-level,On-site,North America,Medium,300000
Research Scientist,Senior-level,On-site,North America,Medium,150000
ML Engineer,Senior-level,On-site,North America,Medium,300000
ML Engineer,Senior-level,On-site,North America,Medium,150000
Data Engineer,Senior-level,On-site,North America,Medium,213600
Data Engineer,Senior-level,On-site,North America,Medium,103200
Data Scientist,Senior-level,Remote,North America,Medium,127500
Research Engineer,Senior-level,On-site,North America,Medium,385000
Research Engineer,Senior-level,On-site,North America,Medium,310000
Data Analyst,Senior-level,Remote,North America,Medium,88000
Machine Learning Engineer,Senior-level,Remote,North America,Medium,158000
Machine Learning Engineer,Senior-level,Remote,North America,Medium,108000
Data Engineer,Senior-level,On-site,North America,Medium,310000
Data Architect,Senior-level,Remote,North America,Medium,306000
Data Architect,Senior-level,Remote,North America,Medium,204000
Other,Executive-level,Remote,North America,Medium,270000
Other,Executive-level,Remote,North America,Medium,200000
Data Engineer,Senior-level,On-site,North America,Medium,188600
Data Engineer,Senior-level,On-site,North America,Medium,111550
AI Engineer,Senior-level,On-site,North America,Medium,360000
AI Engineer,Senior-level,On-site,North America,Medium,240000
Other,Senior-level,On-site,North America,Medium,129100
Other,Senior-level,On-site,North America,Medium,111400
Machine Learning Engineer,Senior-level,On-site,North America,Medium,242921
Machine Learning Engineer,Senior-level,On-site,North America,Medium,170045
Data Architect,Senior-level,On-site,North America,Medium,175000
Data Architect,Senior-level,On-site,North America,Medium,90000
Data Scientist,Entry-level,On-site,North America,Medium,156450
Data Scientist,Entry-level,On-site,North America,Medium,119200
Data Scientist,Mid-level,On-site,North America,Medium,154800
Data Scientist,Mid-level,On-site,North America,Medium,76300
Data Scientist,Senior-level,On-site,North America,Medium,178600
Data Scientist,Senior-level,On-site,North America,Medium,88600
Data Scientist,Senior-level,Remote,North America,Medium,207345
Data Scientist,Senior-level,Remote,North America,Medium,180300
Analytics Engineer,Senior-level,On-site,North America,Medium,205000
Analytics Engineer,Senior-level,On-site,North America,Medium,167500
Data Scientist,Senior-level,Remote,North America,Medium,228045
Data Scientist,Senior-level,Remote,North America,Medium,198300
Other,Mid-level,On-site,North America,Medium,100000
Other,Senior-level,On-site,North America,Medium,140000
Other,Senior-level,On-site,North America,Medium,100000
Other,Mid-level,On-site,North America,Medium,125000
Other,Mid-level,On-site,North America,Medium,120000
Business Intelligence Analyst,Senior-level,On-site,North America,Medium,99000
Data Engineer,Mid-level,Remote,North America,Medium,120000
Business Intelligence Analyst,Senior-level,Remote,North America,Medium,194500
Business Intelligence Analyst,Senior-level,Remote,North America,Medium,132320
Data Analyst,Senior-level,On-site,North America,Medium,223602
Data Analyst,Senior-level,On-site,North America,Medium,143520
Machine Learning Scientist,Senior-level,On-site,North America,Medium,180000
Machine Learning Scientist,Senior-level,On-site,North America,Medium,140000
Data Engineer,Mid-level,Remote,North America,Medium,140000
Data Engineer,Senior-level,On-site,North America,Medium,154000
Data Engineer,Senior-level,On-site,North America,Medium,103000
Data Analyst,Senior-level,Remote,North America,Medium,90000
Data Manager,Executive-level,On-site,North America,Medium,140000
Data Manager,Executive-level,On-site,North America,Medium,100000
Data Analyst,Senior-level,On-site,North America,Medium,118600
Data Analyst,Senior-level,On-site,North America,Medium,96800
Data Scientist,Entry-level,Remote,North America,Medium,100000
Research Scientist,Senior-level,On-site,North America,Medium,172000
Research Scientist,Senior-level,On-site,North America,Medium,125000
Data Engineer,Senior-level,On-site,North America,Medium,250000
Data Architect,Senior-level,On-site,North America,Medium,234900
Data Architect,Senior-level,On-site,North America,Medium,68400
Research Engineer,Senior-level,On-site,North America,Medium,172000
Research Engineer,Senior-level,On-site,North America,Medium,125000
Data Analyst,Senior-level,On-site,North America,Medium,139600
Data Analyst,Senior-level,On-site,North America,Medium,85700
Data Engineer,Senior-level,On-site,North America,Medium,95000
Machine Learning Engineer,Senior-level,Remote,North America,Medium,330000
Machine Learning Engineer,Senior-level,Remote,North America,Medium,188000
Data Analyst,Senior-level,Remote,North America,Medium,106000
Other,Senior-level,Remote,North America,Medium,220000
Other,Senior-level,Remote,North America,Medium,150000
Research Scientist,Mid-level,Remote,North America,Medium,252990
Research Scientist,Mid-level,Remote,North America,Medium,162170
Other,Senior-level,Remote,North America,Medium,260000
Other,Senior-level,Remote,North America,Medium,235000
Other,Senior-level,On-site,North America,Medium,190000
Other,Senior-level,On-site,North America,Medium,145000
Data Scientist,Senior-level,Remote,North America,Medium,212800
Data Scientist,Senior-level,Remote,North America,Medium,111600
Business Intelligence Analyst,Senior-level,On-site,North America,Medium,194521
Business Intelligence Analyst,Senior-level,On-site,North America,Medium,176838
Analytics Engineer,Executive-level,On-site,North America,Medium,200000
Analytics Engineer,Executive-level,On-site,North America,Medium,170000
Data Scientist,Senior-level,On-site,North America,Medium,191765
Data Scientist,Senior-level,On-site,North America,Medium,134236
Data Scientist,Senior-level,On-site,North America,Medium,198800
Data Scientist,Senior-level,On-site,North America,Medium,90700
Other,Mid-level,Remote,North America,Medium,130000
Other,Mid-level,Remote,North America,Medium,115000
Machine Learning Engineer,Mid-level,On-site,North America,Medium,200000
Data Architect,Senior-level,Remote,North America,Medium,155000
Data Manager,Mid-level,On-site,North America,Medium,115500
Data Manager,Mid-level,On-site,North America,Medium,73500
Data Scientist,Senior-level,On-site,North America,Medium,109000
Other,Senior-level,On-site,North America,Medium,221000
Other,Senior-level,On-site,North America,Medium,180000
Data Scientist,Senior-level,On-site,North America,Medium,233300
Data Scientist,Senior-level,On-site,North America,Medium,155500
Research Engineer,Senior-level,On-site,North America,Medium,306000
Data Analyst,Senior-level,Remote,North America,Medium,117500
Data Analyst,Senior-level,Remote,North America,Medium,86720
Data Analyst,Mid-level,On-site,North America,Medium,150000
Data Analyst,Executive-level,Remote,North America,Medium,90000
Data Analyst,Executive-level,Remote,North America,Medium,70000
Data Scientist,Senior-level,Remote,North America,Large,212800
Data Scientist,Senior-level,Remote,North America,Large,111600
Other,Senior-level,Remote,North America,Medium,135000
Other,Senior-level,Remote,North America,Medium,110000
Machine Learning Engineer,Senior-level,On-site,North America,Medium,208450
Machine Learning Engineer,Senior-level,On-site,North America,Medium,151600
Data Scientist,Mid-level,Remote,North America,Medium,155000
Data Scientist,Mid-level,Remote,North America,Medium,135000
Data Engineer,Senior-level,On-site,North America,Medium,223250
Data Engineer,Senior-level,On-site,North America,Medium,156275
Data Engineer,Senior-level,On-site,North America,Medium,220000
Analytics Engineer,Senior-level,Remote,North America,Medium,245000
Analytics Engineer,Senior-level,Remote,North America,Medium,185000
Data Analyst,Mid-level,On-site,North America,Medium,67500
Data Analyst,Mid-level,On-site,North America,Medium,46500
Data Analyst,Mid-level,On-site,North America,Medium,78000
Machine Learning Engineer,Senior-level,Remote,North America,Medium,178200
Machine Learning Engineer,Senior-level,Remote,North America,Medium,115000
Data Scientist,Mid-level,On-site,North America,Medium,204000
Data Engineer,Mid-level,On-site,North America,Medium,143000
Data Engineer,Mid-level,On-site,North America,Medium,95000
Data Scientist,Senior-level,On-site,North America,Medium,156400
Data Scientist,Senior-level,On-site,North America,Medium,253430
Data Scientist,Senior-level,On-site,North America,Medium,212780
Machine Learning Engineer,Senior-level,Remote,North America,Medium,265800
Machine Learning Engineer,Senior-level,Remote,North America,Medium,165500
Data Engineer,Senior-level,Remote,North America,Medium,193000
Data Engineer,Senior-level,Remote,North America,Medium,134000
AI Engineer,Senior-level,Remote,North America,Medium,180000
AI Engineer,Senior-level,Remote,North America,Medium,150000
Other,Mid-level,Remote,North America,Medium,120681
Other,Mid-level,Remote,North America,Medium,72409
Machine Learning Engineer,Senior-level,Remote,North America,Medium,180000
Machine Learning Engineer,Senior-level,Remote,North America,Medium,139750
Data Engineer,Senior-level,Remote,North America,Medium,254000
Other,Senior-level,On-site,North America,Medium,260000
Other,Senior-level,On-site,North America,Medium,192000
Data Scientist,Senior-level,Remote,North America,Medium,272290
Data Scientist,Senior-level,Remote,North America,Medium,169374
Other,Senior-level,Remote,North America,Large,195000
Other,Senior-level,On-site,North America,Medium,204500
Other,Senior-level,On-site,North America,Medium,142200
Data Engineer,Senior-level,On-site,North America,Medium,181500
Data Engineer,Senior-level,On-site,North America,Medium,112200
Other,Mid-level,Remote,North America,Medium,150000
Other,Mid-level,Remote,North America,Medium,100000
Machine Learning Engineer,Senior-level,On-site,North America,Medium,250500
Machine Learning Engineer,Senior-level,On-site,North America,Medium,166600
Data Scientist,Senior-level,On-site,North America,Medium,223290
Data Scientist,Senior-level,On-site,North America,Medium,131310
Research Scientist,Senior-level,On-site,North America,Medium,220000
Research Scientist,Senior-level,On-site,North America,Medium,140000
Research Analyst,Senior-level,On-site,North America,Medium,135960
Research Analyst,Senior-level,On-site,North America,Medium,70960
Data Engineer,Senior-level,On-site,North America,Medium,128750
Data Engineer,Senior-level,On-site,North America,Medium,86250
Data Analyst,Senior-level,Remote,North America,Medium,185100
Data Analyst,Senior-level,Remote,North America,Medium,133300
Data Engineer,Senior-level,On-site,North America,Medium,75000
Other,Entry-level,Remote,North America,Large,130000
ML Engineer,Mid-level,On-site,North America,Medium,85000
Data Manager,Mid-level,On-site,North America,Medium,80000
Data Manager,Mid-level,On-site,North America,Medium,70000
Data Manager,Senior-level,On-site,North America,Medium,105000
Data Manager,Senior-level,On-site,North America,Medium,80000
Data Engineer,Senior-level,On-site,North America,Medium,204750
Data Engineer,Senior-level,On-site,North America,Medium,153550
Data Engineer,Senior-level,On-site,North America,Medium,141000
Research Scientist,Senior-level,Remote,North America,Medium,120000
Machine Learning Engineer,Senior-level,On-site,North America,Medium,207611
Machine Learning Engineer,Senior-level,On-site,North America,Medium,127876
Data Scientist,Mid-level,Remote,North America,Medium,170000
Data Scientist,Mid-level,Remote,North America,Medium,144500
Machine Learning Engineer,Senior-level,On-site,North America,Medium,255360
Machine Learning Engineer,Senior-level,On-site,North America,Medium,212800
Data Analyst,Senior-level,On-site,North America,Medium,106400
Data Analyst,Senior-level,On-site,North America,Medium,81800
Other,Mid-level,Remote,North America,Medium,130000
Other,Mid-level,Remote,North America,Medium,69139
Other,Senior-level,On-site,North America,Medium,300105
Other,Senior-level,On-site,North America,Medium,151090
Other,Mid-level,On-site,North America,Medium,217600
Other,Mid-level,On-site,North America,Medium,145000
Data Engineer,Senior-level,Remote,North America,Medium,129000
Research Analyst,Senior-level,On-site,North America,Medium,185000
Research Analyst,Senior-level,On-site,North America,Medium,50000
Data Engineer,Senior-level,On-site,North America,Medium,108000
Data Analyst,Mid-level,On-site,North America,Medium,80000
Data Analyst,Mid-level,On-site,North America,Medium,59500
Machine Learning Engineer,Senior-level,On-site,North America,Medium,173400
Data Architect,Senior-level,Remote,North America,Medium,215000
Data Architect,Senior-level,Remote,North America,Medium,153000
Other,Senior-level,Remote,North America,Large,60000
Data Engineer,Senior-level,Remote,North America,Medium,202000
Data Engineer,Senior-level,Remote,North America,Medium,132000
Other,Executive-level,On-site,North America,Medium,330000
Other,Executive-level,On-site,North America,Medium,188000
Other,Mid-level,On-site,North America,Medium,110000
Other,Senior-level,Remote,North America,Medium,190000
Other,Senior-level,Remote,North America,Medium,170000
Research Analyst,Senior-level,On-site,North America,Medium,125000
Data Scientist,Senior-level,On-site,North America,Medium,105000
Data Specialist,Mid-level,Remote,North America,Medium,90000
Data Specialist,Mid-level,Remote,North America,Medium,73000
Business Intelligence Analyst,Mid-level,Remote,North America,Medium,150000
Business Intelligence Analyst,Mid-level,Remote,North America,Medium,135000
Other,Executive-level,Remote,North America,Medium,329500
Other,Executive-level,Remote,North America,Medium,269600
Other,Mid-level,On-site,North America,Medium,185900
Other,Mid-level,On-site,North America,Medium,129300
Data Engineer,Mid-level,On-site,North America,Medium,146000
Data Engineer,Mid-level,On-site,North America,Medium,97000
Data Engineer,Senior-level,On-site,North America,Medium,147100
Data Engineer,Senior-level,On-site,North America,Medium,90700
Data Scientist,Senior-level,Remote,North America,Medium,257000
Data Scientist,Senior-level,Remote,North America,Medium,197000
Business Intelligence Engineer,Senior-level,Remote,North America,Medium,120000
Data Engineer,Senior-level,On-site,North America,Medium,84800
Machine Learning Engineer,Senior-level,On-site,North America,Medium,340000
Analytics Engineer,Senior-level,On-site,North America,Medium,213600
Analytics Engineer,Senior-level,On-site,North America,Medium,142400
ML Engineer,Mid-level,Remote,North America,Medium,125000
ML Engineer,Mid-level,Remote,North America,Medium,85000
Data Scientist,Senior-level,On-site,North America,Medium,207900
Data Scientist,Senior-level,On-site,North America,Medium,158400
Other,Senior-level,On-site,North America,Medium,385000
Other,Senior-level,On-site,North America,Medium,200000
Machine Learning Engineer,Senior-level,On-site,North America,Medium,241300
Machine Learning Engineer,Senior-level,On-site,North America,Medium,211949
Other,Senior-level,Remote,North America,Medium,115000
Other,Senior-level,Remote,North America,Medium,90000
Data Scientist,Mid-level,Remote,North America,Medium,172200
Data Scientist,Mid-level,Remote,North America,Medium,131200
Machine Learning Engineer,Senior-level,Remote,North America,Medium,123800
Data Scientist,Senior-level,On-site,North America,Medium,142500
Machine Learning Engineer,Senior-level,On-site,North America,Medium,330000
Machine Learning Engineer,Senior-level,On-site,North America,Medium,204000
Machine Learning Engineer,Executive-level,Remote,North America,Medium,180000
Machine Learning Engineer,Executive-level,Remote,North America,Medium,160000
Business Intelligence Analyst,Senior-level,On-site,North America,Medium,193600
Business Intelligence Analyst,Senior-level,On-site,North America,Medium,130838
Data Engineer,Senior-level,On-site,North America,Medium,225500
Data Engineer,Senior-level,On-site,North America,Medium,139400
Machine Learning Engineer,Senior-level,On-site,North America,Medium,328133
Machine Learning Engineer,Senior-level,On-site,North America,Medium,218755
Data Scientist,Senior-level,On-site,North America,Medium,250830
Data Scientist,Senior-level,On-site,North America,Medium,143370
Analytics Engineer,Senior-level,On-site,North America,Medium,260000
Data Scientist,Senior-level,On-site,North America,Medium,203500
Data Scientist,Senior-level,On-site,North America,Medium,166500
Research Analyst,Senior-level,On-site,North America,Medium,148350
Research Analyst,Senior-level,On-site,North America,Medium,87400
Data Science Consultant,Senior-level,On-site,North America,Medium,157550
Data Science Consultant,Senior-level,On-site,North America,Medium,104650
Data Engineer,Senior-level,Remote,North America,Medium,139500
Data Engineer,Senior-level,Remote,North America,Medium,118575
Data Analyst,Senior-level,On-site,North America,Medium,129150
Data Analyst,Senior-level,On-site,North America,Medium,98400
Other,Senior-level,On-site,North America,Medium,98010
Other,Senior-level,On-site,North America,Medium,66825
Data Science Manager,Senior-level,Remote,North America,Medium,190000
Data Science Manager,Senior-level,Remote,North America,Medium,170000
Machine Learning Engineer,Mid-level,On-site,North America,Small,170000
Machine Learning Engineer,Mid-level,On-site,North America,Small,120000
Data Analyst,Mid-level,On-site,North America,Medium,229000
Data Analyst,Mid-level,On-site,North America,Medium,131000
Data Analyst,Senior-level,Remote,North America,Medium,164000
Data Scientist,Senior-level,On-site,North America,Medium,223800
Data Scientist,Senior-level,On-site,North America,Medium,172100
Applied Scientist,Senior-level,On-site,North America,Medium,258800
Applied Scientist,Senior-level,On-site,North America,Medium,199200
Research Engineer,Senior-level,On-site,North America,Medium,185000
Research Engineer,Senior-level,On-site,North America,Medium,148000
Machine Learning Engineer,Senior-level,On-site,North America,Medium,193600
Machine Learning Engineer,Senior-level,On-site,North America,Medium,119700
Data Scientist,Senior-level,On-site,North America,Medium,175750
Data Scientist,Senior-level,On-site,North America,Medium,136742
Research Engineer,Mid-level,On-site,North America,Medium,257400
Research Engineer,Mid-level,On-site,North America,Medium,193500
Data Scientist,Senior-level,Remote,North America,Medium,228856
Data Scientist,Senior-level,Remote,North America,Medium,144540
Data Architect,Senior-level,Remote,North America,Medium,140000
Data Scientist,Senior-level,Remote,North America,Medium,155000
Data Scientist,Senior-level,Remote,North America,Medium,125000
Data Engineer,Senior-level,Remote,North America,Medium,150600
Data Engineer,Senior-level,Remote,North America,Medium,120500
Analytics Engineer,Senior-level,Remote,North America,Large,200000
Other,Mid-level,On-site,North America,Medium,115500
Other,Mid-level,On-site,North America,Medium,73500
Data Scientist,Senior-level,Remote,North America,Medium,225000
Data Scientist,Senior-level,Remote,North America,Medium,172758
Data Engineer,Senior-level,Remote,North America,Medium,194992
Data Scientist,Mid-level,On-site,North America,Medium,140000
Machine Learning Engineer,Senior-level,On-site,North America,Medium,213800
Machine Learning Engineer,Senior-level,On-site,North America,Medium,180300
Other,Executive-level,Remote,North America,Medium,375500
Other,Executive-level,Remote,North America,Medium,250300
ML Engineer,Senior-level,Remote,North America,Medium,262269
ML Engineer,Senior-level,Remote,North America,Medium,230797
Data Engineer,Mid-level,On-site,North America,Medium,147100
Data Engineer,Mid-level,On-site,North America,Medium,90700
Other,Senior-level,On-site,North America,Medium,185000
Other,Senior-level,On-site,North America,Medium,145000
Data Analyst,Senior-level,Remote,North America,Medium,195000
Data Analyst,Senior-level,Remote,North America,Medium,73500
Other,Senior-level,On-site,North America,Medium,185000
Other,Senior-level,On-site,North America,Medium,145000
Other,Senior-level,Remote,North America,Medium,158900
Other,Senior-level,Remote,North America,Medium,132400
AI Engineer,Mid-level,Remote,North America,Small,140000
Data Manager,Mid-level,On-site,North America,Medium,130000
Data Manager,Mid-level,On-site,North America,Medium,100000
Machine Learning Scientist,Senior-level,On-site,North America,Medium,163800
Machine Learning Scientist,Senior-level,On-site,North America,Medium,126000
Data Scientist,Senior-level,Remote,North America,Medium,111967
Data Analyst,Mid-level,On-site,North America,Medium,88000
Data Engineer,Senior-level,Remote,North America,Medium,216027
Data Engineer,Senior-level,Remote,North America,Medium,101028
Applied Scientist,Senior-level,On-site,North America,Large,309400
Applied Scientist,Senior-level,On-site,North America,Large,159100
Data Engineer,Senior-level,Remote,North America,Medium,174350
Data Engineer,Senior-level,Remote,North America,Medium,126800
Analytics Engineer,Senior-level,On-site,North America,Medium,175000
Analytics Engineer,Senior-level,On-site,North America,Medium,120000
Data Analyst,Senior-level,Remote,North America,Small,130000
Data Analyst,Senior-level,Remote,North America,Small,105000
Machine Learning Engineer,Senior-level,On-site,North America,Medium,232200
Machine Learning Engineer,Senior-level,On-site,North America,Medium,119000
Data Analyst,Senior-level,Remote,North America,Medium,153300
Data Analyst,Senior-level,Remote,North America,Medium,104244
Data Scientist,Senior-level,Remote,North America,Medium,145000
Data Analyst,Mid-level,On-site,North America,Medium,70000
Other,Senior-level,On-site,North America,Medium,198800
Other,Senior-level,On-site,North America,Medium,122600
Data Scientist,Senior-level,On-site,North America,Medium,181500
Data Scientist,Senior-level,On-site,North America,Medium,127000
Other,Mid-level,On-site,North America,Small,210000
ML Engineer,Senior-level,Remote,North America,Medium,385000
ML Engineer,Senior-level,Remote,North America,Medium,245000
AI Engineer,Mid-level,On-site,North America,Medium,225000
AI Engineer,Mid-level,On-site,North America,Medium,175000
Data Analyst,Senior-level,On-site,North America,Medium,131650
Data Analyst,Senior-level,On-site,North America,Medium,105320
Research Engineer,Senior-level,On-site,North America,Medium,210000
Research Engineer,Senior-level,On-site,North America,Medium,151800
Data Scientist,Senior-level,Remote,North America,Medium,147500
Data Scientist,Senior-level,Remote,North America,Medium,112500
Machine Learning Engineer,Senior-level,On-site,North America,Medium,163200
Data Analyst,Senior-level,Remote,North America,Medium,65000
Data Analyst,Senior-level,Remote,North America,Medium,55000
Other,Senior-level,On-site,North America,Medium,165400
Other,Senior-level,On-site,North America,Medium,127300
Machine Learning Engineer,Mid-level,On-site,North America,Medium,145000
Data Scientist,Mid-level,On-site,North America,Medium,126900
Data Scientist,Mid-level,On-site,North America,Medium,77900
Data Analyst,Senior-level,On-site,North America,Medium,169000
Data Analyst,Senior-level,On-site,North America,Medium,110600
Data Scientist,Entry-level,On-site,North America,Medium,140000
Data Scientist,Senior-level,Remote,North America,Medium,162000
Other,Senior-level,On-site,North America,Medium,195000
Other,Senior-level,On-site,North America,Medium,160000
Other,Senior-level,On-site,North America,Medium,154000
Other,Senior-level,On-site,North America,Medium,82000
Data Science Manager,Senior-level,Remote,North America,Medium,160000
Data Science Manager,Senior-level,Remote,North America,Medium,145000
AI Engineer,Senior-level,On-site,North America,Medium,239400
AI Engineer,Senior-level,On-site,North America,Medium,136800
Other,Senior-level,On-site,North America,Medium,204500
Other,Senior-level,On-site,North America,Medium,142200
Data Scientist,Senior-level,Remote,North America,Medium,230000
Machine Learning Engineer,Senior-level,On-site,North America,Medium,323300
Machine Learning Engineer,Senior-level,On-site,North America,Medium,184700
Research Scientist,Senior-level,On-site,North America,Medium,210000
Research Scientist,Senior-level,On-site,North America,Medium,136000
Data Engineer,Senior-level,On-site,North America,Medium,171250
Data Engineer,Senior-level,On-site,North America,Medium,113750
Machine Learning Engineer,Senior-level,Remote,North America,Medium,142000
Data Engineer,Mid-level,On-site,North America,Medium,185900
Data Engineer,Mid-level,On-site,North America,Medium,129300
Machine Learning Engineer,Senior-level,On-site,North America,Medium,194100
Machine Learning Engineer,Senior-level,On-site,North America,Medium,152300
Data Architect,Senior-level,On-site,North America,Medium,190000
Data Architect,Senior-level,On-site,North America,Medium,120000
Research Engineer,Senior-level,Remote,North America,Medium,240000
Research Engineer,Senior-level,Remote,North America,Medium,157250
Data Engineer,Senior-level,Remote,North America,Medium,212000
Data Engineer,Senior-level,Remote,North America,Medium,194400
Data Engineer,Senior-level,Remote,North America,Medium,132192
Analytics Engineer,Senior-level,Remote,North America,Medium,174000
Analytics Engineer,Senior-level,Remote,North America,Medium,134000
Data Engineer,Mid-level,Remote,North America,Medium,152000
Other,Senior-level,On-site,North America,Medium,144700
Other,Senior-level,On-site,North America,Medium,85500
Data Engineer,Executive-level,Remote,North America,Medium,265800
Data Engineer,Executive-level,Remote,North America,Medium,177200
Data Scientist,Senior-level,On-site,North America,Medium,222000
Data Scientist,Senior-level,On-site,North America,Medium,115920
Machine Learning Engineer,Senior-level,Remote,North America,Medium,250000
Data Engineer,Senior-level,On-site,North America,Medium,284310
Data Engineer,Senior-level,On-site,North America,Medium,153090
Research Scientist,Senior-level,On-site,North America,Medium,204500
Research Scientist,Senior-level,On-site,North America,Medium,142200
Data Scientist,Mid-level,On-site,North America,Medium,111000
Data Analyst,Senior-level,Remote,North America,Medium,213210
Data Analyst,Senior-level,Remote,North America,Medium,102434
Data Scientist,Senior-level,On-site,North America,Medium,226600
Data Scientist,Senior-level,On-site,North America,Medium,140100
Data Scientist,Senior-level,Remote,North America,Medium,156400
Research Engineer,Senior-level,On-site,North America,Medium,250000
Analytics Engineer,Senior-level,Remote,North America,Medium,233400
Analytics Engineer,Senior-level,Remote,North America,Medium,145300
Data Engineer,Senior-level,On-site,North America,Medium,248000
Data Engineer,Senior-level,On-site,North America,Medium,149000
Analytics Engineer,Entry-level,Remote,North America,Medium,156450
Analytics Engineer,Entry-level,Remote,North America,Medium,119200
Machine Learning Engineer,Senior-level,On-site,North America,Medium,185000
Machine Learning Engineer,Senior-level,On-site,North America,Medium,120250
Other,Mid-level,On-site,North America,Medium,225000
Other,Mid-level,On-site,North America,Medium,152700
Data Engineer,Mid-level,On-site,North America,Large,139152
Data Engineer,Mid-level,On-site,North America,Large,82452
Other,Mid-level,On-site,North America,Medium,85000
Other,Mid-level,On-site,North America,Medium,65000
Data Analyst,Senior-level,On-site,North America,Medium,139000
Machine Learning Engineer,Executive-level,Remote,North America,Medium,200000
Machine Learning Engineer,Executive-level,Remote,North America,Medium,145000
Machine Learning Engineer,Senior-level,On-site,North America,Medium,269500
Machine Learning Engineer,Executive-level,Remote,North America,Medium,295500
Machine Learning Engineer,Executive-level,Remote,North America,Medium,165200
ML Engineer,Mid-level,On-site,North America,Medium,235000
ML Engineer,Mid-level,On-site,North America,Medium,135000
Analytics Engineer,Senior-level,Remote,North America,Medium,180000
Analytics Engineer,Senior-level,Remote,North America,Medium,144000
Data Manager,Senior-level,On-site,North America,Medium,160667
Data Engineer,Senior-level,On-site,North America,Medium,304200
Data Engineer,Senior-level,On-site,North America,Medium,173800
Other,Mid-level,On-site,North America,Medium,191765
Other,Mid-level,On-site,North America,Medium,134326
Analytics Engineer,Senior-level,On-site,North America,Medium,173000
Machine Learning Engineer,Senior-level,Remote,North America,Medium,258384
Machine Learning Engineer,Senior-level,Remote,North America,Medium,153100
Data Analyst,Senior-level,On-site,North America,Medium,146200
Data Analyst,Senior-level,On-site,North America,Medium,116960
Data Engineer,Senior-level,On-site,North America,Medium,370000
Data Specialist,Senior-level,On-site,North America,Medium,111600
Data Specialist,Senior-level,On-site,North America,Medium,72000
Analytics Engineer,Mid-level,Remote,North America,Medium,90000
Analytics Engineer,Mid-level,Remote,North America,Medium,84000
Data Engineer,Mid-level,On-site,North America,Medium,70000
Data Scientist,Senior-level,Remote,North America,Medium,253000
Data Science Consultant,Senior-level,On-site,North America,Medium,145900
Business Intelligence Analyst,Senior-level,Remote,North America,Medium,127000
Business Intelligence Analyst,Senior-level,Remote,North America,Medium,95000
Data Analyst,Entry-level,On-site,North America,Medium,94600
Data Analyst,Entry-level,On-site,North America,Medium,86000
Data Scientist,Senior-level,On-site,North America,Medium,104000
Data Engineer,Senior-level,On-site,North America,Medium,173650
Data Engineer,Senior-level,On-site,North America,Medium,113900
Data Scientist,Senior-level,Remote,North America,Medium,126000
Other,Senior-level,On-site,North America,Medium,139500
Other,Senior-level,On-site,North America,Medium,110000
Data Scientist,Senior-level,On-site,North America,Medium,248100
Data Scientist,Senior-level,On-site,North America,Medium,145900
Business Intelligence Engineer,Senior-level,On-site,North America,Medium,220000
Business Intelligence Engineer,Senior-level,On-site,North America,Medium,175000
Data Engineer,Senior-level,Remote,North America,Medium,108000
Other,Senior-level,Remote,North America,Medium,182500
Other,Senior-level,Remote,North America,Medium,135000
Other,Mid-level,Remote,North America,Medium,35000
Data Engineer,Executive-level,On-site,North America,Medium,94000
Other,Senior-level,On-site,North America,Medium,91000
Other,Senior-level,On-site,North America,Medium,86000
Other,Senior-level,Remote,North America,Large,180000
Analytics Engineer,Senior-level,On-site,North America,Medium,97750
Analytics Engineer,Senior-level,On-site,North America,Medium,75000
Research Scientist,Entry-level,Remote,North America,Medium,252990
Research Scientist,Entry-level,Remote,North America,Medium,162170
Applied Scientist,Senior-level,On-site,North America,Medium,184000
Data Analyst,Entry-level,On-site,North America,Medium,67500
Data Scientist,Mid-level,Remote,North America,Medium,140000
Data Scientist,Senior-level,Remote,North America,Medium,265000
Data Scientist,Senior-level,Remote,North America,Medium,153000
Data Analyst,Senior-level,Remote,North America,Medium,143000
Data Analyst,Senior-level,Remote,North America,Medium,126277
Data Engineer,Senior-level,On-site,North America,Medium,224500
Data Engineer,Senior-level,On-site,North America,Medium,126900
Applied Scientist,Senior-level,Remote,North America,Medium,227700
Applied Scientist,Senior-level,Remote,North America,Medium,154836
Data Analyst,Senior-level,On-site,North America,Medium,126000
Machine Learning Engineer,Senior-level,On-site,North America,Medium,165000
Analytics Engineer,Senior-level,On-site,North America,Medium,209000
Analytics Engineer,Senior-level,On-site,North America,Medium,112500
Data Architect,Mid-level,Remote,North America,Medium,110000
Data Scientist,Senior-level,On-site,North America,Medium,370000
Data Analyst,Senior-level,Remote,North America,Medium,136000
Data Analyst,Senior-level,Remote,North America,Medium,104000
Applied Scientist,Senior-level,On-site,North America,Medium,214000
Applied Scientist,Senior-level,On-site,North America,Medium,154000
Data Scientist,Senior-level,Remote,North America,Medium,205000
Data Scientist,Senior-level,Remote,North America,Medium,157500
Data Engineer,Senior-level,On-site,North America,Medium,178000
Data Engineer,Senior-level,On-site,North America,Medium,109283
Research Scientist,Senior-level,On-site,North America,Medium,189000
Research Scientist,Senior-level,On-site,North America,Medium,137000
Data Analyst,Mid-level,Remote,North America,Medium,120000
Data Analyst,Senior-level,Remote,North America,Medium,154500
Data Analyst,Senior-level,Remote,North America,Medium,131325
Business Intelligence Engineer,Senior-level,On-site,North America,Medium,140000
Business Intelligence Engineer,Senior-level,On-site,North America,Medium,100000
Data Scientist,Senior-level,Remote,North America,Medium,207500
Data Scientist,Senior-level,Remote,North America,Medium,172900
Data Scientist,Senior-level,On-site,North America,Medium,254000
Other,Senior-level,On-site,North America,Medium,147100
Other,Senior-level,On-site,North America,Medium,90700
Data Analyst,Mid-level,On-site,North America,Medium,90000
Data Engineer,Senior-level,On-site,North America,Medium,168400
Data Engineer,Senior-level,On-site,North America,Medium,105200
Research Engineer,Senior-level,On-site,North America,Medium,237000
Research Engineer,Senior-level,On-site,North America,Medium,170112
Business Intelligence Engineer,Senior-level,Remote,North America,Medium,155000
Business Intelligence Engineer,Senior-level,Remote,North America,Medium,130000
Other,Senior-level,On-site,North America,Medium,105000
Other,Senior-level,On-site,North America,Medium,70000
ML Engineer,Senior-level,Remote,North America,Medium,260000
ML Engineer,Senior-level,Remote,North America,Medium,234000
Other,Senior-level,On-site,North America,Medium,330000
Other,Senior-level,On-site,North America,Medium,204000
Data Scientist,Senior-level,On-site,North America,Medium,167310
Data Engineer,Senior-level,Remote,North America,Medium,121000
Other,Senior-level,Remote,North America,Medium,175000
Other,Senior-level,Remote,North America,Medium,125000
Machine Learning Scientist,Senior-level,Remote,North America,Medium,325000
Machine Learning Scientist,Senior-level,Remote,North America,Medium,171000
Data Science Consultant,Senior-level,On-site,North America,Medium,180000
Data Science Consultant,Senior-level,On-site,North America,Medium,137000
Machine Learning Engineer,Mid-level,On-site,North America,Medium,155810
Machine Learning Engineer,Mid-level,On-site,North America,Medium,106720
Data Analyst,Senior-level,Remote,North America,Medium,133000
Data Analyst,Senior-level,Remote,North America,Medium,113000
Data Scientist,Senior-level,Remote,North America,Medium,208400
Data Engineer,Senior-level,On-site,North America,Medium,157550
Data Engineer,Senior-level,On-site,North America,Medium,104650
Data Engineer,Senior-level,On-site,North America,Large,240500
Data Engineer,Senior-level,On-site,North America,Large,123700
Other,Senior-level,Remote,North America,Large,78000
Data Engineer,Mid-level,On-site,North America,Medium,121000
Data Engineer,Mid-level,On-site,North America,Medium,78000
Data Scientist,Entry-level,On-site,North America,Medium,85600
Data Scientist,Entry-level,On-site,North America,Medium,48915
Data Analyst,Mid-level,On-site,North America,Medium,68000
Data Scientist,Senior-level,On-site,North America,Medium,275500
Data Scientist,Senior-level,On-site,North America,Medium,206000
Data Engineer,Senior-level,On-site,North America,Medium,102000
Data Scientist,Senior-level,On-site,North America,Medium,228000
Data Analyst,Senior-level,Remote,North America,Medium,180000
Data Analyst,Senior-level,Remote,North America,Medium,207611
Data Analyst,Senior-level,Remote,North America,Medium,127876
Data Analyst,Entry-level,On-site,North America,Medium,111000
Other,Mid-level,On-site,North America,Medium,128000
Other,Mid-level,On-site,North America,Medium,81500
Data Analyst,Mid-level,On-site,North America,Medium,97750
Data Engineer,Senior-level,On-site,North America,Medium,195000
Data Analyst,Entry-level,Remote,North America,Medium,132600
Data Analyst,Entry-level,Remote,North America,Medium,81500
Data Engineer,Mid-level,On-site,North America,Medium,202400
Data Engineer,Mid-level,On-site,North America,Medium,147200
Data Scientist,Senior-level,On-site,North America,Medium,239000
Data Analyst,Mid-level,Remote,North America,Medium,54000
Data Analyst,Mid-level,Remote,North America,Medium,36000
Data Scientist,Senior-level,Remote,North America,Medium,176000
Data Scientist,Senior-level,Remote,North America,Medium,118720
Data Engineer,Mid-level,Remote,North America,Medium,95000
Research Engineer,Senior-level,On-site,North America,Medium,240000
Research Engineer,Senior-level,On-site,North America,Medium,157000
Data Engineer,Mid-level,Remote,North America,Medium,136000
Data Scientist,Senior-level,On-site,North America,Medium,272300
Data Scientist,Senior-level,On-site,North America,Medium,222800
Data Manager,Senior-level,Remote,North America,Medium,172750
Data Manager,Senior-level,Remote,North America,Medium,82500
Analytics Engineer,Senior-level,Remote,North America,Medium,207611
Analytics Engineer,Senior-level,Remote,North America,Medium,127876
Research Engineer,Senior-level,On-site,North America,Medium,225000
Research Engineer,Senior-level,On-site,North America,Medium,168000
Data Engineer,Senior-level,On-site,North America,Medium,280600
Data Engineer,Senior-level,On-site,North America,Medium,158600
Machine Learning Engineer,Senior-level,On-site,North America,Medium,218540
Data Engineer,Senior-level,On-site,North America,Medium,178500
Data Scientist,Senior-level,On-site,North America,Medium,323300
Data Scientist,Senior-level,On-site,North America,Medium,184700
Research Scientist,Mid-level,Remote,North America,Medium,185000
Research Scientist,Mid-level,Remote,North America,Medium,137700
Other,Mid-level,Remote,North America,Medium,65100
Other,Mid-level,Remote,North America,Medium,44640
Data Analyst,Mid-level,Remote,North America,Medium,161000
Data Analyst,Mid-level,Remote,North America,Medium,123000
Data Scientist,Senior-level,On-site,North America,Medium,278700
Other,Senior-level,On-site,North America,Medium,125000
Other,Senior-level,On-site,North America,Medium,65000
Data Scientist,Mid-level,On-site,North America,Medium,230000
Data Scientist,Mid-level,On-site,North America,Medium,175000
Applied Scientist,Senior-level,Remote,North America,Medium,252990
Applied Scientist,Senior-level,Remote,North America,Medium,162170
Data Scientist,Senior-level,On-site,North America,Medium,310270
Data Scientist,Senior-level,On-site,North America,Medium,239080
Data Analyst,Senior-level,Remote,North America,Medium,70000
Data Engineer,Mid-level,Remote,North America,Medium,135000
Applied Scientist,Senior-level,Remote,North America,Medium,253000
Applied Scientist,Senior-level,Remote,North America,Medium,172040
Data Engineer,Mid-level,On-site,North America,Medium,135000
Data Engineer,Mid-level,On-site,North America,Medium,108000
Other,Senior-level,Remote,North America,Large,129562
AI Engineer,Senior-level,Remote,North America,Medium,227850
AI Engineer,Senior-level,Remote,North America,Medium,180500
Data Engineer,Senior-level,Remote,North America,Medium,199000
Data Engineer,Senior-level,Remote,North America,Medium,159000
Other,Senior-level,On-site,North America,Medium,350000
Other,Senior-level,On-site,North America,Medium,80000
Machine Learning Engineer,Senior-level,On-site,North America,Medium,174000
Machine Learning Engineer,Senior-level,On-site,North America,Medium,104000
ML Engineer,Senior-level,Remote,North America,Medium,275300
ML Engineer,Senior-level,Remote,North America,Medium,183500
Data Engineer,Senior-level,On-site,North America,Medium,174350
Data Engineer,Senior-level,On-site,North America,Medium,126800
Machine Learning Engineer,Senior-level,On-site,North America,Medium,284050
Machine Learning Engineer,Senior-level,On-site,North America,Medium,193800
Data Engineer,Senior-level,Remote,North America,Medium,232989
Other,Entry-level,Remote,North America,Medium,85000
Data Analyst,Senior-level,On-site,North America,Medium,204500
Data Analyst,Senior-level,On-site,North America,Medium,138900
Other,Senior-level,On-site,North America,Medium,168400
Other,Senior-level,On-site,North America,Medium,105200
Data Scientist,Senior-level,On-site,North America,Medium,147100
Analytics Engineer,Senior-level,Remote,North America,Medium,150550
Analytics Engineer,Senior-level,Remote,North America,Medium,116710
Other,Senior-level,On-site,North America,Medium,147100
Other,Senior-level,On-site,North America,Medium,90700
Research Scientist,Senior-level,On-site,North America,Medium,120000
Data Architect,Senior-level,On-site,North America,Medium,147100
Data Architect,Senior-level,On-site,North America,Medium,90700
Analytics Engineer,Senior-level,Remote,North America,Medium,125000
Analytics Engineer,Senior-level,Remote,North America,Medium,100000
Research Scientist,Senior-level,On-site,North America,Medium,198800
Research Scientist,Senior-level,On-site,North America,Medium,105200
Data Engineer,Senior-level,On-site,North America,Medium,183000
Other,Executive-level,On-site,North America,Medium,167500
Other,Executive-level,On-site,North America,Medium,106500
Data Scientist,Senior-level,On-site,North America,Medium,122000
Data Engineer,Mid-level,On-site,North America,Medium,181500
Data Engineer,Mid-level,On-site,North America,Medium,127000
Data Specialist,Mid-level,On-site,North America,Medium,186000
Data Specialist,Mid-level,On-site,North America,Medium,138000
Data Scientist,Mid-level,On-site,North America,Medium,185000
Data Scientist,Mid-level,On-site,North America,Medium,122000
Data Engineer,Senior-level,On-site,North America,Medium,91270
Data Architect,Senior-level,On-site,North America,Medium,165000
Other,Executive-level,Remote,North America,Medium,247000
Other,Executive-level,Remote,North America,Medium,118440
Data Scientist,Mid-level,On-site,North America,Medium,138900
ML Engineer,Senior-level,Remote,North America,Medium,297300
ML Engineer,Senior-level,Remote,North America,Medium,198200
Business Intelligence Engineer,Senior-level,Remote,North America,Medium,204500
Business Intelligence Engineer,Senior-level,Remote,North America,Medium,138900
Data Specialist,Mid-level,Remote,North America,Medium,87500
Data Specialist,Mid-level,Remote,North America,Medium,62500
Research Scientist,Senior-level,Remote,North America,Medium,136000
Research Scientist,Senior-level,Remote,North America,Medium,90600
Machine Learning Engineer,Senior-level,Remote,North America,Medium,315300
Machine Learning Engineer,Senior-level,Remote,North America,Medium,210200
Other,Mid-level,On-site,North America,Medium,177000
Other,Mid-level,On-site,North America,Medium,110000
Data Analyst,Mid-level,Remote,North America,Medium,65000
Data Analyst,Mid-level,Remote,North America,Medium,55000
Data Scientist,Mid-level,On-site,North America,Medium,183200
Data Scientist,Mid-level,On-site,North America,Medium,122200
Other,Mid-level,Remote,North America,Medium,150000
Data Scientist,Senior-level,Remote,North America,Medium,131000
Data Scientist,Senior-level,Remote,North America,Medium,101000
Business Intelligence Analyst,Senior-level,Remote,North America,Medium,171050
Business Intelligence Analyst,Senior-level,Remote,North America,Medium,124400
Data Scientist,Senior-level,Remote,North America,Medium,187000
Data Scientist,Senior-level,Remote,North America,Medium,128000
Data Analyst,Senior-level,On-site,North America,Medium,138000
Data Analyst,Senior-level,On-site,North America,Medium,92000
Data Engineer,Executive-level,On-site,North America,Medium,200000
Data Scientist,Senior-level,Remote,North America,Medium,120000
Business Intelligence Engineer,Senior-level,On-site,North America,Large,241300
Business Intelligence Engineer,Senior-level,On-site,North America,Large,124100
Data Science Manager,Senior-level,Remote,North America,Medium,185000
Data Science Manager,Senior-level,Remote,North America,Medium,152000
Data Engineer,Senior-level,Remote,North America,Medium,288000
Data Scientist,Senior-level,On-site,North America,Medium,189750
Data Engineer,Senior-level,Remote,North America,Medium,252000
Business Intelligence Engineer,Executive-level,On-site,North America,Medium,247500
Business Intelligence Engineer,Executive-level,On-site,North America,Medium,172200
Business Intelligence Analyst,Mid-level,Remote,North America,Medium,87500
Business Intelligence Analyst,Mid-level,Remote,North America,Medium,62500
Research Engineer,Senior-level,On-site,North America,Medium,273000
Research Engineer,Senior-level,On-site,North America,Medium,166500
Research Analyst,Entry-level,On-site,North America,Medium,65000
Research Analyst,Entry-level,On-site,North America,Medium,45000
Data Scientist,Senior-level,On-site,North America,Medium,174000
Machine Learning Engineer,Senior-level,On-site,North America,Medium,228830
Machine Learning Engineer,Senior-level,On-site,North America,Medium,148590
Other,Mid-level,Remote,North America,Small,140000
Machine Learning Scientist,Senior-level,On-site,North America,Medium,220000
Machine Learning Scientist,Senior-level,On-site,North America,Medium,170000
Business Intelligence Analyst,Senior-level,On-site,North America,Medium,169000
Business Intelligence Analyst,Senior-level,On-site,North America,Medium,110600
Data Engineer,Senior-level,On-site,North America,Medium,78000
Data Analyst,Senior-level,On-site,North America,Medium,81900
Data Engineer,Senior-level,Remote,North America,Medium,208000
Data Engineer,Senior-level,Remote,North America,Medium,109500
Other,Senior-level,On-site,North America,Medium,240000
Other,Senior-level,On-site,North America,Medium,238530
Other,Senior-level,On-site,North America,Medium,95000
Other,Senior-level,On-site,North America,Medium,82000
Data Analyst,Executive-level,On-site,North America,Medium,80000
Data Analyst,Executive-level,On-site,North America,Medium,70000
Data Scientist,Senior-level,On-site,North America,Medium,154700
Data Scientist,Senior-level,On-site,North America,Medium,118900
Data Engineer,Senior-level,On-site,North America,Medium,232960
Data Engineer,Senior-level,On-site,North America,Medium,166400
Data Scientist,Mid-level,On-site,North America,Medium,156000
Data Analyst,Senior-level,On-site,North America,Medium,138860
Data Analyst,Senior-level,On-site,North America,Medium,119610
Data Scientist,Senior-level,On-site,North America,Medium,205485
Data Scientist,Senior-level,On-site,North America,Medium,156560
Analytics Engineer,Senior-level,On-site,North America,Medium,170000
Data Engineer,Mid-level,On-site,North America,Medium,105000
Data Analyst,Senior-level,Remote,North America,Medium,144100
Data Analyst,Senior-level,Remote,North America,Medium,89100
Research Engineer,Senior-level,On-site,North America,Medium,140000
Data Engineer,Senior-level,On-site,North America,Medium,193600
Data Engineer,Senior-level,On-site,North America,Medium,119700
Data Analyst,Senior-level,Remote,North America,Medium,94000
Data Analyst,Senior-level,Remote,North America,Medium,81900
ML Engineer,Mid-level,On-site,North America,Medium,180000
ML Engineer,Mid-level,On-site,North America,Medium,120000
Other,Senior-level,On-site,North America,Medium,104000
Data Scientist,Senior-level,On-site,North America,Medium,201000
Research Engineer,Senior-level,On-site,North America,Medium,141100
Research Engineer,Senior-level,On-site,North America,Medium,94100
Data Scientist,Senior-level,On-site,North America,Medium,126000
Analytics Engineer,Senior-level,On-site,North America,Medium,208500
Analytics Engineer,Senior-level,On-site,North America,Medium,165000
Other,Senior-level,On-site,North America,Medium,169000
Other,Senior-level,On-site,North America,Medium,110600
Other,Senior-level,Remote,North America,Medium,130800
Other,Senior-level,Remote,North America,Medium,87200
Data Engineer,Senior-level,Remote,North America,Medium,215000
ML Engineer,Senior-level,Remote,North America,Medium,238000
ML Engineer,Senior-level,Remote,North America,Medium,173000
Data Science Manager,Senior-level,On-site,North America,Medium,299500
Data Science Manager,Senior-level,On-site,North America,Medium,245100
ML Engineer,Senior-level,Remote,North America,Medium,290000
ML Engineer,Senior-level,Remote,North America,Medium,226000
Data Scientist,Senior-level,Remote,North America,Medium,161000
Data Scientist,Senior-level,Remote,North America,Medium,151000
Data Engineer,Senior-level,Remote,North America,Medium,136994
Data Scientist,Senior-level,On-site,North America,Medium,214500
Analytics Engineer,Senior-level,Remote,North America,Medium,120000
Data Engineer,Senior-level,On-site,North America,Medium,278300
Data Engineer,Senior-level,On-site,North America,Medium,205700
Applied Scientist,Senior-level,On-site,North America,Medium,185900
Applied Scientist,Senior-level,On-site,North America,Medium,167310
Data Engineer,Mid-level,Remote,North America,Medium,114000
Data Engineer,Senior-level,On-site,North America,Medium,194000
Data Engineer,Senior-level,On-site,North America,Medium,161000
Machine Learning Engineer,Senior-level,On-site,North America,Medium,184950
Machine Learning Engineer,Senior-level,On-site,North America,Medium,119250
Data Engineer,Senior-level,Remote,North America,Medium,178500
Data Engineer,Senior-level,Remote,North America,Medium,136000
Machine Learning Engineer,Senior-level,Remote,North America,Medium,189000
Machine Learning Engineer,Senior-level,Remote,North America,Medium,159090
Data Engineer,Mid-level,On-site,North America,Medium,82000
Data Engineer,Senior-level,Remote,North America,Medium,149076
Data Engineer,Senior-level,Remote,North America,Medium,82365
Data Engineer,Senior-level,On-site,North America,Medium,194595
ML Engineer,Senior-level,On-site,North America,Medium,305000
ML Engineer,Senior-level,On-site,North America,Medium,245000
Data Scientist,Senior-level,Remote,North America,Medium,205485
Data Scientist,Senior-level,Remote,North America,Medium,156560
Data Analyst,Senior-level,Remote,North America,Large,168000
Data Analyst,Senior-level,Remote,North America,Large,78400
Machine Learning Engineer,Senior-level,On-site,North America,Medium,175000
Data Engineer,Executive-level,Remote,North America,Medium,130002
Data Engineer,Executive-level,Remote,North America,Medium,71908
Data Analyst,Senior-level,On-site,North America,Medium,212000
Data Analyst,Senior-level,On-site,North America,Medium,132000
Data Analyst,Mid-level,On-site,North America,Medium,177000
Data Analyst,Senior-level,On-site,North America,Medium,148000
Applied Scientist,Senior-level,On-site,North America,Medium,248100
Applied Scientist,Senior-level,On-site,North America,Medium,145900
Other,Senior-level,On-site,North America,Medium,155000
Other,Senior-level,On-site,North America,Medium,38000
Machine Learning Engineer,Senior-level,Remote,North America,Medium,218000
Analytics Engineer,Senior-level,Remote,North America,Medium,235400
Analytics Engineer,Senior-level,Remote,North America,Medium,108320
Data Analyst,Senior-level,Remote,North America,Medium,115934
Data Analyst,Senior-level,Remote,North America,Medium,81666
Data Analyst,Mid-level,On-site,North America,Medium,79000
Research Scientist,Senior-level,On-site,North America,Medium,273400
Research Scientist,Senior-level,On-site,North America,Medium,182200
Data Analyst,Mid-level,On-site,North America,Medium,160000
Data Analyst,Mid-level,On-site,North America,Medium,112000
Data Scientist,Senior-level,Remote,North America,Medium,285000
Data Scientist,Senior-level,Remote,North America,Medium,154000
Applied Scientist,Senior-level,On-site,North America,Medium,220000
Applied Scientist,Senior-level,On-site,North America,Medium,170000
Data Engineer,Mid-level,Remote,North America,Medium,200000
Applied Scientist,Mid-level,On-site,North America,Medium,250000
Applied Scientist,Mid-level,On-site,North America,Medium,125000
Research Scientist,Mid-level,On-site,North America,Medium,275000
Research Scientist,Mid-level,On-site,North America,Medium,200000
Data Analyst,Senior-level,On-site,North America,Medium,122720
Data Engineer,Senior-level,On-site,North America,Medium,231500
Data Engineer,Senior-level,On-site,North America,Medium,118000
Data Scientist,Executive-level,Remote,North America,Medium,299500
Data Scientist,Executive-level,Remote,North America,Medium,249600
Machine Learning Engineer,Senior-level,On-site,North America,Medium,297000
Machine Learning Engineer,Senior-level,On-site,North America,Medium,138000
Data Scientist,Senior-level,Remote,North America,Medium,267100
Data Scientist,Senior-level,Remote,North America,Medium,167200
Data Architect,Senior-level,Remote,North America,Medium,188500
Data Architect,Senior-level,Remote,North America,Medium,117000
Data Scientist,Senior-level,On-site,North America,Medium,150931
Data Scientist,Senior-level,On-site,North America,Medium,143250
Data Engineer,Senior-level,Remote,North America,Medium,231000
Data Engineer,Senior-level,Remote,North America,Medium,157250
Machine Learning Scientist,Senior-level,Remote,North America,Medium,240000
Machine Learning Scientist,Senior-level,Remote,North America,Medium,157250
Data Engineer,Senior-level,On-site,North America,Medium,232000
Data Engineer,Senior-level,On-site,North America,Medium,209000
Data Scientist,Senior-level,On-site,North America,Medium,184250
Data Scientist,Senior-level,On-site,North America,Medium,167500
Data Engineer,Senior-level,Remote,North America,Medium,85000
Data Analyst,Senior-level,On-site,North America,Medium,154440
Data Analyst,Senior-level,On-site,North America,Medium,68550
Data Engineer,Senior-level,On-site,North America,Medium,226600
Data Engineer,Senior-level,On-site,North America,Medium,140100
Data Architect,Senior-level,On-site,North America,Medium,80000
Data Architect,Senior-level,On-site,North America,Medium,52500
Research Engineer,Senior-level,Remote,North America,Medium,253000
Research Engineer,Senior-level,Remote,North America,Medium,156400
Machine Learning Engineer,Senior-level,On-site,North America,Medium,235000
Data Analyst,Senior-level,On-site,North America,Large,223100
Data Analyst,Senior-level,On-site,North America,Large,114700
Data Engineer,Mid-level,Remote,North America,Medium,152375
Data Engineer,Mid-level,Remote,North America,Medium,94000
Data Analyst,Senior-level,On-site,North America,Medium,120350
Data Analyst,Senior-level,On-site,North America,Medium,74400
Data Analyst,Senior-level,Remote,North America,Medium,134000
Data Engineer,Senior-level,Remote,North America,Medium,258750
Data Engineer,Senior-level,Remote,North America,Medium,172500
Data Engineer,Executive-level,On-site,North America,Medium,220000
Data Engineer,Executive-level,On-site,North America,Medium,150000
Data Engineer,Senior-level,On-site,North America,Medium,109528
Other,Senior-level,Remote,North America,Large,160000
Data Analyst,Senior-level,On-site,North America,Medium,93919
Data Analyst,Senior-level,Remote,North America,Medium,186600
Data Analyst,Senior-level,Remote,North America,Medium,119800
ML Engineer,Senior-level,On-site,North America,Medium,383910
ML Engineer,Senior-level,On-site,North America,Medium,315850
Applied Scientist,Mid-level,Remote,North America,Medium,198000
Applied Scientist,Mid-level,Remote,North America,Medium,132000
Data Scientist,Mid-level,Remote,North America,Medium,141600
Data Scientist,Mid-level,Remote,North America,Medium,94400
Data Scientist,Senior-level,Remote,North America,Medium,209450
Data Scientist,Senior-level,Remote,North America,Medium,167560
Data Engineer,Entry-level,On-site,North America,Medium,80000
Data Engineer,Entry-level,On-site,North America,Medium,52500
Data Scientist,Senior-level,On-site,North America,Medium,238000
Data Scientist,Senior-level,On-site,North America,Medium,149500
Data Engineer,Senior-level,Remote,North America,Medium,186600
Data Engineer,Senior-level,Remote,North America,Medium,116500
Applied Scientist,Senior-level,Remote,North America,Medium,175000
Applied Scientist,Senior-level,Remote,North America,Medium,145000
Data Analyst,Senior-level,On-site,North America,Medium,195000
Research Scientist,Mid-level,Remote,North America,Medium,220000
Research Scientist,Mid-level,Remote,North America,Medium,190000
Data Engineer,Senior-level,On-site,North America,Medium,166364
Data Engineer,Senior-level,On-site,North America,Medium,116455
Business Intelligence Analyst,Senior-level,On-site,North America,Medium,145000
Business Intelligence Analyst,Senior-level,On-site,North America,Medium,125000
Data Engineer,Mid-level,Remote,North America,Medium,76000
Data Analyst,Senior-level,On-site,North America,Medium,131000
Data Scientist,Senior-level,Remote,North America,Medium,222000
Data Scientist,Senior-level,Remote,North America,Medium,166500
Data Engineer,Senior-level,Remote,North America,Medium,205600
Data Engineer,Senior-level,Remote,North America,Medium,105700
Other,Senior-level,On-site,North America,Medium,138000
Other,Senior-level,On-site,North America,Medium,67000
Research Engineer,Senior-level,On-site,North America,Medium,211200
Data Analyst,Senior-level,Remote,North America,Medium,230000
Data Analyst,Mid-level,Remote,North America,Medium,60000
Business Intelligence Analyst,Senior-level,Remote,North America,Medium,200000
Business Intelligence Analyst,Senior-level,Remote,North America,Medium,180000
Research Scientist,Entry-level,Remote,North America,Medium,200000
Research Scientist,Entry-level,Remote,North America,Medium,120000
Data Scientist,Executive-level,Remote,North America,Medium,126500
Data Scientist,Executive-level,Remote,North America,Medium,78000
Data Scientist,Senior-level,On-site,North America,Medium,157750
Data Scientist,Senior-level,On-site,North America,Medium,104650
Data Scientist,Senior-level,Remote,North America,Medium,133000
Research Scientist,Mid-level,On-site,North America,Medium,190000
Research Scientist,Mid-level,On-site,North America,Medium,158080
Data Analyst,Senior-level,Remote,North America,Medium,182000
Data Engineer,Senior-level,On-site,North America,Medium,252000
Data Engineer,Senior-level,On-site,North America,Medium,129000
Machine Learning Engineer,Senior-level,On-site,North America,Medium,231000
Machine Learning Engineer,Senior-level,On-site,North America,Medium,200800
Data Scientist,Senior-level,Remote,North America,Medium,159100
Data Scientist,Senior-level,Remote,North America,Medium,120160
Analytics Engineer,Senior-level,Remote,North America,Medium,110000
Machine Learning Engineer,Mid-level,On-site,North America,Medium,149094
Other,Executive-level,Remote,North America,Large,290000
Business Intelligence Engineer,Senior-level,On-site,North America,Medium,247500
Business Intelligence Engineer,Senior-level,On-site,North America,Medium,172200
Data Analyst,Senior-level,Remote,North America,Medium,72250
Data Engineer,Executive-level,On-site,North America,Medium,162500
Research Analyst,Senior-level,Remote,North America,Medium,83000
Research Analyst,Senior-level,Remote,North America,Medium,63967
Research Analyst,Senior-level,On-site,North America,Medium,188600
Research Analyst,Senior-level,On-site,North America,Medium,111550
Machine Learning Engineer,Senior-level,On-site,North America,Medium,219300
Machine Learning Engineer,Senior-level,On-site,North America,Medium,143000
Machine Learning Engineer,Senior-level,On-site,North America,Medium,133300
Data Engineer,Senior-level,Remote,North America,Medium,80000
Data Engineer,Mid-level,On-site,North America,Medium,198900
Data Engineer,Mid-level,On-site,North America,Medium,183310
Machine Learning Engineer,Senior-level,On-site,North America,Medium,392000
Machine Learning Engineer,Senior-level,On-site,North America,Medium,224000
Data Engineer,Senior-level,On-site,North America,Medium,233000
Data Engineer,Senior-level,On-site,North America,Medium,199098
Data Engineer,Senior-level,Remote,North America,Medium,172000
Data Engineer,Senior-level,Remote,North America,Medium,107000
Data Engineer,Mid-level,On-site,North America,Medium,128000
Data Engineer,Mid-level,On-site,North America,Medium,81500
ML Engineer,Senior-level,On-site,North America,Medium,208450
ML Engineer,Senior-level,On-site,North America,Medium,151600
Data Scientist,Mid-level,On-site,North America,Medium,120681
Data Scientist,Mid-level,On-site,North America,Medium,72409
Research Engineer,Senior-level,Remote,North America,Medium,250000
Research Engineer,Senior-level,Remote,North America,Medium,176000
Research Scientist,Senior-level,On-site,North America,Medium,250000
Research Scientist,Senior-level,On-site,North America,Medium,170000
Other,Executive-level,Remote,North America,Large,215936
Data Scientist,Senior-level,On-site,North America,Medium,178560
Data Scientist,Senior-level,On-site,North America,Medium,148800
Other,Senior-level,On-site,North America,Medium,331640
Other,Senior-level,On-site,North America,Medium,283780
Data Engineer,Executive-level,On-site,North America,Medium,167954
Data Engineer,Executive-level,On-site,North America,Medium,115830
Machine Learning Engineer,Senior-level,On-site,North America,Medium,125000
Other,Senior-level,On-site,North America,Medium,185000
Other,Senior-level,On-site,North America,Medium,50000
Data Engineer,Senior-level,On-site,North America,Medium,331640
Data Engineer,Senior-level,On-site,North America,Medium,283780
Research Engineer,Senior-level,On-site,North America,Medium,189110
Research Engineer,Senior-level,On-site,North America,Medium,139000
ML Engineer,Senior-level,Remote,North America,Medium,199000
ML Engineer,Senior-level,Remote,North America,Medium,145000
Other,Senior-level,On-site,North America,Medium,199000
Other,Senior-level,On-site,North America,Medium,142000
Data Analyst,Senior-level,On-site,North America,Medium,66000
Data Analyst,Senior-level,On-site,North America,Medium,52000
Data Scientist,Senior-level,Remote,North America,Medium,200000
Analytics Engineer,Senior-level,On-site,North America,Medium,178560
Analytics Engineer,Senior-level,On-site,North America,Medium,148800
Other,Senior-level,Remote,North America,Large,200000
Data Analyst,Senior-level,On-site,North America,Medium,166500
Data Analyst,Senior-level,On-site,North America,Medium,113220
ML Engineer,Senior-level,On-site,North America,Medium,365630
Data Engineer,Senior-level,On-site,North America,Medium,229000
Data Scientist,Senior-level,On-site,North America,Large,185000
Data Scientist,Senior-level,On-site,North America,Large,86700
Data Analyst,Senior-level,Remote,North America,Medium,192300
Data Analyst,Senior-level,Remote,North America,Medium,153800
Data Analyst,Mid-level,On-site,North America,Medium,131650
Data Analyst,Mid-level,On-site,North America,Medium,105320
Other,Senior-level,On-site,North America,Medium,126400
Machine Learning Engineer,Senior-level,Remote,North America,Medium,235400
Machine Learning Engineer,Senior-level,Remote,North America,Medium,160080
Data Analyst,Senior-level,On-site,North America,Medium,146190
Research Scientist,Mid-level,Remote,North America,Medium,175000
Research Scientist,Senior-level,On-site,North America,Medium,151800
Data Architect,Mid-level,On-site,North America,Medium,150000
Data Architect,Mid-level,On-site,North America,Medium,100000
Data Scientist,Senior-level,On-site,North America,Medium,126500
Data Scientist,Senior-level,On-site,North America,Medium,78000
Data Analyst,Senior-level,On-site,North America,Medium,126500
Data Analyst,Senior-level,On-site,North America,Medium,78000
Data Scientist,Senior-level,On-site,North America,Medium,70000
Data Engineer,Senior-level,Remote,North America,Medium,96000
Data Engineer,Senior-level,Remote,North America,Medium,72000
Data Scientist,Senior-level,Remote,North America,Medium,205150
Data Scientist,Senior-level,Remote,North America,Medium,167850
Data Scientist,Senior-level,On-site,North America,Medium,222750
Data Scientist,Senior-level,On-site,North America,Medium,182250
Machine Learning Engineer,Senior-level,On-site,North America,Medium,148594
Other,Senior-level,Remote,North America,Large,254500
Other,Senior-level,Remote,North America,Large,130900
Data Scientist,Senior-level,Remote,North America,Medium,198000
Data Scientist,Senior-level,Remote,North America,Medium,124000
Other,Senior-level,Remote,North America,Medium,234485
Other,Senior-level,Remote,North America,Medium,112655
Data Analyst,Entry-level,On-site,North America,Medium,125000
Data Scientist,Senior-level,Remote,North America,Medium,184184
Data Scientist,Senior-level,Remote,North America,Medium,167441
Data Engineer,Executive-level,On-site,North America,Medium,204500
Analytics Engineer,Entry-level,On-site,North America,Medium,90000
Analytics Engineer,Entry-level,On-site,North America,Medium,84000
Data Engineer,Senior-level,Remote,North America,Medium,202400
Data Engineer,Senior-level,Remote,North America,Medium,147200
Data Scientist,Senior-level,Remote,North America,Medium,139500
Data Scientist,Senior-level,Remote,North America,Medium,90000
Business Intelligence Engineer,Senior-level,On-site,North America,Medium,192000
Business Intelligence Engineer,Senior-level,On-site,North America,Medium,142000
Other,Senior-level,Remote,North America,Medium,143000
Other,Senior-level,Remote,North America,Medium,129000
Data Scientist,Senior-level,Remote,North America,Medium,191000
Data Specialist,Senior-level,On-site,North America,Medium,85000
Data Specialist,Senior-level,On-site,North America,Medium,70000
Machine Learning Engineer,Senior-level,On-site,North America,Medium,144800
Data Analyst,Mid-level,Remote,North America,Medium,250000
Data Engineer,Senior-level,On-site,North America,Medium,172900
Data Engineer,Senior-level,On-site,North America,Medium,144100
Other,Senior-level,On-site,North America,Medium,160000
Other,Senior-level,On-site,North America,Medium,135000
Data Analyst,Senior-level,Remote,North America,Medium,101500
Data Analyst,Senior-level,Remote,North America,Medium,83700
Data Scientist,Senior-level,On-site,North America,Medium,283000
Data Scientist,Senior-level,On-site,North America,Medium,184000
Data Scientist,Executive-level,On-site,North America,Medium,220000
Data Scientist,Executive-level,On-site,North America,Medium,185000
Applied Scientist,Senior-level,On-site,North America,Medium,246500
Applied Scientist,Senior-level,On-site,North America,Medium,133500
Data Scientist,Senior-level,Remote,North America,Medium,174000
Data Scientist,Senior-level,Remote,North America,Medium,134000
Other,Executive-level,On-site,North America,Medium,330000
Other,Executive-level,On-site,North America,Medium,230000
Data Manager,Mid-level,On-site,North America,Medium,167000
Data Manager,Mid-level,On-site,North America,Medium,109000
Machine Learning Engineer,Senior-level,Remote,North America,Medium,145000
Machine Learning Engineer,Senior-level,Remote,North America,Medium,284000
Machine Learning Engineer,Senior-level,Remote,North America,Medium,227000
Research Scientist,Senior-level,On-site,North America,Medium,205000
Research Scientist,Senior-level,On-site,North America,Medium,160000
Machine Learning Engineer,Senior-level,On-site,North America,Medium,191400
Machine Learning Engineer,Senior-level,On-site,North America,Medium,127600
Other,Mid-level,On-site,North America,Medium,95000
Other,Mid-level,On-site,North America,Medium,70000
Data Engineer,Mid-level,On-site,North America,Medium,258000
Data Engineer,Mid-level,On-site,North America,Medium,171000
Data Engineer,Senior-level,On-site,North America,Medium,151840
Data Engineer,Senior-level,On-site,North America,Medium,163152
Data Engineer,Senior-level,On-site,North America,Medium,108768
Machine Learning Engineer,Senior-level,On-site,North America,Medium,285000
Machine Learning Engineer,Senior-level,On-site,North America,Medium,193900
Research Scientist,Senior-level,On-site,North America,Medium,345000
Research Scientist,Senior-level,On-site,North America,Medium,234700
Other,Senior-level,Remote,North America,Small,100000
Data Engineer,Senior-level,On-site,North America,Medium,241000
Other,Senior-level,Remote,North America,Large,210000
Analytics Engineer,Senior-level,On-site,North America,Medium,90000
Analytics Engineer,Senior-level,On-site,North America,Medium,84000
Data Analyst,Senior-level,Remote,North America,Medium,160000
Analytics Engineer,Senior-level,On-site,North America,Medium,221300
Analytics Engineer,Senior-level,On-site,North America,Medium,147500
Machine Learning Engineer,Senior-level,Remote,North America,Medium,210000
Machine Learning Engineer,Senior-level,Remote,North America,Medium,160000
Analytics Engineer,Senior-level,Remote,North America,Medium,192000
Analytics Engineer,Senior-level,Remote,North America,Medium,151000
Data Scientist,Senior-level,On-site,North America,Medium,169000
Data Engineer,Senior-level,On-site,North America,Medium,204500
Data Engineer,Senior-level,On-site,North America,Medium,142200
Business Intelligence Engineer,Senior-level,On-site,North America,Medium,210000
Business Intelligence Engineer,Senior-level,On-site,North America,Medium,170000
Analytics Engineer,Senior-level,Remote,North America,Medium,210000
Analytics Engineer,Senior-level,Remote,North America,Medium,159090
Data Analyst,Senior-level,Remote,North America,Medium,94400
Data Architect,Mid-level,Remote,North America,Medium,90000
Data Engineer,Entry-level,Remote,North America,Medium,130002
Data Engineer,Entry-level,Remote,North America,Medium,71908
Data Analyst,Mid-level,On-site,North America,Medium,60000
Other,Entry-level,Remote,North America,Large,60000
Data Scientist,Senior-level,On-site,North America,Medium,255000
Analytics Engineer,Senior-level,Remote,North America,Medium,116990
Analytics Engineer,Senior-level,Remote,North America,Medium,82920
Analytics Engineer,Senior-level,Remote,North America,Medium,159000
Analytics Engineer,Senior-level,Remote,North America,Medium,105000
Research Scientist,Mid-level,On-site,North America,Medium,155000
Research Scientist,Mid-level,On-site,North America,Medium,102000
Research Scientist,Senior-level,On-site,North America,Medium,374000
Research Scientist,Senior-level,On-site,North America,Medium,197500
Applied Scientist,Mid-level,Remote,North America,Large,20000
Data Scientist,Senior-level,Remote,North America,Medium,195000
Data Scientist,Senior-level,Remote,North America,Medium,119000
Other,Senior-level,On-site,North America,Medium,266450
Other,Senior-level,On-site,North America,Medium,177700
Other,Senior-level,Remote,North America,Medium,55720
Other,Senior-level,Remote,North America,Medium,50700
Data Architect,Mid-level,On-site,North America,Medium,135000
Data Architect,Mid-level,On-site,North America,Medium,115000
Other,Senior-level,On-site,North America,Medium,302000
Other,Senior-level,On-site,North America,Medium,189000
Machine Learning Engineer,Senior-level,Remote,North America,Medium,220000
Other,Senior-level,Remote,North America,Medium,150000
Other,Senior-level,Remote,North America,Medium,93000
Machine Learning Engineer,Senior-level,Remote,North America,Medium,216000
Machine Learning Engineer,Senior-level,Remote,North America,Medium,184000
Data Science Consultant,Mid-level,Remote,North America,Medium,100000
Data Scientist,Mid-level,On-site,North America,Medium,128750
Data Scientist,Mid-level,On-site,North America,Medium,79350
Research Engineer,Mid-level,On-site,North America,Medium,155000
Research Engineer,Mid-level,On-site,North America,Medium,125000
Machine Learning Engineer,Senior-level,Remote,North America,Medium,273400
Machine Learning Engineer,Senior-level,Remote,North America,Medium,182200
Data Engineer,Senior-level,Remote,North America,Medium,124230
Data Engineer,Senior-level,Remote,North America,Medium,68637
Data Engineer,Mid-level,Remote,North America,Medium,204000
Data Engineer,Mid-level,Remote,North America,Medium,161500
Other,Senior-level,On-site,North America,Medium,185900
Other,Senior-level,On-site,North America,Medium,129300
Data Scientist,Senior-level,On-site,North America,Medium,148750
Data Scientist,Senior-level,Remote,North America,Medium,95000
ML Engineer,Senior-level,On-site,North America,Large,287700
ML Engineer,Senior-level,On-site,North America,Large,148000
Data Scientist,Senior-level,Remote,North America,Medium,227240
Data Scientist,Senior-level,Remote,North America,Medium,197600
Data Scientist,Senior-level,On-site,North America,Medium,178500
Data Engineer,Senior-level,On-site,North America,Medium,285000
Other,Entry-level,Remote,North America,Medium,90000
Machine Learning Engineer,Mid-level,On-site,North America,Medium,237400
Machine Learning Engineer,Mid-level,On-site,North America,Medium,158200
ML Engineer,Senior-level,Remote,North America,Medium,192000
ML Engineer,Senior-level,Remote,North America,Medium,164000
Business Intelligence Engineer,Senior-level,On-site,North America,Medium,150000
Business Intelligence Engineer,Senior-level,On-site,North America,Medium,141000
Analytics Engineer,Senior-level,On-site,North America,Medium,267000
Research Scientist,Senior-level,On-site,North America,Medium,147100
Research Scientist,Senior-level,On-site,North America,Medium,90700
Data Analyst,Senior-level,Remote,North America,Medium,72000
Data Scientist,Senior-level,On-site,North America,Small,240000
Data Scientist,Senior-level,On-site,North America,Small,142000
Machine Learning Engineer,Mid-level,Remote,North America,Small,180000
Machine Learning Engineer,Mid-level,Remote,North America,Small,105000
Data Analyst,Entry-level,Remote,North America,Medium,60000
Machine Learning Engineer,Senior-level,Remote,North America,Medium,268000
Analytics Engineer,Mid-level,On-site,North America,Medium,144628
Analytics Engineer,Mid-level,On-site,North America,Medium,115702
Data Analyst,Senior-level,Remote,North America,Medium,144000
Data Analyst,Senior-level,Remote,North America,Medium,132000
Data Analyst,Senior-level,Remote,North America,Medium,93500
Data Engineer,Senior-level,Remote,North America,Medium,208200
Data Engineer,Senior-level,Remote,North America,Medium,151200
Data Scientist,Senior-level,On-site,North America,Medium,270000
Data Engineer,Executive-level,On-site,North America,Medium,194500
Data Engineer,Executive-level,On-site,North America,Medium,115500
Data Analyst,Entry-level,Remote,North America,Medium,50000
Data Analyst,Entry-level,Remote,North America,Medium,40000
Machine Learning Engineer,Senior-level,On-site,North America,Medium,155000
Machine Learning Engineer,Senior-level,On-site,North America,Medium,100000
Data Analyst,Senior-level,On-site,North America,Medium,65000
Data Architect,Senior-level,Remote,North America,Medium,280100
Data Architect,Senior-level,Remote,North America,Medium,168100
Machine Learning Scientist,Senior-level,On-site,North America,Medium,120000
Data Engineer,Senior-level,Remote,North America,Medium,149040
Data Engineer,Senior-level,Remote,North America,Medium,113900
Machine Learning Scientist,Senior-level,Remote,North America,Medium,165000
Machine Learning Scientist,Senior-level,Remote,North America,Medium,145000
Data Architect,Senior-level,On-site,North America,Medium,274450
Data Architect,Senior-level,On-site,North America,Medium,199600
Data Engineer,Mid-level,On-site,North America,Medium,83500
Data Engineer,Mid-level,On-site,North America,Medium,52500
Data Scientist,Executive-level,Remote,North America,Medium,250000
Data Scientist,Executive-level,Remote,North America,Medium,180000
Data Scientist,Senior-level,Remote,North America,Medium,157000
Data Analyst,Senior-level,Remote,North America,Medium,140700
Data Analyst,Senior-level,Remote,North America,Medium,109600
Machine Learning Engineer,Senior-level,On-site,North America,Medium,278000
Machine Learning Engineer,Senior-level,On-site,North America,Medium,173000
Data Engineer,Senior-level,Remote,North America,Medium,305000
Data Engineer,Senior-level,Remote,North America,Medium,125000
Data Scientist,Entry-level,Remote,North America,Medium,24000
Business Intelligence Engineer,Senior-level,On-site,North America,Medium,259000
Business Intelligence Engineer,Senior-level,On-site,North America,Medium,138750
Data Scientist,Senior-level,Remote,North America,Medium,218000
Data Scientist,Senior-level,Remote,North America,Medium,85000
Data Specialist,Senior-level,On-site,North America,Medium,132000
Data Specialist,Senior-level,On-site,North America,Medium,71500
Analytics Engineer,Senior-level,On-site,North America,Medium,215050
Analytics Engineer,Senior-level,On-site,North America,Medium,113100
Data Scientist,Mid-level,On-site,North America,Medium,130000
Data Engineer,Executive-level,Remote,North America,Medium,250000
Data Engineer,Executive-level,Remote,North America,Medium,200000
Research Scientist,Senior-level,On-site,North America,Medium,168400
Data Analyst,Senior-level,Remote,North America,Medium,136505
Data Analyst,Senior-level,Remote,North America,Medium,100895
Data Engineer,Senior-level,Remote,North America,Medium,275300
Data Engineer,Senior-level,Remote,North America,Medium,183500
Data Scientist,Senior-level,On-site,North America,Medium,168400
Data Scientist,Senior-level,On-site,North America,Medium,105200
Data Architect,Mid-level,Remote,North America,Medium,240000
Data Manager,Mid-level,On-site,North America,Medium,120000
Data Analyst,Mid-level,Remote,North America,Large,93000
Data Engineer,Senior-level,On-site,North America,Medium,105000
Machine Learning Engineer,Senior-level,On-site,North America,Medium,317070
Machine Learning Engineer,Senior-level,On-site,North America,Medium,170730
Machine Learning Engineer,Mid-level,On-site,North America,Medium,170000
Data Engineer,Senior-level,On-site,North America,Medium,158700
Data Engineer,Senior-level,On-site,North America,Medium,123906
Data Engineer,Executive-level,On-site,North America,Medium,333500
Data Engineer,Executive-level,On-site,North America,Medium,180500
Data Engineer,Executive-level,Remote,North America,Medium,257400
Data Engineer,Executive-level,Remote,North America,Medium,210600
Other,Mid-level,On-site,North America,Medium,65000
Other,Mid-level,On-site,North America,Medium,50000
Data Engineer,Senior-level,On-site,North America,Medium,293000
Other,Executive-level,Remote,North America,Medium,260000
Other,Executive-level,Remote,North America,Medium,192000
Machine Learning Scientist,Mid-level,On-site,North America,Medium,170000
Machine Learning Scientist,Mid-level,On-site,North America,Medium,125000
Other,Entry-level,Remote,North America,Large,99000
Machine Learning Engineer,Senior-level,On-site,North America,Medium,233000
Data Engineer,Senior-level,Remote,North America,Medium,185100
Data Engineer,Senior-level,Remote,North America,Medium,127600
Data Analyst,Mid-level,Remote,North America,Medium,105000
Data Analyst,Executive-level,Remote,North America,Medium,160000
Data Analyst,Executive-level,Remote,North America,Medium,55000
Machine Learning Engineer,Senior-level,On-site,North America,Medium,241000
Machine Learning Engineer,Senior-level,On-site,North America,Medium,163000
Data Scientist,Senior-level,On-site,North America,Medium,118000
Machine Learning Engineer,Senior-level,On-site,North America,Medium,311000
Machine Learning Engineer,Senior-level,On-site,North America,Medium,162540
Data Scientist,Executive-level,On-site,North America,Medium,258750
Data Scientist,Executive-level,On-site,North America,Medium,225000
Data Scientist,Executive-level,On-site,North America,Medium,145000
Data Engineer,Senior-level,On-site,North America,Medium,153600
Other,Senior-level,Remote,North America,Medium,182850
Other,Senior-level,Remote,North America,Medium,113000
Data Analyst,Mid-level,On-site,North America,Medium,126000
Data Analyst,Mid-level,On-site,North America,Medium,86400
Data Engineer,Senior-level,Remote,North America,Medium,232760
Data Engineer,Senior-level,Remote,North America,Medium,169280
Data Engineer,Mid-level,On-site,North America,Medium,162500
Data Scientist,Senior-level,Remote,North America,Medium,240350
Data Scientist,Senior-level,Remote,North America,Medium,174800
Data Analyst,Senior-level,Remote,North America,Medium,153600
Data Analyst,Senior-level,Remote,North America,Medium,107500
ML Engineer,Senior-level,Remote,North America,Medium,178000
ML Engineer,Senior-level,Remote,North America,Medium,152000
Data Scientist,Senior-level,Remote,North America,Medium,233200
Other,Senior-level,Remote,North America,Medium,210000
Other,Senior-level,Remote,North America,Medium,160000
Data Analyst,Senior-level,On-site,North America,Medium,206000
Data Specialist,Mid-level,On-site,North America,Medium,110000
Data Specialist,Mid-level,On-site,North America,Medium,70000
Data Scientist,Senior-level,Remote,North America,Medium,150120
Data Scientist,Senior-level,Remote,North America,Medium,120096
Machine Learning Engineer,Senior-level,Remote,North America,Medium,168000
Analytics Engineer,Senior-level,On-site,North America,Medium,178600
Analytics Engineer,Senior-level,On-site,North America,Medium,142880
Data Science Manager,Senior-level,On-site,North America,Medium,255000
Data Science Manager,Senior-level,On-site,North America,Medium,169000
Data Scientist,Mid-level,On-site,North America,Medium,155000
Data Engineer,Mid-level,On-site,North America,Medium,151410
Data Engineer,Mid-level,On-site,North America,Medium,144200
Data Scientist,Entry-level,Remote,North America,Medium,151410
Data Scientist,Entry-level,Remote,North America,Medium,115360
Analytics Engineer,Mid-level,On-site,North America,Medium,193170
Analytics Engineer,Mid-level,On-site,North America,Medium,116480
Data Engineer,Senior-level,Remote,North America,Medium,146000
Other,Executive-level,On-site,North America,Medium,329500
Other,Executive-level,On-site,North America,Medium,269600
Data Architect,Senior-level,On-site,North America,Medium,250500
Data Architect,Senior-level,On-site,North America,Medium,159500
Data Analyst,Entry-level,Remote,North America,Medium,94035
Data Analyst,Entry-level,Remote,North America,Medium,57920
Data Analyst,Senior-level,On-site,North America,Medium,113600
Data Analyst,Senior-level,On-site,North America,Medium,60000
Data Scientist,Senior-level,Remote,North America,Medium,256000
Data Analyst,Senior-level,Remote,North America,Medium,116000
Machine Learning Engineer,Senior-level,On-site,North America,Medium,283200
Machine Learning Engineer,Senior-level,On-site,North America,Medium,188800
Research Scientist,Senior-level,On-site,North America,Medium,205640
Research Scientist,Senior-level,On-site,North America,Medium,142600
Data Engineer,Senior-level,Remote,North America,Medium,193200
Data Engineer,Senior-level,Remote,North America,Medium,156400
Machine Learning Engineer,Senior-level,On-site,North America,Medium,121000
Data Engineer,Senior-level,On-site,North America,Medium,132300
Data Science Manager,Senior-level,On-site,North America,Medium,328000
Data Science Manager,Senior-level,On-site,North America,Medium,211000
Data Scientist,Senior-level,Remote,North America,Medium,237000
Data Scientist,Senior-level,Remote,North America,Medium,201450
ML Engineer,Senior-level,On-site,North America,Medium,229000
ML Engineer,Senior-level,On-site,North America,Medium,206000
Data Scientist,Senior-level,Remote,North America,Medium,231000
ML Engineer,Senior-level,On-site,North America,Medium,183750
ML Engineer,Senior-level,On-site,North America,Medium,165400
Data Engineer,Mid-level,On-site,North America,Medium,175000
Data Scientist,Senior-level,On-site,North America,Medium,285800
Data Scientist,Senior-level,On-site,North America,Medium,154600
Other,Senior-level,On-site,North America,Medium,289120
Other,Senior-level,On-site,North America,Medium,192400
Other,Mid-level,Remote,North America,Large,258000
Data Scientist,Senior-level,On-site,North America,Medium,196000
Data Scientist,Senior-level,On-site,North America,Medium,121000
Data Scientist,Senior-level,On-site,North America,Medium,141000
Data Engineer,Senior-level,On-site,North America,Medium,206000
Applied Scientist,Senior-level,On-site,North America,Medium,192000
Applied Scientist,Senior-level,On-site,North America,Medium,164000
Data Analyst,Senior-level,Remote,North America,Medium,147000
Data Analyst,Senior-level,Remote,North America,Medium,92000
Data Manager,Mid-level,On-site,North America,Medium,110000
Machine Learning Engineer,Senior-level,On-site,North America,Large,261500
Machine Learning Engineer,Senior-level,On-site,North America,Large,134500
Other,Entry-level,Hybrid,North America,Small,83200
Analytics Engineer,Senior-level,Remote,North America,Medium,275300
Analytics Engineer,Senior-level,Remote,North America,Medium,183500
Data Engineer,Senior-level,Remote,North America,Medium,136600
Data Engineer,Senior-level,Remote,North America,Medium,109280
Other,Mid-level,Remote,North America,Medium,70000
Research Engineer,Senior-level,On-site,North America,Medium,281000
Other,Entry-level,Remote,North America,Medium,69500
Data Architect,Senior-level,Remote,North America,Medium,285000
Data Analyst,Entry-level,Remote,North America,Medium,69525
Data Analyst,Entry-level,Remote,North America,Medium,61800
ML Engineer,Senior-level,On-site,North America,Medium,178000
ML Engineer,Senior-level,On-site,North America,Medium,152000
Data Scientist,Entry-level,Remote,North America,Medium,40000
Other,Senior-level,On-site,North America,Medium,130000
Other,Senior-level,On-site,North America,Medium,110000
Data Scientist,Entry-level,Remote,North America,Medium,130001
Data Scientist,Entry-level,Remote,North America,Medium,71907
Data Architect,Senior-level,Remote,North America,Medium,205000
Data Architect,Senior-level,Remote,North America,Medium,150000
Other,Executive-level,On-site,North America,Medium,204500
Other,Executive-level,On-site,North America,Medium,142200
Other,Entry-level,Remote,North America,Medium,60000
Data Scientist,Senior-level,On-site,North America,Medium,277500
Data Scientist,Senior-level,On-site,North America,Medium,236500
Other,Entry-level,Hybrid,North America,Large,100000
Other,Senior-level,Remote,North America,Medium,323905
Research Scientist,Entry-level,On-site,North America,Medium,150000
Research Scientist,Entry-level,On-site,North America,Medium,100000
Data Analyst,Senior-level,On-site,North America,Medium,55000
Other,Mid-level,On-site,North America,Medium,155000
Other,Mid-level,On-site,North America,Medium,140000
Data Engineer,Senior-level,Remote,North America,Medium,265000
Data Engineer,Senior-level,Remote,North America,Medium,217000
Data Analyst,Senior-level,Remote,North America,Medium,83000
Data Analyst,Senior-level,Remote,North America,Medium,208450
Data Analyst,Senior-level,Remote,North America,Medium,170550
Machine Learning Engineer,Senior-level,On-site,North America,Medium,130000
Research Engineer,Entry-level,On-site,North America,Medium,165000
Research Engineer,Entry-level,On-site,North America,Medium,145000
Other,Executive-level,On-site,North America,Medium,336400
Other,Executive-level,On-site,North America,Medium,201900
Data Scientist,Mid-level,On-site,North America,Medium,189750
Data Scientist,Mid-level,On-site,North America,Medium,131100
Data Science Manager,Mid-level,Remote,North America,Medium,270000
Data Science Manager,Mid-level,Remote,North America,Medium,95000
Data Engineer,Mid-level,On-site,North America,Medium,117300
Data Engineer,Mid-level,On-site,North America,Medium,69000
Data Engineer,Senior-level,Remote,North America,Medium,182000
Data Engineer,Senior-level,Remote,North America,Medium,144000
Other,Mid-level,On-site,North America,Medium,244000
Other,Mid-level,On-site,North America,Medium,200000
Data Engineer,Mid-level,On-site,North America,Medium,260000
Machine Learning Engineer,Senior-level,Remote,North America,Medium,225000
Data Scientist,Mid-level,On-site,North America,Medium,102500
Data Engineer,Mid-level,Remote,North America,Medium,186600
Data Engineer,Mid-level,Remote,North America,Medium,116500
Machine Learning Scientist,Senior-level,Remote,North America,Medium,222000
Machine Learning Scientist,Senior-level,Remote,North America,Medium,138000
Machine Learning Scientist,Senior-level,Remote,North America,Medium,292000
Machine Learning Scientist,Senior-level,Remote,North America,Medium,164500
Machine Learning Scientist,Senior-level,Remote,North America,Medium,292200
Data Engineer,Senior-level,On-site,North America,Medium,163800
Data Engineer,Senior-level,On-site,North America,Medium,126000
Other,Senior-level,On-site,North America,Medium,280000
Other,Senior-level,On-site,North America,Medium,210000
Data Scientist,Mid-level,Remote,North America,Medium,150000
Machine Learning Engineer,Mid-level,Remote,North America,Medium,200000
Machine Learning Engineer,Mid-level,Remote,North America,Medium,170000
Other,Executive-level,Remote,North America,Medium,225000
Other,Executive-level,Remote,North America,Medium,175000
Data Science Consultant,Senior-level,On-site,North America,Medium,189750
Data Science Consultant,Senior-level,On-site,North America,Medium,131100
Data Analyst,Senior-level,Remote,North America,Medium,123400
Data Analyst,Senior-level,Remote,North America,Medium,82200
Other,Executive-level,Remote,North America,Medium,225000
Data Engineer,Senior-level,On-site,North America,Medium,161800
Data Engineer,Senior-level,On-site,North America,Medium,121400
Research Scientist,Senior-level,On-site,North America,Medium,285000
Research Scientist,Senior-level,On-site,North America,Medium,193900
Analytics Engineer,Senior-level,On-site,North America,Medium,240000
Analytics Engineer,Senior-level,On-site,North America,Medium,196000
Data Scientist,Senior-level,On-site,North America,Medium,214000
Other,Senior-level,Remote,North America,Medium,170000
Other,Senior-level,Remote,North America,Medium,155000
Data Analyst,Senior-level,On-site,North America,Medium,98000
Machine Learning Engineer,Senior-level,Remote,North America,Medium,199000
Machine Learning Engineer,Senior-level,Remote,North America,Medium,260000
Data Engineer,Executive-level,On-site,North America,Medium,145000
Data Analyst,Senior-level,On-site,North America,Medium,87500
Analytics Engineer,Senior-level,Remote,North America,Medium,231250
Analytics Engineer,Senior-level,Remote,North America,Medium,138750
Machine Learning Engineer,Mid-level,On-site,North America,Medium,155000
Data Engineer,Mid-level,On-site,North America,Medium,242000
Data Engineer,Mid-level,On-site,North America,Medium,195000
Research Scientist,Entry-level,On-site,North America,Medium,155000
Research Scientist,Entry-level,On-site,North America,Medium,125000
Machine Learning Engineer,Mid-level,Remote,North America,Medium,160000
Machine Learning Engineer,Mid-level,Remote,North America,Medium,140000
Data Scientist,Senior-level,On-site,North America,Medium,183924
Data Scientist,Senior-level,On-site,North America,Medium,125760
ML Engineer,Mid-level,Remote,North America,Small,30000
ML Engineer,Mid-level,Remote,North America,Small,25500
Applied Scientist,Entry-level,On-site,North America,Large,213660
Applied Scientist,Entry-level,On-site,North America,Large,130760
Data Engineer,Senior-level,On-site,North America,Medium,253200
Other,Senior-level,On-site,North America,Medium,342810
Other,Senior-level,On-site,North America,Medium,184590
Data Analyst,Mid-level,On-site,North America,Medium,105380
Data Analyst,Mid-level,On-site,North America,Medium,64500
Applied Scientist,Entry-level,On-site,North America,Large,204620
Applied Scientist,Entry-level,On-site,North America,Large,110680
Data Engineer,Senior-level,On-site,North America,Medium,270703
Data Engineer,Senior-level,On-site,North America,Medium,221484
Data Scientist,Senior-level,Remote,North America,Medium,212750
Data Scientist,Senior-level,Remote,North America,Medium,218500
Data Scientist,Senior-level,Remote,North America,Medium,199098
Data Engineer,Senior-level,Remote,North America,Medium,203300
Data Engineer,Senior-level,Remote,North America,Medium,123600
Data Engineer,Senior-level,Remote,North America,Medium,231500
Data Engineer,Senior-level,Remote,North America,Medium,166000
Data Scientist,Senior-level,Remote,North America,Medium,172500
Data Scientist,Senior-level,Remote,North America,Medium,110500
Data Engineer,Senior-level,On-site,North America,Medium,238000
Data Engineer,Senior-level,Remote,North America,Medium,237000
Data Engineer,Senior-level,Remote,North America,Medium,201450
Data Engineer,Senior-level,Remote,North America,Medium,193500
Data Engineer,Senior-level,Remote,North America,Medium,139000
Business Intelligence Engineer,Senior-level,On-site,North America,Medium,185900
Business Intelligence Engineer,Senior-level,On-site,North America,Medium,129300
Machine Learning Engineer,Entry-level,On-site,North America,Medium,163196
Machine Learning Engineer,Entry-level,On-site,North America,Medium,145885
Data Analyst,Senior-level,On-site,North America,Large,202800
Data Analyst,Senior-level,On-site,North America,Large,104300
Data Engineer,Senior-level,On-site,North America,Medium,179170
Data Engineer,Senior-level,On-site,North America,Medium,94300
Analytics Engineer,Senior-level,On-site,North America,Medium,152500
Analytics Engineer,Senior-level,On-site,North America,Medium,116450
Data Engineer,Senior-level,On-site,North America,Medium,133800
Research Scientist,Entry-level,Hybrid,North America,Large,220000
Analytics Engineer,Senior-level,On-site,North America,Medium,214000
Machine Learning Engineer,Senior-level,Remote,North America,Medium,283200
Machine Learning Engineer,Senior-level,Remote,North America,Medium,188800
Data Engineer,Senior-level,Remote,North America,Medium,161800
Data Engineer,Senior-level,Remote,North America,Medium,141600
Machine Learning Engineer,Senior-level,On-site,North America,Large,342300
Machine Learning Engineer,Senior-level,On-site,North America,Large,176100
Data Engineer,Entry-level,On-site,North America,Medium,85000
Data Engineer,Entry-level,On-site,North America,Medium,65000
Data Scientist,Senior-level,Remote,North America,Medium,138784
Data Scientist,Senior-level,Remote,North America,Medium,83270
Data Analyst,Entry-level,On-site,North America,Medium,70000
Machine Learning Engineer,Senior-level,Remote,North America,Medium,318300
Machine Learning Engineer,Senior-level,Remote,North America,Medium,212200
Analytics Engineer,Senior-level,On-site,North America,Medium,230000
Analytics Engineer,Senior-level,On-site,North America,Medium,143200
Other,Mid-level,Hybrid,North America,Large,105000
Data Analyst,Senior-level,On-site,North America,Medium,168400
Data Analyst,Senior-level,On-site,North America,Medium,105200
Data Engineer,Senior-level,Remote,North America,Medium,220000
Machine Learning Engineer,Mid-level,On-site,North America,Medium,250000
Data Scientist,Senior-level,On-site,North America,Medium,186000
Research Engineer,Mid-level,On-site,North America,Medium,230000
Research Engineer,Mid-level,On-site,North America,Medium,200000
Data Engineer,Executive-level,On-site,North America,Medium,205000
Other,Senior-level,On-site,North America,Medium,215000
Other,Senior-level,On-site,North America,Medium,170000
Other,Senior-level,On-site,North America,Medium,100000
Other,Senior-level,On-site,North America,Medium,80000
Data Scientist,Senior-level,On-site,North America,Medium,162500
Other,Mid-level,Remote,North America,Medium,200000
Data Engineer,Executive-level,On-site,North America,Medium,115000
Data Scientist,Senior-level,On-site,North America,Large,239000
Data Scientist,Senior-level,On-site,North America,Large,122900
Data Scientist,Senior-level,On-site,North America,Medium,237000
Data Science Manager,Senior-level,On-site,North America,Medium,191765
Data Science Manager,Senior-level,On-site,North America,Medium,134236
Analytics Engineer,Senior-level,Remote,North America,Medium,190000
Analytics Engineer,Senior-level,Remote,North America,Medium,112000
Data Analyst,Senior-level,On-site,North America,Medium,105500
Research Engineer,Senior-level,On-site,North America,Medium,293000
Data Analyst,Senior-level,On-site,North America,Medium,148500
Analytics Engineer,Senior-level,Remote,North America,Medium,152900
Analytics Engineer,Senior-level,Remote,North America,Medium,117100
Analytics Engineer,Senior-level,Remote,North America,Medium,173000
Analytics Engineer,Senior-level,Remote,North America,Medium,113000
Data Engineer,Executive-level,On-site,North America,Medium,175000
Data Engineer,Executive-level,On-site,North America,Medium,110000
Research Scientist,Senior-level,Remote,North America,Medium,110000
Applied Scientist,Senior-level,Remote,North America,Medium,205000
Data Analyst,Senior-level,Remote,North America,Medium,149500
Data Analyst,Senior-level,Remote,North America,Medium,127075
Data Engineer,Senior-level,Remote,North America,Medium,219535
Data Engineer,Senior-level,Remote,North America,Medium,146115
Analytics Engineer,Executive-level,Remote,North America,Medium,221000
Analytics Engineer,Executive-level,Remote,North America,Medium,153000
Data Analyst,Senior-level,On-site,North America,Medium,187000
Data Engineer,Senior-level,On-site,North America,Medium,109000
Data Analyst,Senior-level,Remote,North America,Medium,142000
Data Manager,Senior-level,On-site,North America,Medium,198800
Data Manager,Senior-level,On-site,North America,Medium,105200
Data Analyst,Senior-level,Remote,North America,Medium,112000
Data Manager,Senior-level,Remote,North America,Medium,115000
Data Manager,Senior-level,Remote,North America,Medium,86000
Data Analyst,Senior-level,On-site,North America,Medium,106000
Machine Learning Engineer,Mid-level,Remote,North America,Medium,280700
Machine Learning Engineer,Mid-level,Remote,North America,Medium,150450
Data Scientist,Mid-level,Remote,North America,Medium,93918
Data Scientist,Mid-level,Remote,North America,Medium,51962
Data Engineer,Senior-level,Remote,North America,Medium,222000
Data Scientist,Senior-level,Remote,North America,Medium,133200
Data Engineer,Senior-level,On-site,North America,Medium,147000
Data Scientist,Senior-level,Remote,North America,Medium,238000
Data Scientist,Senior-level,Remote,North America,Medium,156000
Machine Learning Engineer,Senior-level,Remote,North America,Medium,304000
Data Engineer,Senior-level,On-site,North America,Medium,183600
Data Specialist,Mid-level,On-site,North America,Medium,130000
Other,Senior-level,Remote,North America,Medium,160000
Other,Senior-level,Remote,North America,Medium,120000
Machine Learning Engineer,Senior-level,On-site,North America,Medium,289076
Machine Learning Engineer,Senior-level,On-site,North America,Medium,202353
Data Scientist,Senior-level,Remote,North America,Medium,157750
Data Scientist,Senior-level,Remote,North America,Medium,104650
Data Scientist,Mid-level,Remote,North America,Medium,180000
Data Scientist,Executive-level,On-site,North America,Medium,200000
Other,Mid-level,On-site,North America,Large,68000
Other,Entry-level,Remote,North America,Medium,60000
Research Engineer,Entry-level,On-site,North America,Medium,155000
Research Engineer,Entry-level,On-site,North America,Medium,125000
Machine Learning Engineer,Senior-level,On-site,North America,Medium,181000
Data Scientist,Senior-level,On-site,North America,Medium,252000
Data Scientist,Senior-level,On-site,North America,Medium,154000
Data Architect,Executive-level,On-site,North America,Medium,180000
Data Architect,Executive-level,On-site,North America,Medium,155000
Data Analyst,Entry-level,Remote,North America,Medium,64200
Data Analyst,Entry-level,Remote,North America,Medium,56100
Data Manager,Mid-level,On-site,North America,Medium,135000
Data Analyst,Senior-level,On-site,North America,Medium,153600
Data Analyst,Senior-level,On-site,North America,Medium,100500
Data Analyst,Mid-level,On-site,North America,Medium,182500
Data Analyst,Mid-level,On-site,North America,Medium,121500
Data Engineer,Senior-level,On-site,North America,Medium,203100
Data Engineer,Senior-level,On-site,North America,Medium,114500
Data Engineer,Entry-level,Remote,North America,Medium,92700
Data Architect,Mid-level,On-site,North America,Medium,167500
Data Architect,Mid-level,On-site,North America,Medium,106500
Data Engineer,Executive-level,Remote,North America,Medium,286000
Data Engineer,Executive-level,Remote,North America,Medium,207000
Data Engineer,Senior-level,On-site,North America,Medium,178600
Machine Learning Scientist,Mid-level,On-site,North America,Medium,230000
Machine Learning Scientist,Mid-level,On-site,North America,Medium,220000
Research Scientist,Mid-level,Remote,North America,Medium,210000
Research Scientist,Mid-level,Remote,North America,Medium,151800
Data Scientist,Senior-level,On-site,North America,Medium,317070
Data Scientist,Senior-level,On-site,North America,Medium,170730
Other,Mid-level,Remote,North America,Medium,134000
Other,Mid-level,Remote,North America,Medium,124000
Data Engineer,Senior-level,On-site,North America,Medium,124500
Data Analyst,Senior-level,On-site,North America,Medium,175000
Data Analyst,Senior-level,On-site,North America,Medium,148700
Data Analyst,Senior-level,On-site,North America,Medium,125600
Research Engineer,Entry-level,On-site,North America,Medium,120000
Data Analyst,Senior-level,Remote,North America,Medium,185000
Data Analyst,Senior-level,Remote,North America,Medium,120250
Data Scientist,Senior-level,Remote,North America,Medium,183000
Machine Learning Engineer,Mid-level,Hybrid,North America,Large,135000
Data Engineer,Mid-level,On-site,North America,Medium,143865
Data Engineer,Mid-level,On-site,North America,Medium,115092
Machine Learning Engineer,Mid-level,On-site,North America,Medium,90000
Data Scientist,Senior-level,Remote,North America,Medium,173000
Data Scientist,Senior-level,Remote,North America,Medium,132000
Data Analyst,Senior-level,On-site,North America,Medium,208049
Data Analyst,Senior-level,On-site,North America,Medium,128500
Data Engineer,Mid-level,On-site,North America,Medium,149600
Data Engineer,Mid-level,On-site,North America,Medium,102000
Data Scientist,Executive-level,On-site,North America,Medium,100000
Data Analyst,Senior-level,Remote,North America,Medium,190000
Data Engineer,Mid-level,On-site,North America,Medium,151000
Data Analyst,Mid-level,On-site,North America,Medium,154000
Data Analyst,Mid-level,On-site,North America,Medium,143000
Data Scientist,Entry-level,On-site,North America,Medium,190000
Data Scientist,Entry-level,On-site,North America,Medium,120000
Data Engineer,Senior-level,On-site,North America,Medium,111000
Data Engineer,Executive-level,On-site,North America,Medium,265000
Data Engineer,Executive-level,On-site,North America,Medium,235000
Data Engineer,Mid-level,Remote,North America,Medium,75000
Data Engineer,Mid-level,Remote,North America,Medium,60400
Data Analyst,Mid-level,Remote,North America,Medium,83500
Data Analyst,Mid-level,Remote,North America,Medium,52500
Data Scientist,Senior-level,On-site,North America,Medium,201036
Data Scientist,Senior-level,On-site,North America,Medium,134024
Data Engineer,Entry-level,Remote,North America,Medium,62000
Data Engineer,Entry-level,Remote,North America,Medium,58000
Data Scientist,Senior-level,On-site,North America,Medium,172000
Data Scientist,Senior-level,On-site,North America,Medium,115000
Data Engineer,Entry-level,On-site,North America,Medium,125000
Data Engineer,Entry-level,On-site,North America,Medium,90000
Data Engineer,Senior-level,On-site,North America,Medium,139500
Data Engineer,Senior-level,On-site,North America,Medium,109400
Data Engineer,Mid-level,On-site,North America,Medium,145000
Data Scientist,Senior-level,On-site,North America,Medium,239748
Data Scientist,Senior-level,On-site,North America,Medium,159832
Data Scientist,Senior-level,Remote,North America,Medium,186300
Data Scientist,Senior-level,Remote,North America,Medium,102500
Data Architect,Senior-level,Remote,North America,Medium,149040
Data Architect,Senior-level,Remote,North America,Medium,113900
Data Engineer,Senior-level,Remote,North America,Medium,153600
Data Engineer,Senior-level,Remote,North America,Medium,106800
Data Engineer,Senior-level,Remote,North America,Medium,172600
Data Engineer,Senior-level,Remote,North America,Medium,107900
Data Analyst,Senior-level,On-site,North America,Medium,180180
Data Analyst,Senior-level,On-site,North America,Medium,106020
Data Architect,Senior-level,Remote,North America,Medium,376080
Data Architect,Senior-level,Remote,North America,Medium,213120
Data Analyst,Senior-level,Remote,North America,Medium,206500
Data Analyst,Senior-level,Remote,North America,Medium,121600
Other,Senior-level,Remote,North America,Large,170000
Other,Senior-level,Remote,North America,Large,90000
Data Analyst,Entry-level,Remote,North America,Medium,95000
Data Analyst,Entry-level,Remote,North America,Medium,70000
Machine Learning Engineer,Senior-level,Remote,North America,Medium,120000
Research Engineer,Senior-level,On-site,North America,Medium,175000
Data Analyst,Mid-level,On-site,North America,Medium,206000
Analytics Engineer,Senior-level,On-site,North America,Medium,87000
Data Scientist,Mid-level,On-site,North America,Medium,145000
Data Engineer,Entry-level,On-site,North America,Medium,115100
Data Engineer,Entry-level,On-site,North America,Medium,73900
Other,Mid-level,Remote,North America,Large,130000
Data Scientist,Senior-level,On-site,North America,Medium,205000
Research Scientist,Senior-level,On-site,North America,Medium,141288
Research Scientist,Senior-level,On-site,North America,Medium,94192
Other,Senior-level,Remote,North America,Medium,184000
Other,Senior-level,Remote,North America,Medium,143000
ML Engineer,Mid-level,On-site,North America,Medium,160000
ML Engineer,Mid-level,On-site,North America,Medium,147000
Data Engineer,Executive-level,Remote,North America,Medium,210914
Data Engineer,Executive-level,Remote,North America,Medium,116704
Analytics Engineer,Mid-level,On-site,North America,Medium,185700
Analytics Engineer,Mid-level,On-site,North America,Medium,165000
Other,Senior-level,Remote,North America,Medium,193000
Other,Senior-level,Remote,North America,Medium,136850
Machine Learning Engineer,Senior-level,On-site,North America,Medium,139500
Machine Learning Engineer,Senior-level,On-site,North America,Medium,109400
Data Engineer,Senior-level,Remote,North America,Medium,276000
Machine Learning Engineer,Senior-level,On-site,North America,Medium,163800
Machine Learning Engineer,Senior-level,On-site,North America,Medium,126000
Data Scientist,Mid-level,On-site,North America,Medium,106250
Data Engineer,Executive-level,On-site,North America,Medium,167500
Data Engineer,Executive-level,On-site,North America,Medium,106500
Data Analyst,Senior-level,Remote,North America,Medium,250000
Data Analyst,Senior-level,Remote,North America,Medium,138000
Data Science Manager,Mid-level,On-site,North America,Medium,104500
Data Science Manager,Mid-level,On-site,North America,Medium,70000
Data Science Consultant,Mid-level,On-site,North America,Medium,90000
Data Science Consultant,Mid-level,On-site,North America,Medium,70000
Research Scientist,Mid-level,Remote,North America,Medium,125000
Data Analyst,Senior-level,Remote,North America,Medium,127000
Data Scientist,Senior-level,On-site,North America,Medium,210550
Data Scientist,Senior-level,On-site,North America,Medium,153300
Data Scientist,Mid-level,Remote,North America,Medium,200000
Data Analyst,Senior-level,Remote,North America,Medium,161500
Data Analyst,Senior-level,Remote,North America,Medium,119500
Other,Senior-level,On-site,North America,Medium,105000
Other,Senior-level,On-site,North America,Medium,85000
Research Scientist,Senior-level,On-site,North America,Medium,215000
Research Scientist,Senior-level,On-site,North America,Medium,146300
Machine Learning Engineer,Senior-level,On-site,North America,Medium,153400
Machine Learning Engineer,Senior-level,On-site,North America,Medium,122700
Data Scientist,Senior-level,Remote,North America,Medium,123900
Research Scientist,Mid-level,Remote,North America,Medium,340000
Research Scientist,Mid-level,Remote,North America,Medium,150000
Data Analyst,Senior-level,On-site,North America,Medium,185900
Data Analyst,Senior-level,On-site,North America,Medium,121700
Data Analyst,Entry-level,Remote,North America,Large,100000
Data Engineer,Executive-level,Remote,North America,Medium,310000
Data Engineer,Executive-level,Remote,North America,Medium,239000
Data Analyst,Entry-level,On-site,North America,Medium,150000
Data Scientist,Senior-level,On-site,North America,Medium,149076
Data Scientist,Senior-level,On-site,North America,Medium,82365
Data Analyst,Senior-level,On-site,North America,Medium,85500
Data Scientist,Mid-level,Remote,North America,Medium,97750
Data Scientist,Mid-level,Remote,North America,Medium,116990
Data Scientist,Mid-level,Remote,North America,Medium,82920
Machine Learning Scientist,Mid-level,On-site,North America,Small,200000
Machine Learning Scientist,Mid-level,On-site,North America,Small,125000
Data Manager,Senior-level,On-site,North America,Medium,155000
Data Manager,Senior-level,On-site,North America,Medium,140000
Other,Mid-level,On-site,North America,Medium,205920
Other,Mid-level,On-site,North America,Medium,171600
Data Engineer,Senior-level,Remote,North America,Medium,121500
Data Engineer,Senior-level,Remote,North America,Medium,78000
Data Engineer,Mid-level,On-site,North America,Medium,116000
Data Analyst,Senior-level,On-site,North America,Medium,180000
Research Scientist,Mid-level,On-site,North America,Medium,185000
Research Scientist,Mid-level,On-site,North America,Medium,125000
Data Analyst,Senior-level,Remote,North America,Medium,122000
Data Analyst,Senior-level,Remote,North America,Medium,93800
Other,Entry-level,On-site,North America,Medium,220000
Data Analyst,Senior-level,On-site,North America,Medium,152380
Data Analyst,Senior-level,On-site,North America,Medium,121904
Data Architect,Senior-level,On-site,North America,Medium,168400
Data Architect,Senior-level,On-site,North America,Medium,105200
Machine Learning Engineer,Senior-level,On-site,North America,Medium,128280
Machine Learning Engineer,Senior-level,On-site,North America,Medium,106900
Data Analyst,Senior-level,Remote,North America,Medium,170500
Data Engineer,Senior-level,On-site,North America,Medium,80000
Data Engineer,Senior-level,On-site,North America,Medium,65000
Data Engineer,Senior-level,On-site,North America,Medium,124740
Data Engineer,Senior-level,On-site,North America,Medium,65488
Other,Senior-level,On-site,North America,Medium,72200
Other,Senior-level,On-site,North America,Medium,64980
Data Analyst,Senior-level,Remote,North America,Medium,179975
Data Analyst,Senior-level,Remote,North America,Medium,86466
Data Science Manager,Senior-level,On-site,North America,Medium,175000
Data Science Manager,Senior-level,On-site,North America,Medium,120000
Data Analyst,Senior-level,On-site,North America,Medium,230000
Data Manager,Senior-level,On-site,North America,Medium,120000
Other,Senior-level,On-site,North America,Medium,205920
Other,Senior-level,On-site,North America,Medium,171600
Data Engineer,Senior-level,On-site,North America,Medium,265000
Other,Mid-level,On-site,North America,Medium,130000
Data Engineer,Senior-level,On-site,North America,Medium,167580
Data Engineer,Senior-level,On-site,North America,Medium,87980
Data Engineer,Senior-level,Remote,North America,Medium,104000
Data Engineer,Senior-level,Remote,North America,Medium,65000
Research Engineer,Senior-level,On-site,North America,Medium,230000
Analytics Engineer,Senior-level,On-site,North America,Medium,197000
Analytics Engineer,Senior-level,On-site,North America,Medium,106000
Other,Mid-level,Remote,North America,Medium,150000
Other,Mid-level,Remote,North America,Medium,100000
Data Engineer,Senior-level,Remote,North America,Medium,290000
Data Engineer,Senior-level,On-site,North America,Medium,192000
Data Engineer,Senior-level,On-site,North America,Medium,172800
Data Scientist,Senior-level,On-site,North America,Medium,300240
Data Scientist,Senior-level,On-site,North America,Medium,200160
Analytics Engineer,Senior-level,On-site,North America,Medium,140000
Data Manager,Senior-level,On-site,North America,Medium,169000
Data Manager,Senior-level,On-site,North America,Medium,100000
Data Analyst,Senior-level,Remote,North America,Small,110000
Data Analyst,Senior-level,Remote,North America,Small,80000
Data Analyst,Entry-level,On-site,North America,Medium,55000
Data Analyst,Entry-level,On-site,North America,Medium,48000
Data Engineer,Senior-level,Remote,North America,Medium,137500
Data Engineer,Senior-level,Remote,North America,Medium,81500
Machine Learning Engineer,Senior-level,Remote,North America,Medium,186000
Machine Learning Engineer,Senior-level,Remote,North America,Medium,153088
Other,Mid-level,Remote,North America,Medium,190000
Other,Mid-level,Remote,North America,Medium,160000
Other,Mid-level,On-site,North America,Medium,190000
Other,Mid-level,On-site,North America,Medium,183310
Data Engineer,Senior-level,Remote,North America,Medium,66000
Machine Learning Engineer,Mid-level,On-site,North America,Medium,148500
Machine Learning Engineer,Mid-level,On-site,North America,Medium,126277
Data Architect,Senior-level,On-site,North America,Medium,228000
Other,Senior-level,On-site,North America,Medium,180000
Other,Senior-level,On-site,North America,Medium,90000
Other,Senior-level,On-site,North America,Medium,272000
Other,Senior-level,On-site,North America,Medium,170000
Data Engineer,Senior-level,Remote,North America,Medium,259000
Other,Senior-level,On-site,North America,Medium,247500
Other,Senior-level,On-site,North America,Medium,172200
Machine Learning Engineer,Senior-level,Remote,North America,Medium,288000
Data Scientist,Senior-level,Remote,North America,Medium,215050
Data Architect,Senior-level,Remote,North America,Medium,198000
Data Architect,Senior-level,Remote,North America,Medium,114000
Data Scientist,Senior-level,Remote,North America,Medium,209300
Data Scientist,Senior-level,Remote,North America,Medium,182200
Machine Learning Engineer,Senior-level,On-site,North America,Medium,147100
Machine Learning Engineer,Senior-level,On-site,North America,Medium,90700
Data Analyst,Senior-level,On-site,North America,Medium,227000
Data Architect,Senior-level,Remote,North America,Medium,160000
Data Analyst,Entry-level,Remote,North America,Large,60000
Data Analyst,Entry-level,Hybrid,North America,Large,50000
Data Analyst,Senior-level,On-site,North America,Medium,52500
Data Engineer,Senior-level,Remote,North America,Medium,250000
Data Engineer,Senior-level,Remote,North America,Medium,162500
Data Analyst,Mid-level,On-site,North America,Medium,165000
Data Analyst,Mid-level,On-site,North America,Medium,124000
Data Engineer,Senior-level,Remote,North America,Medium,63000
Data Scientist,Mid-level,On-site,North America,Medium,170000
Data Engineer,Senior-level,Remote,North America,Medium,213580
Data Engineer,Senior-level,Remote,North America,Medium,163625
Data Engineer,Executive-level,On-site,North America,Medium,210000
Data Science Manager,Senior-level,Remote,North America,Medium,231250
Data Science Manager,Senior-level,Remote,North America,Medium,138750
Machine Learning Engineer,Senior-level,On-site,North America,Medium,284310
Machine Learning Engineer,Senior-level,On-site,North America,Medium,153090
Data Analyst,Entry-level,Hybrid,North America,Medium,100000
Other,Senior-level,On-site,North America,Medium,225900
Other,Senior-level,On-site,North America,Medium,156400
Data Analyst,Senior-level,On-site,North America,Medium,385000
Data Engineer,Senior-level,On-site,North America,Medium,241871
Data Engineer,Senior-level,On-site,North America,Medium,133832
Data Scientist,Senior-level,On-site,North America,Medium,216100
Data Scientist,Senior-level,On-site,North America,Medium,140800
Data Scientist,Entry-level,Hybrid,North America,Small,110000
Data Engineer,Executive-level,Remote,North America,Medium,284000
Data Engineer,Executive-level,Remote,North America,Medium,236000
Research Engineer,Senior-level,On-site,North America,Medium,155850
Research Engineer,Senior-level,On-site,North America,Medium,102544
Data Scientist,Mid-level,Remote,North America,Medium,151410
Data Scientist,Mid-level,Remote,North America,Medium,115360
Research Scientist,Mid-level,On-site,North America,Medium,85000
Research Scientist,Mid-level,On-site,North America,Medium,70000
Other,Senior-level,Remote,North America,Medium,100000
Other,Executive-level,On-site,North America,Medium,155000
Other,Executive-level,On-site,North America,Medium,140000
ML Engineer,Senior-level,On-site,North America,Medium,220000
Other,Senior-level,On-site,North America,Medium,204500
Other,Senior-level,On-site,North America,Medium,138900
Machine Learning Engineer,Mid-level,Remote,North America,Large,110000
Data Engineer,Senior-level,Remote,North America,Medium,182750
Data Engineer,Senior-level,On-site,North America,Medium,137500
Other,Executive-level,On-site,North America,Medium,314100
Other,Executive-level,On-site,North America,Medium,195800
Applied Scientist,Senior-level,On-site,North America,Medium,205000
Applied Scientist,Senior-level,On-site,North America,Medium,180000
Data Scientist,Senior-level,Remote,North America,Medium,165000
Data Scientist,Senior-level,Remote,North America,Medium,144000
Other,Entry-level,On-site,North America,Medium,160000
Other,Entry-level,On-site,North America,Medium,100000
Data Manager,Senior-level,On-site,North America,Medium,199000
Data Manager,Senior-level,On-site,North America,Medium,112000
Data Engineer,Entry-level,On-site,North America,Medium,160000
Data Engineer,Entry-level,On-site,North America,Medium,135000
Data Scientist,Senior-level,On-site,North America,Medium,183000
Applied Scientist,Senior-level,On-site,North America,Large,350000
Applied Scientist,Senior-level,On-site,North America,Large,262500
Data Scientist,Senior-level,Remote,North America,Medium,158677
Data Analyst,Mid-level,On-site,North America,Medium,103200
Data Analyst,Mid-level,On-site,North America,Medium,61200
Data Architect,Senior-level,On-site,North America,Medium,174500
Data Architect,Senior-level,On-site,North America,Medium,113000
Data Analyst,Senior-level,Remote,North America,Medium,87000
Data Analyst,Senior-level,Remote,North America,Medium,108000
Data Engineer,Senior-level,Remote,North America,Medium,107250
Data Engineer,Senior-level,On-site,North America,Medium,119000
Data Scientist,Senior-level,Remote,North America,Medium,285800
Data Scientist,Senior-level,Remote,North America,Medium,154600
Data Analyst,Entry-level,Remote,North America,Small,30000
Data Science Manager,Mid-level,On-site,North America,Medium,220000
Data Science Manager,Mid-level,On-site,North America,Medium,195000
Data Manager,Senior-level,On-site,North America,Medium,168400
Analytics Engineer,Senior-level,Remote,North America,Medium,200000
Data Engineer,Senior-level,Remote,North America,Medium,90000
Data Scientist,Entry-level,On-site,North America,Medium,124234
Data Scientist,Entry-level,On-site,North America,Medium,74540
Data Analyst,Senior-level,Remote,North America,Medium,125600
Data Analyst,Senior-level,On-site,North America,Medium,141290
Data Analyst,Senior-level,On-site,North America,Medium,74178
Data Engineer,Senior-level,Remote,North America,Medium,107500
Data Analyst,Mid-level,On-site,North America,Medium,52500
Data Scientist,Senior-level,Remote,North America,Medium,84000
Other,Senior-level,On-site,North America,Medium,125000
Other,Senior-level,On-site,North America,Medium,110000
ML Engineer,Senior-level,On-site,North America,Medium,200000
ML Engineer,Senior-level,On-site,North America,Medium,135000
Other,Senior-level,Remote,North America,Small,200000
Data Scientist,Senior-level,On-site,North America,Medium,257000
Other,Senior-level,Remote,North America,Medium,140000
Data Scientist,Mid-level,On-site,North America,Medium,183310
Data Analyst,Senior-level,Remote,North America,Medium,102500
Data Scientist,Senior-level,On-site,North America,Medium,182000
Data Scientist,Executive-level,On-site,North America,Medium,300000
Data Analyst,Mid-level,On-site,North America,Medium,105500
Data Scientist,Senior-level,On-site,North America,Medium,153400
Data Scientist,Senior-level,On-site,North America,Medium,122700
Machine Learning Engineer,Mid-level,On-site,North America,Medium,87000
Data Scientist,Entry-level,Remote,North America,Medium,50000
ML Engineer,Senior-level,Remote,North America,Medium,234100
ML Engineer,Senior-level,Remote,North America,Medium,203500
Data Engineer,Senior-level,Remote,North America,Medium,232200
Data Engineer,Senior-level,Remote,North America,Medium,167200
Other,Senior-level,On-site,North America,Medium,197000
Other,Senior-level,On-site,North America,Medium,106000
Research Scientist,Senior-level,On-site,North America,Medium,180000
Research Scientist,Senior-level,On-site,North America,Medium,145000
Other,Senior-level,On-site,North America,Medium,225000
Other,Senior-level,On-site,North America,Medium,200000
Data Engineer,Senior-level,Remote,North America,Medium,114000
Data Engineer,Senior-level,On-site,North America,Medium,291500
Data Engineer,Executive-level,On-site,North America,Medium,196200
Data Engineer,Executive-level,On-site,North America,Medium,150900
Data Analyst,Mid-level,On-site,North America,Medium,116000
Data Analyst,Mid-level,On-site,North America,Medium,72000
Analytics Engineer,Senior-level,On-site,North America,Medium,207000
Analytics Engineer,Senior-level,On-site,North America,Medium,167000
Machine Learning Engineer,Senior-level,On-site,North America,Medium,135000
Data Engineer,Senior-level,Remote,North America,Medium,133800
Data Engineer,Senior-level,Remote,North America,Medium,96100
Other,Senior-level,On-site,North America,Medium,140000
Other,Senior-level,On-site,North America,Medium,100000
Other,Senior-level,Remote,North America,Medium,140000
Other,Senior-level,Remote,North America,Medium,115000
Machine Learning Engineer,Mid-level,Hybrid,North America,Large,219000
Applied Scientist,Senior-level,On-site,North America,Large,126100
Applied Scientist,Senior-level,On-site,North America,Large,72000
Machine Learning Engineer,Mid-level,Remote,North America,Medium,175000
Data Analyst,Senior-level,On-site,North America,Medium,240500
Data Analyst,Senior-level,On-site,North America,Medium,137500
Data Scientist,Mid-level,On-site,North America,Medium,187500
Data Scientist,Mid-level,On-site,North America,Medium,165000
Research Scientist,Senior-level,On-site,North America,Medium,165750
Machine Learning Scientist,Senior-level,Remote,North America,Medium,225000
Machine Learning Scientist,Senior-level,Remote,North America,Medium,165750
Data Scientist,Senior-level,Remote,North America,Medium,115000
Other,Senior-level,On-site,North America,Medium,275000
Other,Senior-level,On-site,North America,Medium,175000
Data Engineer,Senior-level,On-site,North America,Medium,175308
Data Engineer,Senior-level,On-site,North America,Medium,100706
Other,Senior-level,On-site,North America,Medium,235000
Other,Senior-level,On-site,North America,Medium,135000
ML Engineer,Senior-level,On-site,North America,Medium,289076
ML Engineer,Senior-level,On-site,North America,Medium,202353
Research Engineer,Mid-level,Remote,North America,Medium,120000
Data Engineer,Senior-level,Remote,North America,Medium,231250
Data Engineer,Senior-level,Remote,North America,Medium,138750
Other,Entry-level,On-site,North America,Medium,150000
Other,Entry-level,On-site,North America,Medium,120000
Data Scientist,Senior-level,On-site,North America,Medium,272550
Data Scientist,Senior-level,On-site,North America,Medium,198200
Data Engineer,Senior-level,Remote,North America,Medium,187500
Data Analyst,Senior-level,Remote,North America,Medium,155000
Data Analyst,Senior-level,Remote,North America,Medium,64000
Applied Scientist,Senior-level,Remote,North America,Medium,142000
Data Scientist,Senior-level,On-site,North America,Medium,180560
Data Scientist,Senior-level,On-site,North America,Medium,115440
Data Engineer,Senior-level,On-site,North America,Medium,141600
Data Engineer,Senior-level,Remote,North America,Medium,236000
Other,Entry-level,Remote,Europe,Medium,50000
Machine Learning Engineer,Senior-level,Remote,Europe,Medium,240000
Machine Learning Engineer,Senior-level,Remote,Europe,Medium,220000
Other,Senior-level,Hybrid,Europe,Small,50000
Other,Senior-level,On-site,Europe,Medium,108000
Other,Senior-level,On-site,Europe,Medium,60000
Other,Senior-level,Remote,Asia,Large,18381
Other,Entry-level,Remote,Asia,Small,20000
Data Science Consultant,Senior-level,Hybrid,Asia,Medium,29301
Data Scientist,Mid-level,Hybrid,Asia,Large,24613
Research Engineer,Entry-level,On-site,Africa,Medium,40581
Research Engineer,Entry-level,On-site,Africa,Medium,38629
Data Engineer,Senior-level,On-site,Africa,Medium,124935
Data Engineer,Senior-level,On-site,Africa,Medium,76050
Other,Mid-level,Hybrid,Africa,Large,34482
Data Analyst,Mid-level,On-site,Other,Medium,46426
Data Analyst,Mid-level,On-site,Other,Medium,38868
Data Engineer,Mid-level,Remote,Other,Medium,75577
Data Engineer,Mid-level,Remote,Other,Medium,48585
Other,Mid-level,Remote,Asia,Large,74883
Other,Mid-level,Hybrid,Asia,Medium,17511
Data Engineer,Senior-level,Remote,Europe,Large,86374
Other,Entry-level,Hybrid,Europe,Medium,80000
Other,Entry-level,Remote,Europe,Small,130000
Other,Mid-level,Remote,Other,Medium,90000
Other,Mid-level,Remote,Other,Small,179998
Other,Mid-level,Remote,Other,Large,17000
Other,Senior-level,Remote,Other,Large,36000
Other,Senior-level,Remote,Other,Large,57000
AI Engineer,Senior-level,On-site,Europe,Medium,38868
Data Scientist,Mid-level,Hybrid,Europe,Large,53984
AI Engineer,Mid-level,Remote,Other,Medium,300000
Machine Learning Engineer,Mid-level,Remote,Europe,Medium,105000
Machine Learning Engineer,Mid-level,Remote,Europe,Medium,95000
AI Engineer,Entry-level,Hybrid,Europe,Large,21593
Other,Mid-level,Remote,Europe,Medium,53984
Other,Mid-level,Remote,Europe,Medium,43187
Data Analyst,Mid-level,Remote,Europe,Medium,48585
Data Analyst,Mid-level,Remote,Europe,Medium,43187
Other,Entry-level,Remote,Europe,Medium,24940
Other,Entry-level,Hybrid,Europe,Large,23753
Data Engineer,Mid-level,Remote,Europe,Small,27000
Other,Senior-level,Remote,Europe,Large,75577
Data Engineer,Senior-level,On-site,Europe,Medium,70179
Data Engineer,Senior-level,On-site,Europe,Medium,37788
Data Analyst,Senior-level,Remote,Europe,Medium,110000
Data Analyst,Senior-level,Remote,Europe,Medium,80000
Data Engineer,Mid-level,Remote,Europe,Large,43187
Data Scientist,Entry-level,On-site,Europe,Medium,34924
Data Engineer,Senior-level,Remote,Europe,Large,46565
Data Analyst,Mid-level,On-site,Asia,Medium,95000
Data Analyst,Mid-level,On-site,Asia,Medium,70000
Data Analyst,Mid-level,Hybrid,Asia,Large,15680
Data Scientist,Senior-level,On-site,Oceania,Medium,205670
Data Scientist,Senior-level,On-site,Oceania,Medium,124233
Data Scientist,Executive-level,Hybrid,Europe,Small,100416
Data Scientist,Senior-level,Hybrid,Europe,Small,76508
Data Scientist,Entry-level,Hybrid,Europe,Large,57223
Other,Entry-level,Remote,Europe,Medium,25000
Analytics Engineer,Entry-level,Remote,Europe,Medium,37573
Machine Learning Engineer,Mid-level,On-site,Europe,Medium,75577
Data Scientist,Senior-level,Hybrid,Europe,Medium,134960
Other,Executive-level,Hybrid,Europe,Large,131721
Data Scientist,Entry-level,On-site,Europe,Large,32390
Machine Learning Engineer,Mid-level,Remote,Europe,Large,97171
Other,Senior-level,Hybrid,Europe,Large,100000
Other,Entry-level,Remote,Africa,Small,18000
Other,Entry-level,On-site,Africa,Small,40000
Applied Scientist,Mid-level,Hybrid,Africa,Medium,36000
Analytics Engineer,Senior-level,Remote,Africa,Small,50000
Other,Entry-level,Remote,Africa,Large,30000
Data Manager,Executive-level,Remote,North America,Small,72000
Data Engineer,Mid-level,Remote,North America,Medium,72000
Data Engineer,Mid-level,Remote,North America,Medium,60000
Data Science Manager,Senior-level,Remote,North America,Medium,150000
Data Science Manager,Senior-level,Remote,North America,Medium,90000
Machine Learning Engineer,Mid-level,Remote,North America,Small,36000
Data Scientist,Mid-level,On-site,Other,Medium,78125
Data Scientist,Mid-level,On-site,Other,Medium,40423
Data Scientist,Senior-level,On-site,Other,Medium,77737
Data Scientist,Senior-level,On-site,Other,Medium,38868
Machine Learning Engineer,Senior-level,On-site,Other,Medium,77737
Machine Learning Engineer,Senior-level,On-site,Other,Medium,38868
Data Science Consultant,Mid-level,Remote,Other,Small,21000
Machine Learning Engineer,Senior-level,On-site,Other,Medium,121788
Machine Learning Engineer,Senior-level,On-site,Other,Medium,79032
Other,Mid-level,On-site,Asia,Small,54000
Other,Entry-level,On-site,Asia,Small,40000
Other,Entry-level,Remote,Africa,Small,50000
Other,Mid-level,Remote,Africa,Small,80000
Other,Senior-level,Remote,Asia,Large,160000
Other,Senior-level,Remote,Europe,Small,53984
Other,Entry-level,Hybrid,Europe,Large,29691
Data Scientist,Mid-level,Remote,Europe,Small,25912
Research Analyst,Senior-level,Remote,Europe,Medium,56359
Research Analyst,Senior-level,Remote,Europe,Medium,47799
Data Engineer,Senior-level,Remote,Europe,Medium,75577
Data Engineer,Senior-level,Remote,Europe,Medium,62433
Other,Senior-level,Remote,Europe,Medium,71475
Other,Senior-level,Remote,Europe,Medium,61541
Other,Senior-level,Hybrid,Asia,Large,120000
Data Engineer,Senior-level,On-site,Asia,Medium,172700
Data Engineer,Senior-level,On-site,Asia,Medium,82900
Other,Entry-level,On-site,Asia,Small,60207
Data Engineer,Entry-level,Hybrid,Asia,Medium,18000
Data Analyst,Entry-level,Hybrid,Asia,Large,20673
Data Science Manager,Mid-level,Hybrid,Asia,Large,38915
Data Science Manager,Senior-level,Remote,Asia,Large,43779
Other,Senior-level,Hybrid,Asia,Large,36483
Other,Senior-level,Remote,Asia,Large,160000
Other,Mid-level,Hybrid,Asia,Large,24322
Other,Mid-level,Hybrid,Asia,Medium,38915
Other,Mid-level,Remote,Asia,Medium,32834
Data Scientist,Mid-level,On-site,Asia,Large,35000
Other,Mid-level,Remote,Asia,Large,20673
Data Engineer,Entry-level,Remote,Asia,Large,17025
Data Scientist,Mid-level,Remote,Asia,Large,17025
Other,Mid-level,Hybrid,Asia,Large,18241
Data Analyst,Entry-level,Hybrid,Asia,Medium,30000
Data Analyst,Senior-level,Remote,Asia,Small,15809
Data Analyst,Entry-level,Remote,Asia,Large,18160
Other,Mid-level,Remote,Asia,Large,16417
Other,Mid-level,Hybrid,Asia,Large,60805
Other,Senior-level,Remote,Asia,Small,115000
Other,Senior-level,On-site,Asia,Large,417937
Data Scientist,Senior-level,Hybrid,Other,Large,75577
Data Scientist,Senior-level,On-site,Other,Medium,171250
Data Scientist,Senior-level,On-site,Other,Medium,113750
Data Scientist,Mid-level,On-site,Other,Medium,97171
Data Scientist,Mid-level,On-site,Other,Medium,80976
Data Engineer,Senior-level,Remote,Other,Medium,102569
Analytics Engineer,Entry-level,On-site,Europe,Large,43000
Data Analyst,Mid-level,On-site,Europe,Medium,110736
Data Analyst,Mid-level,On-site,Europe,Medium,73824
Data Scientist,Mid-level,On-site,Other,Large,65058
Data Scientist,Entry-level,Remote,Europe,Large,19434
Other,Senior-level,Remote,Other,Large,79976
Other,Mid-level,On-site,Africa,Small,36000
Data Analyst,Entry-level,On-site,Europe,Medium,33220
Other,Mid-level,On-site,Europe,Medium,55368
Other,Mid-level,On-site,Europe,Medium,30760
Other,Senior-level,On-site,Europe,Medium,86128
Other,Senior-level,On-site,Europe,Medium,74562
Other,Mid-level,On-site,Europe,Medium,68902
Other,Mid-level,On-site,Europe,Medium,49216
Other,Executive-level,Remote,Europe,Medium,110736
Other,Executive-level,Remote,Europe,Medium,92280
Data Engineer,Senior-level,Remote,Europe,Medium,180514
Data Engineer,Senior-level,Remote,Europe,Medium,108308
Data Scientist,Entry-level,On-site,Europe,Medium,32974
Data Analyst,Entry-level,On-site,Europe,Medium,28299
Data Engineer,Entry-level,On-site,Europe,Medium,92280
Data Engineer,Entry-level,On-site,Europe,Medium,79976
Other,Mid-level,On-site,Europe,Medium,86128
Other,Mid-level,On-site,Europe,Medium,55926
Business Intelligence Engineer,Mid-level,On-site,Europe,Medium,47238
Business Intelligence Engineer,Mid-level,On-site,Europe,Medium,42030
Business Intelligence Analyst,Senior-level,On-site,Europe,Medium,61520
Business Intelligence Analyst,Senior-level,On-site,Europe,Medium,40603
Business Intelligence Analyst,Entry-level,On-site,Europe,Medium,49216
Business Intelligence Analyst,Entry-level,On-site,Europe,Medium,43064
Data Analyst,Entry-level,On-site,Europe,Medium,54137
Data Analyst,Entry-level,On-site,Europe,Medium,43925
Data Analyst,Entry-level,On-site,Europe,Medium,41827
Data Analyst,Entry-level,On-site,Europe,Medium,37944
Data Analyst,Entry-level,On-site,Europe,Medium,92280
Data Analyst,Entry-level,On-site,Europe,Medium,67672
Data Analyst,Senior-level,On-site,Europe,Medium,123040
Data Analyst,Senior-level,On-site,Europe,Medium,92280
Business Intelligence Engineer,Senior-level,On-site,Europe,Medium,73824
Business Intelligence Engineer,Senior-level,On-site,Europe,Medium,49216
Data Scientist,Mid-level,On-site,Europe,Medium,55368
Data Scientist,Mid-level,On-site,Europe,Medium,49216
Data Analyst,Entry-level,On-site,Europe,Medium,73824
Data Analyst,Entry-level,On-site,Europe,Medium,61520
Other,Mid-level,On-site,Europe,Medium,55368
Other,Mid-level,On-site,Europe,Medium,30760
Data Analyst,Entry-level,On-site,Europe,Medium,79976
Data Scientist,Mid-level,On-site,Europe,Medium,43064
Data Scientist,Mid-level,On-site,Europe,Medium,36912
Data Engineer,Senior-level,On-site,Europe,Medium,71363
Data Engineer,Senior-level,On-site,Europe,Medium,55368
Other,Entry-level,Remote,Europe,Medium,49216
Other,Entry-level,Remote,Europe,Medium,36912
Data Engineer,Mid-level,On-site,Europe,Medium,110244
Data Engineer,Mid-level,On-site,Europe,Medium,39372
Data Analyst,Senior-level,Remote,Europe,Small,36912
Other,Mid-level,On-site,Europe,Medium,104584
Other,Mid-level,On-site,Europe,Medium,73824
Data Analyst,Entry-level,On-site,Europe,Medium,32974
Data Analyst,Mid-level,On-site,Europe,Medium,67672
Data Analyst,Mid-level,On-site,Europe,Medium,55368
Data Scientist,Senior-level,Remote,Europe,Medium,172256
Data Scientist,Senior-level,Remote,Europe,Medium,123040
Data Scientist,Mid-level,On-site,Europe,Medium,123040
Data Scientist,Mid-level,On-site,Europe,Medium,86128
Business Intelligence Engineer,Mid-level,On-site,Europe,Medium,43064
Data Scientist,Senior-level,On-site,Europe,Medium,166000
Data Scientist,Senior-level,On-site,Europe,Medium,90000
Data Engineer,Mid-level,On-site,Europe,Medium,70748
Data Engineer,Mid-level,On-site,Europe,Medium,67056
Data Scientist,Senior-level,On-site,Europe,Medium,172256
Data Scientist,Senior-level,On-site,Europe,Medium,123040
Machine Learning Engineer,Mid-level,Remote,Europe,Medium,92280
Machine Learning Engineer,Mid-level,Remote,Europe,Medium,67672
Other,Senior-level,Remote,Europe,Medium,118118
Other,Senior-level,Remote,Europe,Medium,79976
Other,Executive-level,Remote,Europe,Medium,246080
Other,Executive-level,Remote,Europe,Medium,184560
Data Engineer,Mid-level,On-site,Europe,Medium,49216
Data Scientist,Mid-level,On-site,Europe,Medium,73824
Data Analyst,Senior-level,On-site,Europe,Medium,102586
Data Analyst,Senior-level,On-site,Europe,Medium,79981
Data Engineer,Mid-level,On-site,Europe,Medium,89819
Data Engineer,Mid-level,On-site,Europe,Medium,72593
Data Engineer,Mid-level,On-site,Europe,Medium,73824
Data Engineer,Mid-level,On-site,Europe,Medium,55368
Data Manager,Mid-level,On-site,Europe,Medium,73824
Data Manager,Mid-level,On-site,Europe,Medium,67672
Analytics Engineer,Mid-level,On-site,Europe,Medium,369120
Analytics Engineer,Mid-level,On-site,Europe,Medium,73824
Data Analyst,Mid-level,On-site,Europe,Medium,61520
Data Analyst,Mid-level,On-site,Europe,Medium,49216
Data Analyst,Mid-level,Remote,Europe,Medium,55368
Data Analyst,Mid-level,Remote,Europe,Medium,44294
Data Engineer,Senior-level,On-site,Europe,Medium,129192
Data Engineer,Senior-level,On-site,Europe,Medium,98432
AI Engineer,Mid-level,On-site,Europe,Medium,369120
AI Engineer,Mid-level,On-site,Europe,Medium,40680
Data Analyst,Mid-level,On-site,Europe,Medium,369120
Data Analyst,Mid-level,On-site,Europe,Medium,92280
Data Engineer,Senior-level,Remote,Europe,Medium,121809
Data Engineer,Senior-level,Remote,Europe,Medium,83667
Machine Learning Engineer,Mid-level,Remote,Europe,Medium,48585
Other,Senior-level,Remote,Europe,Medium,172256
Other,Senior-level,Remote,Europe,Medium,123040
Data Engineer,Senior-level,On-site,Europe,Medium,73824
Data Engineer,Senior-level,On-site,Europe,Medium,61520
Data Engineer,Senior-level,On-site,Europe,Medium,110736
Data Engineer,Senior-level,On-site,Europe,Medium,92280
Data Analyst,Senior-level,On-site,Europe,Medium,73824
Data Analyst,Senior-level,On-site,Europe,Medium,61520
Data Scientist,Mid-level,Remote,Europe,Medium,79976
Data Scientist,Mid-level,Remote,Europe,Medium,55368
Machine Learning Scientist,Senior-level,On-site,Europe,Medium,210398
Machine Learning Scientist,Senior-level,On-site,Europe,Medium,147648
Data Analyst,Mid-level,On-site,Europe,Medium,73824
Other,Mid-level,On-site,Europe,Medium,81206
Data Scientist,Mid-level,On-site,Europe,Medium,135344
Data Scientist,Mid-level,On-site,Europe,Medium,98432
Other,Executive-level,On-site,Europe,Medium,246080
Other,Executive-level,On-site,Europe,Medium,184560
Data Engineer,Mid-level,Remote,Europe,Medium,67672
Data Architect,Senior-level,On-site,Europe,Medium,104584
Data Architect,Senior-level,On-site,Europe,Medium,92280
Data Engineer,Executive-level,On-site,Europe,Medium,135344
Data Engineer,Executive-level,On-site,Europe,Medium,98432
Research Engineer,Mid-level,Remote,Europe,Medium,86128
Research Engineer,Mid-level,Remote,Europe,Medium,67672
Other,Mid-level,On-site,Europe,Medium,51676
Other,Mid-level,On-site,Europe,Medium,43064
Other,Senior-level,On-site,Europe,Medium,98432
Other,Senior-level,On-site,Europe,Medium,62442
Data Engineer,Mid-level,Remote,Europe,Medium,110736
Data Engineer,Mid-level,Remote,Europe,Medium,92280
Data Engineer,Mid-level,Remote,Europe,Medium,49216
Data Engineer,Mid-level,Remote,Europe,Medium,43064
Data Scientist,Entry-level,On-site,Europe,Medium,160800
Data Scientist,Entry-level,On-site,Europe,Medium,132200
Data Analyst,Entry-level,On-site,Europe,Medium,43064
Other,Mid-level,On-site,Europe,Medium,123040
Other,Mid-level,On-site,Europe,Medium,104584
Machine Learning Engineer,Senior-level,On-site,Europe,Medium,240000
Machine Learning Engineer,Senior-level,On-site,Europe,Medium,160000
Data Engineer,Senior-level,Remote,Europe,Medium,150600
Data Engineer,Senior-level,Remote,Europe,Medium,120500
Data Scientist,Mid-level,Remote,Europe,Medium,110736
Data Scientist,Mid-level,Remote,Europe,Medium,86128
Data Engineer,Entry-level,Remote,Europe,Medium,49216
Data Engineer,Entry-level,Remote,Europe,Medium,43064
Data Architect,Senior-level,Remote,Europe,Medium,138000
Data Architect,Senior-level,Remote,Europe,Medium,92000
Machine Learning Scientist,Senior-level,Remote,Europe,Medium,180514
Machine Learning Scientist,Senior-level,Remote,Europe,Medium,108308
Data Engineer,Senior-level,On-site,Europe,Medium,199000
Data Engineer,Senior-level,On-site,Europe,Medium,162000
Data Analyst,Senior-level,On-site,Europe,Medium,67672
Machine Learning Engineer,Senior-level,Remote,Europe,Medium,210600
Machine Learning Engineer,Senior-level,Remote,Europe,Medium,135000
Data Scientist,Mid-level,Remote,Europe,Medium,135000
Data Scientist,Mid-level,Remote,Europe,Medium,100000
Data Science Consultant,Mid-level,On-site,Europe,Medium,70132
Data Science Consultant,Mid-level,On-site,Europe,Medium,51676
Data Scientist,Senior-level,Remote,Europe,Medium,92280
Data Scientist,Senior-level,Remote,Europe,Medium,79976
Machine Learning Engineer,Senior-level,On-site,Europe,Medium,258800
Machine Learning Engineer,Senior-level,On-site,Europe,Medium,199200
Data Engineer,Mid-level,Remote,Europe,Medium,104584
Data Scientist,Mid-level,Remote,Europe,Medium,61520
Data Scientist,Mid-level,Remote,Europe,Medium,49216
Data Engineer,Executive-level,Remote,Europe,Medium,205785
Data Engineer,Executive-level,Remote,Europe,Medium,123471
Data Scientist,Senior-level,On-site,Europe,Medium,177000
Data Scientist,Senior-level,On-site,Europe,Medium,136000
Data Scientist,Senior-level,On-site,Europe,Medium,277300
Data Scientist,Senior-level,On-site,Europe,Medium,213300
Other,Mid-level,Remote,Europe,Medium,110736
Other,Mid-level,Remote,Europe,Medium,92280
Data Analyst,Entry-level,On-site,Europe,Medium,49216
Data Analyst,Entry-level,On-site,Europe,Medium,41833
Data Analyst,Senior-level,Remote,Europe,Medium,172800
Data Analyst,Senior-level,Remote,Europe,Medium,110000
Data Analyst,Senior-level,On-site,Europe,Medium,134200
Data Analyst,Senior-level,On-site,Europe,Medium,103200
Data Engineer,Mid-level,Remote,Europe,Medium,61520
Data Analyst,Mid-level,Hybrid,Europe,Large,86128
Machine Learning Engineer,Senior-level,On-site,Europe,Medium,146000
Machine Learning Engineer,Senior-level,On-site,Europe,Medium,97400
Research Analyst,Entry-level,On-site,Europe,Medium,43064
Analytics Engineer,Senior-level,Remote,Europe,Medium,230000
Analytics Engineer,Senior-level,Remote,Europe,Medium,170000
Data Scientist,Executive-level,Remote,Europe,Medium,228856
Data Scientist,Executive-level,Remote,Europe,Medium,144540
Machine Learning Engineer,Mid-level,On-site,Europe,Medium,300000
Machine Learning Engineer,Mid-level,On-site,Europe,Medium,200000
Data Scientist,Mid-level,On-site,Europe,Medium,51676
Data Engineer,Senior-level,Remote,Europe,Medium,147648
Data Engineer,Senior-level,Remote,Europe,Medium,98432
Other,Mid-level,On-site,Europe,Medium,110736
Other,Mid-level,On-site,Europe,Medium,55368
Data Scientist,Senior-level,On-site,Europe,Medium,213654
Data Scientist,Senior-level,On-site,Europe,Medium,142436
Analytics Engineer,Mid-level,On-site,Europe,Medium,146100
Analytics Engineer,Mid-level,On-site,Europe,Medium,112400
Data Architect,Mid-level,On-site,Europe,Medium,86128
Data Architect,Mid-level,On-site,Europe,Medium,79976
Other,Entry-level,Remote,Europe,Large,177177
Data Analyst,Senior-level,On-site,Europe,Medium,106400
Data Analyst,Senior-level,On-site,Europe,Medium,81800
Data Analyst,Senior-level,Remote,Europe,Medium,140000
Data Analyst,Senior-level,Remote,Europe,Medium,100000
Data Analyst,Mid-level,On-site,Europe,Medium,98432
Other,Senior-level,Hybrid,Europe,Large,399880
Research Scientist,Mid-level,Hybrid,Europe,Large,280000
Data Analyst,Senior-level,On-site,Europe,Medium,155000
Data Analyst,Senior-level,On-site,Europe,Medium,120000
Other,Senior-level,On-site,Europe,Medium,165400
Other,Senior-level,On-site,Europe,Medium,127300
Machine Learning Engineer,Senior-level,On-site,Europe,Medium,237400
Machine Learning Engineer,Senior-level,On-site,Europe,Medium,132870
Data Engineer,Mid-level,Remote,Europe,Medium,76284
Data Analyst,Mid-level,On-site,Europe,Medium,94100
Data Analyst,Mid-level,On-site,Europe,Medium,72400
Data Engineer,Senior-level,On-site,Europe,Medium,146100
Data Engineer,Senior-level,On-site,Europe,Medium,112400
Other,Executive-level,On-site,Europe,Medium,246080
Other,Executive-level,On-site,Europe,Medium,203016
Other,Executive-level,Remote,Europe,Medium,135344
Other,Senior-level,On-site,Europe,Medium,245000
Other,Senior-level,On-site,Europe,Medium,210000
Analytics Engineer,Senior-level,Remote,Europe,Medium,152900
Analytics Engineer,Senior-level,Remote,Europe,Medium,117700
Data Engineer,Mid-level,On-site,Europe,Medium,147648
Data Engineer,Mid-level,On-site,Europe,Medium,123040
Analytics Engineer,Mid-level,On-site,Europe,Medium,61520
Data Analyst,Senior-level,On-site,Europe,Medium,189400
Data Analyst,Senior-level,On-site,Europe,Medium,131685
Data Analyst,Senior-level,Remote,Europe,Medium,172000
Other,Mid-level,Hybrid,Europe,Medium,120000
Data Scientist,Senior-level,Remote,Europe,Medium,172800
Data Scientist,Senior-level,Remote,Europe,Medium,110000
Other,Senior-level,On-site,Europe,Medium,144000
Other,Senior-level,On-site,Europe,Medium,77000
Other,Mid-level,On-site,Europe,Medium,110736
Other,Mid-level,On-site,Europe,Medium,55368
Data Scientist,Senior-level,On-site,Europe,Medium,177300
Data Scientist,Senior-level,On-site,Europe,Medium,136300
Data Engineer,Mid-level,On-site,Europe,Medium,110736
Data Engineer,Mid-level,On-site,Europe,Medium,86128
Analytics Engineer,Senior-level,On-site,Europe,Medium,289800
Analytics Engineer,Senior-level,On-site,Europe,Medium,214000
Other,Mid-level,On-site,Europe,Medium,92280
Other,Mid-level,On-site,Europe,Medium,49216
Analytics Engineer,Mid-level,On-site,Europe,Medium,430640
Analytics Engineer,Senior-level,Remote,Europe,Medium,143200
Data Analyst,Mid-level,On-site,Europe,Medium,46755
Data Analyst,Mid-level,On-site,Europe,Medium,43064
Data Scientist,Mid-level,On-site,Europe,Medium,67672
Other,Mid-level,Remote,Europe,Medium,86128
Other,Mid-level,Remote,Europe,Medium,58444
Research Scientist,Mid-level,On-site,Europe,Medium,198340
Research Scientist,Mid-level,On-site,Europe,Medium,104055
Data Scientist,Mid-level,On-site,Europe,Medium,79976
Data Scientist,Mid-level,On-site,Europe,Medium,110736
Data Engineer,Mid-level,Remote,Europe,Medium,86128
Data Engineer,Mid-level,Remote,Europe,Medium,58444
Machine Learning Engineer,Senior-level,On-site,Europe,Medium,198094
Machine Learning Engineer,Senior-level,On-site,Europe,Medium,102492
Data Engineer,Senior-level,On-site,Europe,Medium,138666
Data Engineer,Senior-level,On-site,Europe,Medium,102492
Data Analyst,Mid-level,Remote,Europe,Medium,79976
Data Analyst,Mid-level,Remote,Europe,Medium,44356
Data Engineer,Mid-level,On-site,Europe,Medium,129192
Data Engineer,Mid-level,On-site,Europe,Medium,104584
Data Manager,Senior-level,On-site,Europe,Medium,73857
Data Manager,Senior-level,On-site,Europe,Medium,55044
Other,Executive-level,On-site,Europe,Medium,162288
Other,Executive-level,On-site,Europe,Medium,129058
Data Engineer,Mid-level,Remote,Europe,Large,116888
Other,Mid-level,On-site,Europe,Medium,73824
Other,Mid-level,On-site,Europe,Medium,61520
Machine Learning Engineer,Mid-level,Remote,Europe,Medium,49216
Research Engineer,Entry-level,Remote,Europe,Medium,120000
Research Engineer,Entry-level,Remote,Europe,Medium,60000
Other,Senior-level,Remote,Europe,Large,153799
Data Analyst,Mid-level,On-site,Europe,Medium,110736
Data Analyst,Mid-level,On-site,Europe,Medium,86128
Machine Learning Engineer,Mid-level,On-site,Europe,Medium,123040
Machine Learning Engineer,Mid-level,On-site,Europe,Medium,98432
Machine Learning Engineer,Mid-level,On-site,Europe,Medium,147648
Data Engineer,Mid-level,Remote,Europe,Medium,63980
Data Scientist,Senior-level,On-site,Europe,Medium,185000
Data Scientist,Senior-level,On-site,Europe,Medium,120250
Data Analyst,Mid-level,On-site,Europe,Medium,79976
Data Analyst,Mid-level,On-site,Europe,Medium,44356
Other,Mid-level,On-site,Europe,Large,73824
Machine Learning Engineer,Mid-level,On-site,Europe,Medium,110367
Machine Learning Engineer,Mid-level,On-site,Europe,Medium,67979
Machine Learning Engineer,Mid-level,Remote,Europe,Medium,76284
Machine Learning Engineer,Mid-level,Remote,Europe,Medium,63980
Machine Learning Engineer,Mid-level,Remote,Europe,Medium,59059
Machine Learning Engineer,Mid-level,Remote,Europe,Medium,46755
Other,Senior-level,Hybrid,Europe,Medium,161952
Data Engineer,Mid-level,Remote,Europe,Medium,57223
Data Engineer,Mid-level,Remote,Europe,Medium,51824
Data Engineer,Mid-level,Hybrid,Europe,Medium,80976
Other,Senior-level,Remote,Europe,Medium,120000
Data Engineer,Mid-level,Remote,Europe,Medium,110000
Data Engineer,Mid-level,Remote,Europe,Medium,90000
Research Engineer,Entry-level,On-site,Europe,Medium,32390
Other,Mid-level,Remote,Europe,Medium,70000
Other,Mid-level,Remote,Europe,Medium,40000
Data Engineer,Mid-level,Remote,Europe,Medium,70179
Data Engineer,Mid-level,Remote,Europe,Medium,64781
Machine Learning Engineer,Senior-level,On-site,Europe,Medium,225000
Machine Learning Engineer,Senior-level,On-site,Europe,Medium,199000
Research Engineer,Senior-level,On-site,Europe,Medium,225000
Research Engineer,Senior-level,On-site,Europe,Medium,168000
Other,Senior-level,Hybrid,Europe,Small,53984
Data Scientist,Mid-level,Hybrid,Europe,Medium,64781
Data Scientist,Mid-level,Hybrid,Europe,Large,40000
Other,Senior-level,Remote,Europe,Medium,107968
Other,Senior-level,Remote,Europe,Medium,75577
Other,Senior-level,Remote,Europe,Medium,67635
Other,Mid-level,On-site,Europe,Medium,74883
Data Scientist,Senior-level,On-site,Europe,Medium,64781
Data Scientist,Senior-level,On-site,Europe,Medium,41027
Data Scientist,Entry-level,On-site,Europe,Medium,43187
Data Scientist,Entry-level,On-site,Europe,Medium,31310
Data Scientist,Senior-level,On-site,Europe,Medium,48585
Data Scientist,Senior-level,On-site,Europe,Medium,38868
Data Scientist,Mid-level,Remote,Europe,Large,64781
AI Engineer,Mid-level,Remote,Europe,Large,32811
Machine Learning Engineer,Mid-level,Remote,Europe,Large,38868
AI Engineer,Senior-level,Remote,Europe,Medium,64781
Research Analyst,Senior-level,Remote,Europe,Medium,53444
Research Analyst,Senior-level,Remote,Europe,Medium,45150
Other,Senior-level,Remote,Europe,Medium,91773
Data Engineer,Senior-level,Remote,Europe,Medium,77737
Data Engineer,Senior-level,Remote,Europe,Medium,64311
Data Scientist,Senior-level,Remote,Europe,Medium,71259
Data Engineer,Entry-level,Remote,Europe,Large,41027
Data Engineer,Mid-level,Remote,Europe,Medium,80976
Data Engineer,Mid-level,Remote,Europe,Medium,66940
Other,Senior-level,Remote,Europe,Medium,75038
Other,Senior-level,Remote,Europe,Medium,64781
Other,Senior-level,Remote,Europe,Large,86374
Other,Mid-level,Remote,Europe,Medium,48585
Other,Entry-level,On-site,Europe,Medium,21593
Data Scientist,Mid-level,On-site,Europe,Medium,59382
Data Scientist,Mid-level,On-site,Europe,Medium,48585
Other,Mid-level,Hybrid,Europe,Large,38868
Data Analyst,Senior-level,Remote,Europe,Medium,56143
Data Analyst,Senior-level,Remote,Europe,Medium,51824
Research Scientist,Senior-level,On-site,Europe,Medium,253750
Research Scientist,Senior-level,On-site,Europe,Medium,169200
Data Engineer,Mid-level,Remote,Europe,Medium,59382
Data Analyst,Senior-level,On-site,Europe,Medium,51824
Data Analyst,Senior-level,On-site,Europe,Medium,41027
Data Engineer,Mid-level,Remote,Europe,Medium,95000
Data Engineer,Mid-level,Remote,Europe,Medium,80000
Data Analyst,Mid-level,On-site,Other,Medium,53120
Data Analyst,Mid-level,On-site,Other,Medium,33686
Data Analyst,Mid-level,On-site,Other,Medium,38868
Data Analyst,Senior-level,On-site,Other,Medium,53120
Data Analyst,Senior-level,On-site,Other,Medium,38868
Data Engineer,Senior-level,On-site,Other,Medium,57007
Data Engineer,Senior-level,On-site,Other,Medium,44051
Data Scientist,Senior-level,Hybrid,Other,Large,63701
Data Scientist,Entry-level,Remote,South America,Large,16000
Other,Mid-level,Remote,Europe,Large,64781
Data Scientist,Mid-level,Remote,Europe,Large,60462
ML Engineer,Senior-level,On-site,Europe,Medium,275000
ML Engineer,Senior-level,On-site,Europe,Medium,121200
Other,Mid-level,Hybrid,Europe,Large,95012
Data Analyst,Mid-level,Hybrid,Europe,Medium,42107
AI Engineer,Entry-level,Remote,Europe,Medium,35000
Other,Senior-level,Hybrid,Europe,Large,64781
Data Engineer,Senior-level,Remote,Europe,Medium,107968
Data Engineer,Senior-level,Remote,Europe,Medium,90599
Other,Senior-level,On-site,Europe,Large,64781
Data Engineer,Senior-level,Hybrid,Europe,Large,77737
Machine Learning Engineer,Senior-level,Hybrid,Europe,Large,113366
Machine Learning Engineer,Senior-level,Remote,Europe,Medium,204060
Machine Learning Engineer,Senior-level,Remote,Europe,Medium,140358
Data Analyst,Mid-level,Hybrid,Europe,Large,59382
Other,Entry-level,Remote,Europe,Large,48644
Data Engineer,Senior-level,On-site,Europe,Medium,204500
Data Engineer,Senior-level,On-site,Europe,Medium,142200
Other,Mid-level,Remote,Europe,Medium,120000
Research Engineer,Senior-level,On-site,Europe,Medium,275000
Research Engineer,Senior-level,On-site,Europe,Medium,174000
Other,Mid-level,Remote,Europe,Small,70179
Other,Entry-level,Hybrid,Europe,Medium,43187
Data Scientist,Mid-level,Remote,Europe,Medium,60462
Other,Senior-level,On-site,Europe,Large,124163
Other,Entry-level,Remote,Europe,Large,215936
Other,Senior-level,Remote,Europe,Medium,72338
Other,Entry-level,On-site,Europe,Medium,64781
Research Engineer,Senior-level,Remote,Europe,Small,107968
Research Engineer,Senior-level,Remote,Europe,Small,86374
Machine Learning Engineer,Senior-level,On-site,Europe,Medium,275000
Machine Learning Engineer,Senior-level,On-site,Europe,Medium,174000
Data Engineer,Entry-level,Remote,Europe,Large,26992
Data Science Manager,Senior-level,Hybrid,Europe,Large,107968
Machine Learning Engineer,Senior-level,On-site,South America,Medium,90000
Machine Learning Engineer,Senior-level,On-site,South America,Medium,70000
Data Engineer,Mid-level,On-site,South America,Medium,131000
Data Engineer,Mid-level,On-site,South America,Medium,88000
Data Engineer,Mid-level,Remote,South America,Medium,72000
Data Engineer,Mid-level,Remote,South America,Medium,60000
Data Analyst,Senior-level,Remote,South America,Medium,84000
Data Analyst,Senior-level,Remote,South America,Medium,60000
Data Engineer,Senior-level,Remote,South America,Medium,72000
Data Engineer,Senior-level,Remote,South America,Medium,60000
Data Manager,Senior-level,On-site,South America,Medium,65000
Data Manager,Senior-level,On-site,South America,Medium,48000
Other,Entry-level,Remote,Europe,Large,24322
Other,Entry-level,Hybrid,Europe,Small,104024
Data Scientist,Entry-level,Hybrid,Europe,Large,122638
Data Analyst,Senior-level,Remote,Other,Medium,55368
Data Analyst,Senior-level,Remote,Other,Medium,43064
Data Engineer,Mid-level,Remote,North America,Medium,152000
Data Engineer,Mid-level,Remote,North America,Medium,99000
Data Engineer,Senior-level,Remote,North America,Medium,210000
Data Engineer,Senior-level,Remote,North America,Medium,160000
Machine Learning Engineer,Senior-level,On-site,North America,Medium,207700
Machine Learning Engineer,Senior-level,On-site,North America,Medium,133700
Data Scientist,Senior-level,On-site,North America,Medium,185000
Data Scientist,Senior-level,On-site,North America,Medium,152000
Data Engineer,Mid-level,Remote,North America,Medium,220000
Data Engineer,Mid-level,Remote,North America,Medium,190000
Data Engineer,Senior-level,Remote,North America,Medium,151000
Data Engineer,Senior-level,Remote,North America,Medium,95000
Data Engineer,Mid-level,On-site,North America,Medium,127900
Data Engineer,Mid-level,On-site,North America,Medium,85300
Other,Senior-level,Remote,North America,Medium,175000
Other,Senior-level,Remote,North America,Medium,150000
Data Architect,Senior-level,Remote,North America,Medium,154101
Data Architect,Senior-level,Remote,North America,Medium,100758
Business Intelligence Analyst,Entry-level,On-site,North America,Medium,91875
Business Intelligence Analyst,Entry-level,On-site,North America,Medium,55125
Analytics Engineer,Mid-level,Remote,North America,Medium,190000
Analytics Engineer,Mid-level,Remote,North America,Medium,150000
Machine Learning Engineer,Senior-level,On-site,North America,Medium,266500
Machine Learning Engineer,Senior-level,On-site,North America,Medium,144400
Other,Senior-level,Remote,North America,Medium,303387
Other,Senior-level,Remote,North America,Medium,100017
Machine Learning Engineer,Senior-level,On-site,North America,Medium,306400
Machine Learning Engineer,Senior-level,On-site,North America,Medium,168700
Machine Learning Engineer,Senior-level,Remote,North America,Medium,226700
Machine Learning Engineer,Senior-level,Remote,North America,Medium,151100
Data Scientist,Senior-level,Remote,North America,Medium,158500
Data Scientist,Senior-level,Remote,North America,Medium,115000
Machine Learning Engineer,Senior-level,On-site,North America,Medium,216600
Data Analyst,Senior-level,Remote,North America,Medium,143000
Data Analyst,Senior-level,Remote,North America,Medium,78000
Data Engineer,Mid-level,On-site,North America,Medium,142000
Data Engineer,Mid-level,On-site,North America,Medium,102200
AI Engineer,Mid-level,Remote,North America,Large,50000
Data Architect,Senior-level,Remote,North America,Medium,190000
Data Architect,Senior-level,Remote,North America,Medium,107500
Data Scientist,Senior-level,On-site,North America,Medium,156100
Data Scientist,Senior-level,On-site,North America,Medium,100400
Data Engineer,Senior-level,Remote,North America,Medium,120000
Data Scientist,Senior-level,Remote,North America,Medium,166000
Data Scientist,Senior-level,Remote,North America,Medium,104000
Data Analyst,Senior-level,On-site,North America,Medium,120000
Data Analyst,Senior-level,On-site,North America,Medium,105000
Business Intelligence Engineer,Senior-level,On-site,North America,Medium,143000
Business Intelligence Engineer,Senior-level,On-site,North America,Medium,127000
Machine Learning Engineer,Senior-level,On-site,North America,Medium,192000
Machine Learning Engineer,Senior-level,On-site,North America,Medium,124000
Data Engineer,Senior-level,On-site,North America,Medium,148500
Data Engineer,Senior-level,On-site,North America,Medium,82500
Data Engineer,Mid-level,On-site,North America,Medium,148500
Data Engineer,Mid-level,On-site,North America,Medium,82500
Business Intelligence Analyst,Mid-level,On-site,North America,Medium,80750
Business Intelligence Analyst,Mid-level,On-site,North America,Medium,48450
Data Engineer,Senior-level,On-site,North America,Medium,243000
Data Engineer,Senior-level,On-site,North America,Medium,152000
Data Scientist,Senior-level,On-site,North America,Medium,155000
Data Scientist,Senior-level,On-site,North America,Medium,105000
Data Engineer,Mid-level,On-site,North America,Medium,275000
Data Engineer,Mid-level,On-site,North America,Medium,243000
Data Scientist,Mid-level,Remote,North America,Small,96313
Data Scientist,Senior-level,Remote,North America,Medium,230000
Data Scientist,Senior-level,Remote,North America,Medium,153000
Data Scientist,Senior-level,Remote,North America,Medium,238000
Data Scientist,Senior-level,Remote,North America,Medium,156000
Data Analyst,Senior-level,On-site,North America,Medium,168000
Data Analyst,Senior-level,On-site,North America,Medium,112000
Machine Learning Scientist,Senior-level,On-site,North America,Medium,204500
Machine Learning Scientist,Senior-level,On-site,North America,Medium,142200
Machine Learning Engineer,Senior-level,Remote,North America,Medium,150000
Machine Learning Engineer,Senior-level,Remote,North America,Medium,95000
Business Intelligence Analyst,Mid-level,On-site,North America,Medium,100631
Business Intelligence Analyst,Mid-level,On-site,North America,Medium,80505
Data Analyst,Senior-level,Remote,North America,Medium,129000
Data Analyst,Senior-level,Remote,North America,Medium,95000
Data Engineer,Senior-level,Remote,North America,Medium,110019
Data Engineer,Senior-level,Remote,North America,Medium,86682
Data Engineer,Entry-level,Hybrid,North America,Large,90000
Other,Entry-level,On-site,North America,Medium,115000
Other,Entry-level,On-site,North America,Medium,85000
Data Engineer,Mid-level,Remote,North America,Medium,86128
Data Engineer,Mid-level,Remote,North America,Medium,61520
Data Scientist,Senior-level,Remote,North America,Medium,170500
Data Scientist,Senior-level,Remote,North America,Medium,118575
Data Analyst,Senior-level,On-site,North America,Medium,192000
Data Analyst,Senior-level,On-site,North America,Medium,92000
Data Scientist,Senior-level,On-site,North America,Medium,281000
Data Scientist,Senior-level,On-site,North America,Medium,181000
Data Engineer,Senior-level,Remote,North America,Medium,200000
Data Engineer,Mid-level,Remote,North America,Medium,183000
Data Engineer,Mid-level,Remote,North America,Medium,122000
Machine Learning Engineer,Senior-level,Remote,North America,Medium,239000
Machine Learning Engineer,Senior-level,Remote,North America,Medium,149000
Business Intelligence Analyst,Senior-level,On-site,North America,Medium,140000
Business Intelligence Analyst,Senior-level,On-site,North America,Medium,112000
Data Scientist,Senior-level,On-site,North America,Medium,244000
Data Scientist,Senior-level,On-site,North America,Medium,157000
Data Scientist,Mid-level,Remote,North America,Large,82254
Data Scientist,Mid-level,Remote,North America,Large,61699
Analytics Engineer,Senior-level,Remote,North America,Medium,146000
Analytics Engineer,Senior-level,Remote,North America,Medium,108000
Data Scientist,Senior-level,Remote,North America,Medium,189750
Data Scientist,Senior-level,Remote,North America,Medium,119213
Analytics Engineer,Senior-level,Remote,North America,Medium,190000
Analytics Engineer,Senior-level,Remote,North America,Medium,140000
Machine Learning Engineer,Senior-level,Remote,North America,Medium,193000
Machine Learning Engineer,Senior-level,Remote,North America,Medium,143000
Data Engineer,Senior-level,On-site,North America,Medium,242000
Data Engineer,Senior-level,On-site,North America,Medium,134000
Data Engineer,Senior-level,On-site,North America,Medium,183000
Data Engineer,Senior-level,On-site,North America,Medium,125000
Other,Senior-level,Remote,North America,Large,118539
Data Analyst,Entry-level,On-site,North America,Large,40747
Other,Mid-level,Hybrid,North America,Large,67419
Data Scientist,Senior-level,On-site,North America,Medium,258000
Data Scientist,Senior-level,On-site,North America,Medium,190000
Other,Entry-level,Remote,North America,Large,74087
Data Engineer,Senior-level,On-site,North America,Medium,87000
Data Engineer,Senior-level,On-site,North America,Medium,73000
Data Scientist,Mid-level,Remote,North America,Medium,190000
Data Scientist,Mid-level,Remote,North America,Medium,125000
Other,Senior-level,Remote,North America,Medium,140000
Other,Senior-level,Remote,North America,Medium,76500
Other,Senior-level,On-site,North America,Medium,140000
Other,Senior-level,On-site,North America,Medium,76500
Data Scientist,Senior-level,On-site,North America,Medium,197000
Analytics Engineer,Senior-level,Remote,North America,Medium,144000
Analytics Engineer,Senior-level,Remote,North America,Medium,80000
Data Scientist,Entry-level,Hybrid,North America,Large,77791
Data Analyst,Senior-level,Remote,North America,Medium,207300
Data Analyst,Senior-level,Remote,North America,Medium,149200
Data Scientist,Senior-level,Remote,North America,Medium,280830
Data Scientist,Senior-level,Remote,North America,Medium,173175
Data Scientist,Senior-level,Remote,North America,Medium,175000
Data Scientist,Senior-level,Remote,North America,Medium,120000
Data Scientist,Senior-level,On-site,North America,Medium,219000
Data Scientist,Senior-level,On-site,North America,Medium,141000
Other,Senior-level,On-site,North America,Medium,90000
Other,Senior-level,On-site,North America,Medium,72000
Data Scientist,Senior-level,On-site,North America,Medium,224000
Data Scientist,Senior-level,On-site,North America,Medium,176000
Data Scientist,Entry-level,Remote,North America,Large,51861
Data Analyst,Senior-level,Remote,North America,Medium,175000
Data Analyst,Senior-level,Remote,North America,Medium,135000
Machine Learning Engineer,Senior-level,Remote,North America,Medium,115000
Data Engineer,Senior-level,Remote,North America,Medium,145000
ML Engineer,Senior-level,Remote,North America,Medium,260000
ML Engineer,Senior-level,Remote,North America,Medium,110000
Data Analyst,Mid-level,Remote,North America,Medium,130000
Data Analyst,Mid-level,Remote,North America,Medium,100000
Machine Learning Engineer,Senior-level,Remote,North America,Medium,269000
Machine Learning Engineer,Senior-level,Remote,North America,Medium,158000
Other,Senior-level,Remote,North America,Large,53984
Research Scientist,Senior-level,On-site,North America,Medium,248100
Research Scientist,Senior-level,On-site,North America,Medium,145900
Other,Senior-level,Hybrid,North America,Medium,125948
Data Engineer,Senior-level,Remote,North America,Medium,153000
Data Engineer,Senior-level,Remote,North America,Medium,94000
Data Scientist,Senior-level,On-site,North America,Medium,143100
Data Scientist,Senior-level,On-site,North America,Medium,113000
Data Scientist,Senior-level,On-site,North America,Medium,110000
Other,Mid-level,Remote,South America,Large,27568
Data Engineer,Senior-level,Remote,South America,Medium,72000
Data Engineer,Senior-level,Remote,South America,Medium,60000
Other,Executive-level,Remote,South America,Medium,115000
Other,Executive-level,Remote,South America,Medium,110000
Other,Senior-level,Hybrid,South America,Large,38290
Data Scientist,Entry-level,Remote,South America,Large,19910
Other,Entry-level,Hybrid,Other,Small,120000
Data Scientist,Senior-level,On-site,Oceania,Medium,242000
Data Scientist,Senior-level,On-site,Oceania,Medium,106200
Data Analyst,Entry-level,On-site,Oceania,Medium,47238
Data Analyst,Entry-level,On-site,Oceania,Medium,42030
Data Scientist,Mid-level,On-site,Oceania,Medium,113563
Data Scientist,Mid-level,On-site,Oceania,Medium,102927
ML Engineer,Senior-level,Remote,Oceania,Large,114979
Machine Learning Engineer,Mid-level,On-site,Oceania,Medium,287500
Machine Learning Engineer,Mid-level,On-site,Oceania,Medium,207500
Other,Mid-level,Remote,Oceania,Large,81838
Data Analyst,Mid-level,On-site,Oceania,Medium,165000
Data Analyst,Mid-level,On-site,Oceania,Medium,142500
ML Engineer,Mid-level,On-site,Oceania,Medium,300000
ML Engineer,Mid-level,On-site,Oceania,Medium,260000
Other,Entry-level,On-site,Oceania,Large,70000
Other,Senior-level,Hybrid,Oceania,Medium,50000
Machine Learning Engineer,Mid-level,On-site,Other,Small,50000
Data Engineer,Senior-level,Remote,South America,Medium,72000
Data Engineer,Senior-level,Remote,South America,Medium,48000
Data Engineer,Senior-level,Remote,South America,Medium,80000
Data Engineer,Senior-level,Remote,South America,Medium,60000
Data Scientist,Mid-level,Hybrid,Other,Small,50745
Machine Learning Scientist,Entry-level,Hybrid,North America,Small,80000
Data Science Manager,Senior-level,Remote,North America,Large,190000
Other,Senior-level,Remote,North America,Large,130000
Data Analyst,Entry-level,Remote,North America,Small,34320
Other,Senior-level,Remote,North America,Large,192000
Data Scientist,Entry-level,Remote,North America,Medium,168000
Other,Senior-level,Remote,North America,Medium,375000
Data Scientist,Entry-level,Remote,North America,Medium,180000
Data Scientist,Mid-level,Remote,North America,Large,155000
Other,Entry-level,Hybrid,North America,Large,48000
Data Scientist,Mid-level,Remote,North America,Large,110000
Data Analyst,Entry-level,Remote,North America,Large,25216
Other,Senior-level,Remote,North America,Large,125000
Data Science Consultant,Senior-level,On-site,North America,Medium,94500
Other,Senior-level,Remote,North America,Medium,150000
Data Scientist,Mid-level,Remote,North America,Medium,127500
Data Scientist,Senior-level,Remote,North America,Medium,126500
Data Scientist,Senior-level,Remote,North America,Medium,51000
Data Scientist,Senior-level,Remote,North America,Medium,272550
Data Engineer,Senior-level,Remote,North America,Medium,216000
Data Analyst,Senior-level,Remote,North America,Medium,149000
Data Analyst,Senior-level,Remote,North America,Medium,119000
Machine Learning Engineer,Senior-level,Remote,North America,Medium,246000
Machine Learning Engineer,Senior-level,Remote,North America,Medium,201000
ML Engineer,Senior-level,Remote,North America,Medium,235000
ML Engineer,Senior-level,Remote,North America,Medium,185000
Other,Senior-level,Remote,North America,Medium,190000
Other,Senior-level,Remote,North America,Medium,160000
Other,Entry-level,Remote,North America,Medium,100000
Data Scientist,Mid-level,Remote,North America,Medium,31795
Research Engineer,Senior-level,On-site,North America,Medium,249500
Research Engineer,Senior-level,On-site,North America,Medium,149850
Analytics Engineer,Mid-level,Remote,North America,Medium,122500
Analytics Engineer,Mid-level,Remote,North America,Medium,100000
Data Scientist,Senior-level,On-site,North America,Medium,249500
Data Scientist,Senior-level,On-site,North America,Medium,149850
Research Scientist,Senior-level,On-site,North America,Medium,249500
Research Scientist,Senior-level,On-site,North America,Medium,149850
Data Scientist,Senior-level,Remote,North America,Medium,182750
Data Scientist,Senior-level,Remote,North America,Medium,161500
Data Analyst,Mid-level,Remote,North America,Medium,102640
Data Analyst,Mid-level,Remote,North America,Medium,66100
Data Engineer,Senior-level,On-site,North America,Medium,198800
Data Engineer,Senior-level,On-site,North America,Medium,122600
Data Engineer,Mid-level,Remote,North America,Medium,80000
Data Scientist,Executive-level,Remote,North America,Medium,159000
Data Scientist,Executive-level,Remote,North America,Medium,130000
Data Engineer,Mid-level,Remote,North America,Medium,153000
Other,Senior-level,Remote,North America,Medium,120000
Data Analyst,Senior-level,On-site,North America,Medium,166700
Data Analyst,Senior-level,On-site,North America,Medium,119000
Data Specialist,Senior-level,On-site,North America,Medium,110000
Data Architect,Senior-level,Remote,North America,Medium,190000
Data Scientist,Senior-level,On-site,North America,Medium,128000
Machine Learning Engineer,Senior-level,On-site,North America,Medium,120000
Other,Senior-level,Remote,North America,Large,190000
Data Engineer,Senior-level,Remote,North America,Medium,194000
Data Engineer,Senior-level,Remote,North America,Medium,129400
Data Analyst,Senior-level,Remote,North America,Medium,201000
Data Analyst,Senior-level,Remote,North America,Medium,89200
Other,Mid-level,Remote,North America,Medium,130000
Data Engineer,Senior-level,On-site,North America,Medium,152500
Data Engineer,Senior-level,On-site,North America,Medium,178750
Machine Learning Scientist,Mid-level,On-site,North America,Medium,165000
Machine Learning Scientist,Mid-level,On-site,North America,Medium,135000
Data Scientist,Senior-level,On-site,North America,Medium,95000
Data Engineer,Senior-level,Remote,North America,Medium,197430
Data Engineer,Senior-level,Remote,North America,Medium,134760
Data Engineer,Senior-level,On-site,North America,Medium,197000
Other,Entry-level,Remote,North America,Small,50000
Data Engineer,Senior-level,Remote,North America,Medium,230000
Data Engineer,Senior-level,Remote,North America,Medium,154600
Data Engineer,Senior-level,On-site,North America,Medium,213000
Data Scientist,Senior-level,On-site,North America,Medium,110000
ML Engineer,Senior-level,Remote,North America,Medium,243000
ML Engineer,Senior-level,Remote,North America,Medium,183000
Data Scientist,Mid-level,Remote,North America,Medium,130000
Data Analyst,Senior-level,Remote,North America,Medium,96000
Machine Learning Engineer,Entry-level,On-site,North America,Medium,189750
Machine Learning Engineer,Entry-level,On-site,North America,Medium,140250
Data Engineer,Senior-level,On-site,North America,Medium,191200
Data Engineer,Senior-level,On-site,North America,Large,230000
Data Engineer,Senior-level,On-site,North America,Large,154600
Data Analyst,Mid-level,Remote,North America,Large,80000
Analytics Engineer,Senior-level,On-site,North America,Medium,135000
Analytics Engineer,Senior-level,On-site,North America,Medium,110000
Data Engineer,Senior-level,On-site,North America,Medium,179500
Data Engineer,Senior-level,On-site,North America,Medium,134000
Data Architect,Senior-level,Remote,North America,Medium,235000
Data Specialist,Mid-level,On-site,North America,Medium,165000
Data Specialist,Mid-level,On-site,North America,Medium,135000
Data Scientist,Senior-level,On-site,North America,Medium,122600
Data Scientist,Senior-level,Remote,North America,Medium,148000
Data Scientist,Senior-level,Remote,North America,Medium,107000
Data Engineer,Mid-level,Remote,North America,Medium,161000
Data Engineer,Mid-level,Remote,North America,Medium,118000
Data Science Manager,Senior-level,On-site,North America,Medium,247500
Data Science Manager,Senior-level,On-site,North America,Medium,172200
Data Analyst,Senior-level,On-site,North America,Medium,177000
Data Engineer,Mid-level,Remote,North America,Medium,175000
Analytics Engineer,Senior-level,Remote,North America,Medium,193750
Analytics Engineer,Senior-level,Remote,North America,Medium,116250
Data Engineer,Senior-level,Remote,North America,Medium,193750
Data Engineer,Senior-level,Remote,North America,Medium,116250
Data Scientist,Senior-level,Remote,North America,Medium,208000
Research Scientist,Senior-level,Remote,North America,Medium,300000
Research Scientist,Senior-level,Remote,North America,Medium,196000
Other,Senior-level,Hybrid,North America,Large,375000
Data Scientist,Senior-level,On-site,North America,Medium,140700
Data Scientist,Senior-level,On-site,North America,Medium,93800
Data Scientist,Senior-level,Remote,North America,Medium,350000
Machine Learning Engineer,Senior-level,On-site,North America,Medium,201000
Data Analyst,Senior-level,On-site,North America,Medium,154560
Data Analyst,Senior-level,On-site,North America,Medium,123648
Data Scientist,Senior-level,On-site,North America,Medium,247500
Data Scientist,Senior-level,On-site,North America,Medium,172200
Data Scientist,Senior-level,Remote,North America,Medium,177500
Data Architect,Senior-level,Remote,North America,Medium,192564
Data Engineer,Senior-level,Remote,North America,Medium,179305
Data Engineer,Senior-level,Remote,North America,Medium,142127
Data Engineer,Senior-level,Remote,North America,Medium,315000
Data Scientist,Senior-level,Remote,North America,Medium,243900
Data Scientist,Senior-level,Remote,North America,Medium,156600
Data Engineer,Senior-level,Remote,North America,Medium,128500
Data Manager,Entry-level,Remote,North America,Medium,77300
Data Manager,Entry-level,Remote,North America,Medium,45600
Data Architect,Senior-level,Remote,North America,Medium,136000
Data Engineer,Senior-level,On-site,North America,Medium,247500
Data Engineer,Senior-level,On-site,North America,Medium,172200
Data Engineer,Senior-level,On-site,North America,Medium,184100
Data Scientist,Mid-level,Remote,North America,Medium,100000
Data Scientist,Mid-level,Remote,North America,Medium,85000
Data Scientist,Mid-level,Remote,North America,Medium,78000
Data Engineer,Senior-level,Remote,North America,Medium,161000
Other,Executive-level,On-site,North America,Medium,205000
Other,Executive-level,On-site,North America,Medium,160000
Data Scientist,Senior-level,On-site,North America,Large,198440
Data Scientist,Senior-level,On-site,North America,Large,144000
Data Scientist,Senior-level,On-site,North America,Medium,198440
Data Analyst,Entry-level,Remote,North America,Large,64000
Data Analyst,Senior-level,On-site,North America,Medium,127000
Data Engineer,Senior-level,Remote,North America,Medium,275000
Data Scientist,Senior-level,On-site,North America,Medium,159699
Data Scientist,Senior-level,On-site,North America,Medium,138938
Other,Entry-level,Hybrid,North America,Large,76000
Research Engineer,Mid-level,Remote,North America,Medium,240000
Data Analyst,Entry-level,Hybrid,North America,Small,125404
Other,Senior-level,On-site,North America,Medium,123000
Other,Senior-level,On-site,North America,Medium,92250
ML Engineer,Mid-level,Remote,North America,Medium,180000
ML Engineer,Mid-level,Remote,North America,Medium,100000
Data Engineer,Senior-level,Remote,North America,Medium,97000
Analytics Engineer,Executive-level,Remote,North America,Medium,157000
Data Architect,Senior-level,On-site,North America,Medium,81500
Other,Senior-level,On-site,North America,Medium,105000
Other,Senior-level,On-site,North America,Medium,70000
Data Scientist,Senior-level,On-site,North America,Medium,122500
Data Engineer,Senior-level,On-site,North America,Medium,171000
Data Scientist,Senior-level,On-site,North America,Large,202800
Data Scientist,Senior-level,On-site,North America,Large,104300
Data Architect,Senior-level,On-site,North America,Medium,345600
Data Architect,Senior-level,On-site,North America,Medium,230400
Data Analyst,Senior-level,Remote,North America,Medium,175950
Data Analyst,Senior-level,Remote,North America,Medium,130050
Data Analyst,Senior-level,Remote,North America,Medium,236600
Data Scientist,Entry-level,Remote,North America,Large,80000
Other,Senior-level,Hybrid,North America,Small,165000
Machine Learning Engineer,Entry-level,On-site,North America,Small,108000
Data Scientist,Senior-level,Remote,North America,Medium,38000
Data Scientist,Senior-level,Remote,North America,Medium,153600
Data Scientist,Senior-level,Remote,North America,Medium,106800
Data Scientist,Senior-level,Remote,North America,Medium,50000
Data Scientist,Senior-level,On-site,North America,Medium,123400
Data Scientist,Senior-level,On-site,North America,Medium,88100
Data Scientist,Senior-level,Remote,North America,Small,120000
Data Scientist,Senior-level,Remote,North America,Small,55000
Data Science Consultant,Senior-level,On-site,North America,Medium,139000
Data Engineer,Senior-level,Remote,North America,Medium,50000
ML Engineer,Mid-level,Remote,North America,Large,148500
ML Engineer,Mid-level,Remote,North America,Large,98200
Data Architect,Senior-level,Remote,North America,Medium,225000
Data Architect,Senior-level,Remote,North America,Medium,66000
Data Manager,Mid-level,On-site,North America,Medium,134000
Data Manager,Mid-level,On-site,North America,Medium,98000
Other,Entry-level,Remote,North America,Large,57000
Data Scientist,Mid-level,Remote,North America,Medium,144200
Data Scientist,Mid-level,Hybrid,North America,Large,108000
Other,Senior-level,Remote,North America,Medium,200000
Other,Senior-level,Remote,North America,Medium,150000
Data Engineer,Senior-level,Remote,North America,Medium,188700
Data Engineer,Senior-level,Remote,North America,Medium,160395
Data Scientist,Senior-level,Remote,North America,Medium,198440
Applied Scientist,Senior-level,Remote,North America,Medium,191475
Applied Scientist,Senior-level,Remote,North America,Medium,141525
Other,Senior-level,Remote,North America,Large,156868
Analytics Engineer,Mid-level,Remote,North America,Medium,108000
Analytics Engineer,Mid-level,Remote,North America,Medium,85000
Other,Mid-level,Remote,North America,Large,135000
Data Engineer,Senior-level,Remote,North America,Large,178800
Data Engineer,Senior-level,Remote,North America,Large,132100
Data Analyst,Entry-level,Hybrid,North America,Medium,20000
Other,Senior-level,Remote,North America,Medium,250000
Other,Senior-level,Remote,North America,Medium,63000
Data Engineer,Executive-level,Remote,North America,Medium,187200
Data Engineer,Executive-level,Remote,North America,Medium,116100
Data Engineer,Senior-level,On-site,North America,Large,229998
Data Engineer,Senior-level,On-site,North America,Large,154545
Data Scientist,Senior-level,On-site,North America,Large,215000
Data Scientist,Senior-level,On-site,North America,Large,159000
Other,Entry-level,Remote,North America,Medium,50000
Other,Senior-level,Remote,North America,Large,183000
Data Analyst,Senior-level,Remote,North America,Medium,99750
Data Analyst,Senior-level,Remote,North America,Medium,68400
Data Scientist,Senior-level,Remote,North America,Large,236900
Data Scientist,Senior-level,Remote,North America,Large,159200
Data Science Manager,Senior-level,Remote,North America,Medium,243225
Data Science Manager,Senior-level,Remote,North America,Medium,179775
Data Scientist,Senior-level,Remote,North America,Medium,191475
Data Scientist,Senior-level,Remote,North America,Medium,141525
Data Scientist,Senior-level,On-site,North America,Medium,145300
ML Engineer,Senior-level,Remote,North America,Large,195400
ML Engineer,Senior-level,Remote,North America,Large,131300
Data Specialist,Entry-level,Remote,North America,Large,105000
Data Analyst,Senior-level,On-site,North America,Medium,99000
Data Engineer,Senior-level,On-site,North America,Medium,195700
Data Engineer,Senior-level,On-site,North America,Medium,130500
ML Engineer,Senior-level,Remote,North America,Medium,130000
ML Engineer,Senior-level,Remote,North America,Medium,84000
Other,Mid-level,Remote,North America,Medium,100000
Other,Mid-level,Remote,North America,Medium,60000
Data Engineer,Senior-level,On-site,North America,Medium,141300
Data Engineer,Senior-level,On-site,North America,Medium,102100
Other,Mid-level,Remote,North America,Large,150000
Data Architect,Senior-level,Remote,North America,Large,195400
Data Architect,Senior-level,Remote,North America,Large,131300
Machine Learning Engineer,Senior-level,Remote,North America,Large,195400
Machine Learning Engineer,Senior-level,Remote,North America,Large,131300
Other,Mid-level,Remote,North America,Small,60000
Data Engineer,Senior-level,Remote,North America,Medium,105000
Data Scientist,Senior-level,Remote,North America,Large,180000
Data Scientist,Senior-level,Remote,North America,Large,165000
Other,Senior-level,On-site,North America,Large,108000
Data Scientist,Senior-level,On-site,North America,Medium,179400
Machine Learning Scientist,Senior-level,On-site,North America,Medium,193900
Machine Learning Scientist,Senior-level,On-site,North America,Medium,129300
Data Science Manager,Executive-level,On-site,North America,Medium,222640
Data Science Manager,Executive-level,On-site,North America,Medium,182160
Analytics Engineer,Senior-level,Remote,North America,Medium,122500
Data Engineer,Executive-level,Remote,North America,Medium,297500
Data Engineer,Executive-level,Remote,North America,Medium,260000
Data Scientist,Entry-level,On-site,North America,Medium,93000
Data Scientist,Entry-level,On-site,North America,Medium,73000
Data Scientist,Senior-level,Remote,North America,Medium,136994
Data Scientist,Senior-level,Remote,North America,Medium,101570
Data Analyst,Mid-level,Remote,North America,Medium,136000
Data Analyst,Mid-level,Remote,North America,Medium,112000
Data Engineer,Senior-level,On-site,North America,Medium,164000
Data Analyst,Mid-level,Remote,North America,Large,97500
Applied Scientist,Senior-level,Remote,North America,Medium,212800
Applied Scientist,Senior-level,Remote,North America,Medium,142800
Data Scientist,Senior-level,On-site,North America,Medium,151800
Data Scientist,Senior-level,On-site,North America,Medium,130240
Analytics Engineer,Senior-level,Remote,North America,Medium,140250
Data Scientist,Senior-level,Remote,North America,Medium,179400
Other,Mid-level,On-site,North America,Medium,75000
Data Scientist,Senior-level,On-site,North America,Medium,191475
Data Scientist,Senior-level,On-site,North America,Medium,141525
Data Analyst,Senior-level,On-site,North America,Large,115000
Other,Senior-level,Remote,North America,Medium,81000
Other,Senior-level,Remote,North America,Medium,66000
Data Analyst,Entry-level,Remote,North America,Large,46000
Data Engineer,Entry-level,Remote,North America,Large,80000
Machine Learning Scientist,Executive-level,Remote,North America,Small,200000
Machine Learning Scientist,Executive-level,Remote,North America,Small,180000
Other,Executive-level,Remote,North America,Small,200000
Data Scientist,Senior-level,On-site,North America,Medium,204100
Data Scientist,Senior-level,On-site,North America,Medium,136100
Analytics Engineer,Senior-level,On-site,North America,Medium,250000
Analytics Engineer,Senior-level,On-site,North America,Medium,63000
Data Specialist,Senior-level,Remote,North America,Medium,95000
Data Specialist,Senior-level,Remote,North America,Medium,70000
Other,Mid-level,Remote,North America,Medium,75000
Data Analyst,Mid-level,On-site,North America,Large,113000
Other,Mid-level,Remote,North America,Large,113000
Other,Mid-level,Remote,North America,Medium,140000
Data Scientist,Senior-level,On-site,North America,Large,160000
Data Scientist,Senior-level,On-site,North America,Large,119300
Research Scientist,Mid-level,Hybrid,North America,Large,145000
Other,Senior-level,Remote,North America,Medium,146200
Other,Senior-level,Remote,North America,Medium,124270
Data Scientist,Mid-level,On-site,North America,Medium,225000
Analytics Engineer,Senior-level,On-site,North America,Medium,245000
Analytics Engineer,Senior-level,On-site,North America,Medium,180000
Analytics Engineer,Senior-level,On-site,North America,Medium,203500
Analytics Engineer,Senior-level,On-site,North America,Medium,152000
Data Engineer,Senior-level,On-site,North America,Medium,63000
Other,Senior-level,Remote,North America,Medium,186000
Other,Senior-level,Remote,North America,Medium,148800
Data Scientist,Entry-level,On-site,North America,Large,82000
Other,Mid-level,Hybrid,North America,Medium,173000
Machine Learning Engineer,Senior-level,Remote,North America,Medium,148800
Data Science Manager,Mid-level,Remote,North America,Medium,158000
Data Science Manager,Mid-level,Remote,North America,Medium,134000
Analytics Engineer,Executive-level,Remote,North America,Medium,200000
Analytics Engineer,Executive-level,Remote,North America,Medium,150000
Data Analyst,Senior-level,On-site,North America,Medium,216200
Data Analyst,Senior-level,On-site,North America,Medium,144100
Other,Senior-level,On-site,North America,Medium,250000
Other,Senior-level,On-site,North America,Medium,63000
Machine Learning Engineer,Senior-level,Remote,North America,Medium,135000
Machine Learning Engineer,Senior-level,Remote,North America,Medium,85000
Data Science Manager,Senior-level,Remote,North America,Medium,206000
Data Science Manager,Senior-level,Remote,North America,Medium,175100
Machine Learning Engineer,Senior-level,On-site,North America,Medium,189650
Machine Learning Engineer,Senior-level,On-site,North America,Medium,164996
Machine Learning Engineer,Senior-level,Remote,North America,Large,200000
Machine Learning Engineer,Senior-level,Remote,North America,Large,150000
Analytics Engineer,Senior-level,Remote,North America,Medium,135000
Data Analyst,Senior-level,Remote,North America,Medium,99450
Machine Learning Engineer,Senior-level,On-site,North America,Medium,129300
Data Engineer,Senior-level,On-site,North America,Medium,188100
Data Engineer,Senior-level,On-site,North America,Medium,139860
Machine Learning Engineer,Senior-level,On-site,North America,Medium,248700
Machine Learning Engineer,Senior-level,On-site,North America,Medium,167100
Data Architect,Senior-level,On-site,North America,Medium,141300
Data Architect,Senior-level,On-site,North America,Medium,102100
Data Architect,Senior-level,On-site,North America,Medium,250000
Data Architect,Senior-level,On-site,North America,Medium,63000
Data Science Manager,Senior-level,Remote,North America,Large,189500
Data Science Manager,Senior-level,Remote,North America,Large,140100
Data Engineer,Senior-level,Remote,North America,Large,177600
Data Engineer,Senior-level,Remote,North America,Large,131300
Data Engineer,Mid-level,On-site,North America,Medium,24000
Machine Learning Engineer,Senior-level,Remote,North America,Large,202900
Machine Learning Engineer,Entry-level,Hybrid,North America,Large,115000
Machine Learning Engineer,Mid-level,On-site,North America,Medium,193900
Machine Learning Engineer,Mid-level,On-site,North America,Medium,129300
Data Scientist,Senior-level,Remote,North America,Large,140000
Data Analyst,Mid-level,On-site,North America,Medium,216200
Data Analyst,Mid-level,On-site,North America,Medium,144100
Machine Learning Scientist,Senior-level,On-site,North America,Medium,216000
Machine Learning Scientist,Senior-level,On-site,North America,Medium,144000
Data Analyst,Entry-level,Remote,North America,Large,150000
Analytics Engineer,Senior-level,Remote,North America,Small,48000
Data Science Manager,Executive-level,On-site,North America,Medium,260500
Data Science Manager,Executive-level,On-site,North America,Medium,175100
Data Analyst,Entry-level,Remote,North America,Small,55000
Data Analyst,Mid-level,Remote,North America,Medium,130000
Data Engineer,Senior-level,On-site,North America,Medium,206699
Data Engineer,Senior-level,On-site,North America,Medium,99100
Analytics Engineer,Mid-level,On-site,North America,Medium,200000
Analytics Engineer,Mid-level,On-site,North America,Medium,54000
Analytics Engineer,Entry-level,Hybrid,North America,Large,130000
Data Engineer,Senior-level,On-site,North America,Large,100000
Data Engineer,Senior-level,On-site,North America,Large,80000
Data Scientist,Senior-level,On-site,North America,Large,100000
Data Specialist,Senior-level,Remote,North America,Large,221300
Data Specialist,Senior-level,Remote,North America,Large,148700
Data Science Manager,Senior-level,On-site,North America,Medium,249260
Data Science Manager,Senior-level,On-site,North America,Medium,185400
Data Analyst,Senior-level,Remote,North America,Medium,128875
Data Analyst,Senior-level,Remote,North America,Medium,93700
Machine Learning Engineer,Senior-level,Remote,North America,Medium,100000
Data Analyst,Senior-level,Remote,North America,Medium,136260
Data Analyst,Senior-level,Remote,North America,Medium,109280
Data Scientist,Senior-level,Remote,North America,Large,160000
Data Scientist,Senior-level,Remote,North America,Large,92000
Data Engineer,Entry-level,Remote,North America,Large,129000
Data Engineer,Entry-level,Remote,North America,Large,86000
Other,Senior-level,Remote,North America,Large,100000
Other,Mid-level,Remote,North America,Medium,200000
Other,Entry-level,Remote,North America,Large,180000
Data Scientist,Mid-level,Remote,North America,Large,153000
Data Analyst,Senior-level,Remote,North America,Medium,150075
Data Analyst,Senior-level,Remote,North America,Medium,110925
Machine Learning Engineer,Entry-level,On-site,North America,Large,83000
Data Analyst,Senior-level,On-site,North America,Medium,112900
Data Analyst,Senior-level,On-site,North America,Medium,90320
ML Engineer,Senior-level,On-site,North America,Medium,240000
Data Science Manager,Senior-level,Remote,North America,Medium,300000
Data Science Manager,Senior-level,Remote,North America,Medium,200000
Other,Mid-level,Remote,North America,Large,200000
Other,Mid-level,On-site,North America,Medium,120000
Data Analyst,Senior-level,Remote,North America,Medium,112900
Data Analyst,Senior-level,Remote,North America,Medium,90320
Other,Senior-level,Remote,North America,Medium,145000
Other,Senior-level,Remote,North America,Medium,105400
Data Scientist,Senior-level,Remote,North America,Large,215300
Data Scientist,Senior-level,Remote,North America,Large,158200
Data Engineer,Senior-level,Remote,North America,Large,209100
Data Engineer,Senior-level,Remote,North America,Large,154600
Data Analyst,Senior-level,On-site,North America,Medium,115934
Data Analyst,Senior-level,On-site,North America,Medium,81666
Data Engineer,Senior-level,Remote,North America,Medium,155000
Data Analyst,Senior-level,On-site,North America,Medium,164000
Data Scientist,Senior-level,Remote,North America,Medium,123000
Data Engineer,Senior-level,Remote,North America,Medium,165400
Data Engineer,Senior-level,Remote,North America,Medium,132320
Data Architect,Senior-level,Remote,North America,Medium,208775
Data Architect,Senior-level,Remote,North America,Medium,147800
Data Engineer,Senior-level,Remote,North America,Large,183600
Data Engineer,Senior-level,Remote,North America,Large,100800
Data Scientist,Senior-level,On-site,North America,Large,215300
Data Scientist,Senior-level,On-site,North America,Large,140400
Data Scientist,Senior-level,Remote,North America,Medium,260000
Data Engineer,Mid-level,On-site,North America,Medium,82900
Data Engineer,Mid-level,On-site,North America,Medium,63900
Machine Learning Scientist,Mid-level,Remote,North America,Large,160000
Machine Learning Scientist,Mid-level,Remote,North America,Large,112300
Data Science Manager,Mid-level,Remote,North America,Medium,241000
Data Science Manager,Mid-level,Remote,North America,Medium,159000
Data Analyst,Mid-level,On-site,North America,Small,58000
Data Engineer,Senior-level,On-site,North America,Medium,136000
Data Engineer,Senior-level,On-site,North America,Medium,108800
Data Engineer,Executive-level,Remote,North America,Medium,242000
Data Scientist,Senior-level,Remote,North America,Medium,165220
Data Analyst,Senior-level,Remote,North America,Medium,124190
Data Engineer,Senior-level,On-site,North America,Medium,181940
Data Engineer,Senior-level,On-site,North America,Medium,132320
Data Engineer,Senior-level,On-site,North America,Medium,220110
Data Engineer,Senior-level,On-site,North America,Medium,160080
Data Scientist,Senior-level,On-site,North America,Large,180000
Data Scientist,Senior-level,On-site,North America,Large,120000
Data Analyst,Mid-level,On-site,North America,Medium,126500
Data Analyst,Mid-level,On-site,North America,Medium,106260
Data Analyst,Senior-level,Remote,North America,Medium,120600
Data Analyst,Senior-level,Remote,North America,Medium,102100
Data Analyst,Senior-level,Remote,North America,Medium,84900
Data Scientist,Senior-level,Remote,North America,Medium,136620
Data Scientist,Senior-level,Remote,North America,Medium,99360
Data Analyst,Executive-level,Remote,North America,Medium,130000
Data Analyst,Executive-level,Remote,North America,Medium,110000
Data Science Manager,Senior-level,Remote,North America,Medium,161342
Data Science Manager,Senior-level,Remote,North America,Medium,137141
Data Scientist,Senior-level,Remote,North America,Medium,167000
Data Scientist,Senior-level,Remote,North America,Medium,211500
Data Scientist,Senior-level,Remote,North America,Medium,138600
Data Engineer,Senior-level,On-site,North America,Large,160000
Data Engineer,Senior-level,On-site,North America,Large,113000
Data Scientist,Senior-level,On-site,North America,Medium,95550
Data Analyst,Mid-level,Remote,North America,Medium,167000
Data Analyst,Mid-level,Remote,North America,Medium,115500
Data Engineer,Senior-level,Remote,North America,Medium,243900
Data Analyst,Senior-level,Remote,North America,Medium,136600
Data Engineer,Senior-level,Remote,North America,Medium,128875
Data Engineer,Senior-level,Remote,North America,Medium,93700
Other,Executive-level,Remote,North America,Medium,224000
Other,Executive-level,Remote,North America,Medium,167875
Analytics Engineer,Executive-level,Remote,North America,Medium,175000
Analytics Engineer,Executive-level,Remote,North America,Medium,135000
Data Scientist,Senior-level,On-site,North America,Large,205300
Data Engineer,Senior-level,Remote,North America,Medium,200100
Data Engineer,Senior-level,On-site,North America,Medium,70500
Data Engineer,Senior-level,On-site,North America,Medium,54000
Data Scientist,Senior-level,On-site,North America,Medium,205300
Data Scientist,Senior-level,On-site,North America,Medium,140400
Analytics Engineer,Senior-level,On-site,North America,Medium,205300
Analytics Engineer,Senior-level,On-site,North America,Medium,184700
Data Engineer,Senior-level,Remote,North America,Medium,140250
Data Analyst,Senior-level,Remote,North America,Medium,116150
Data Analyst,Senior-level,Remote,North America,Medium,99050
Machine Learning Engineer,Senior-level,Remote,North America,Medium,214000
Machine Learning Engineer,Senior-level,Remote,North America,Medium,192600
Data Architect,Senior-level,Remote,North America,Medium,266400
Data Scientist,Mid-level,On-site,North America,Medium,141300
Data Scientist,Mid-level,On-site,North America,Medium,102100
Data Engineer,Mid-level,On-site,North America,Medium,206699
Data Engineer,Mid-level,On-site,North America,Medium,99100
Data Engineer,Senior-level,Remote,North America,Medium,110500
Data Analyst,Senior-level,Remote,North America,Medium,60000
Other,Senior-level,Remote,North America,Medium,150260
Other,Senior-level,Remote,North America,Medium,109280
Data Analyst,Senior-level,Remote,North America,Medium,69000
Data Engineer,Senior-level,Remote,North America,Medium,25000
Data Analyst,Senior-level,Remote,North America,Medium,106260
Data Engineer,Senior-level,Remote,North America,Medium,220110
Data Engineer,Senior-level,Remote,North America,Medium,160080
Data Analyst,Mid-level,Remote,North America,Medium,135000
Data Engineer,Executive-level,Remote,North America,Medium,324000
Data Engineer,Executive-level,Remote,North America,Medium,216000
Data Scientist,Senior-level,Remote,North America,Medium,185100
Data Scientist,Senior-level,Remote,North America,Medium,104890
Machine Learning Engineer,Mid-level,Remote,North America,Small,120000
Other,Mid-level,Remote,North America,Large,75000
Other,Mid-level,Remote,North America,Large,157000
Data Engineer,Entry-level,Remote,North America,Small,65000
Other,Senior-level,Remote,North America,Medium,200000
Machine Learning Scientist,Mid-level,Hybrid,North America,Medium,153000
Data Science Manager,Senior-level,Remote,North America,Medium,152500
Research Scientist,Entry-level,Remote,North America,Large,120000
Data Scientist,Mid-level,Remote,North America,Large,135000
Other,Senior-level,Remote,North America,Large,405000
Other,Senior-level,Remote,North America,Large,380000
Other,Senior-level,Remote,North America,Large,177000
Data Scientist,Mid-level,Remote,North America,Small,48000
Research Scientist,Senior-level,Hybrid,North America,Large,144000
Other,Entry-level,Hybrid,North America,Large,100000
Data Engineer,Entry-level,Remote,North America,Medium,120000
Other,Entry-level,On-site,North America,Medium,125000
Machine Learning Engineer,Senior-level,Remote,Other,Small,120000
Machine Learning Engineer,Senior-level,Remote,Other,Small,65000
Data Scientist,Mid-level,Hybrid,Asia,Medium,25000
Data Analyst,Mid-level,Hybrid,Asia,Medium,65257
Research Engineer,Entry-level,Remote,Other,Medium,16455
Data Science Manager,Executive-level,On-site,Other,Large,106000
Data Engineer,Senior-level,On-site,Europe,Medium,63040
Data Engineer,Senior-level,On-site,Europe,Medium,36773
Data Engineer,Senior-level,On-site,Europe,Medium,73546
Data Engineer,Senior-level,On-site,Europe,Medium,42026
Other,Senior-level,Remote,Europe,Large,69344
Other,Senior-level,Hybrid,Europe,Small,29944
Other,Mid-level,Hybrid,Europe,Large,55685
ML Engineer,Entry-level,Remote,Europe,Large,21013
Machine Learning Engineer,Senior-level,Remote,Other,Medium,200000
Machine Learning Engineer,Senior-level,Remote,Other,Medium,135000
Data Engineer,Senior-level,Remote,Other,Medium,200000
Data Engineer,Senior-level,Remote,Other,Medium,135000
Other,Mid-level,Remote,Europe,Small,44365
Data Scientist,Mid-level,Remote,Europe,Large,33609
Other,Entry-level,Remote,Asia,Medium,40000
Other,Entry-level,On-site,Asia,Medium,20000
Other,Mid-level,Remote,Europe,Large,97712
Data Engineer,Entry-level,Remote,Europe,Large,59888
Other,Senior-level,On-site,Europe,Large,133000
Data Scientist,Mid-level,Hybrid,Europe,Large,73546
Data Scientist,Mid-level,Remote,Europe,Small,54634
Data Scientist,Mid-level,On-site,Europe,Medium,115573
Data Scientist,Mid-level,On-site,Europe,Medium,89306
Research Scientist,Executive-level,On-site,Europe,Large,84053
Machine Learning Engineer,Senior-level,Remote,Europe,Large,59888
Other,Senior-level,Remote,Africa,Small,200000
Data Scientist,Entry-level,Remote,Asia,Large,40000
Machine Learning Engineer,Senior-level,Remote,North America,Medium,255000
Machine Learning Engineer,Senior-level,Remote,North America,Medium,185000
Data Scientist,Mid-level,Remote,North America,Large,30000
Other,Senior-level,Remote,North America,Large,60000
Data Engineer,Mid-level,On-site,Other,Medium,110446
Data Engineer,Mid-level,On-site,Other,Medium,79178
Research Engineer,Entry-level,Hybrid,Asia,Large,41809
Data Science Consultant,Entry-level,Hybrid,Europe,Medium,24165
Other,Senior-level,On-site,Europe,Large,68293
Machine Learning Engineer,Entry-level,Remote,Asia,Medium,100000
Other,Entry-level,Remote,Asia,Large,50000
Machine Learning Engineer,Mid-level,Hybrid,Asia,Large,20984
Research Scientist,Mid-level,Remote,Asia,Large,23000
Other,Mid-level,Remote,Asia,Medium,15897
Other,Mid-level,Hybrid,Asia,Large,18314
Other,Senior-level,On-site,Asia,Large,56723
Data Engineer,Mid-level,Hybrid,Asia,Large,35610
Other,Senior-level,Remote,Asia,Large,38154
Data Scientist,Entry-level,Hybrid,Asia,Medium,22892
Other,Senior-level,Hybrid,Asia,Large,95386
Other,Mid-level,Remote,Asia,Small,30523
Other,Executive-level,Hybrid,Asia,Large,76309
Other,Mid-level,Remote,Asia,Medium,17805
Data Scientist,Mid-level,Remote,Asia,Large,30523
Data Scientist,Entry-level,Remote,Asia,Medium,17805
Other,Senior-level,Remote,Other,Large,172309
Machine Learning Engineer,Senior-level,Remote,Other,Small,68293
Data Scientist,Mid-level,Remote,Asia,Large,53416
Data Analyst,Entry-level,On-site,Asia,Large,15000
Data Scientist,Entry-level,Remote,Europe,Medium,17684
Data Engineer,Mid-level,Remote,Europe,Medium,84053
Data Engineer,Mid-level,Remote,Europe,Medium,73546
Other,Mid-level,On-site,Europe,Medium,52533
Data Analyst,Mid-level,Remote,Europe,Medium,42026
Data Analyst,Mid-level,Remote,Europe,Medium,31520
Data Engineer,Mid-level,Remote,Europe,Medium,63040
Data Engineer,Mid-level,Remote,Europe,Medium,47280
Data Analyst,Mid-level,Remote,Europe,Small,20000
Other,Mid-level,Remote,Africa,Medium,15000
Other,Entry-level,Remote,Europe,Large,36940
Data Scientist,Mid-level,Remote,Europe,Medium,55410
Research Engineer,Mid-level,Hybrid,Europe,Small,105066
Data Scientist,Senior-level,Remote,Europe,Large,88256
Data Scientist,Mid-level,On-site,Europe,Medium,92350
Data Scientist,Mid-level,On-site,Europe,Medium,67723
Data Engineer,Mid-level,Remote,Europe,Medium,92350
Data Engineer,Mid-level,Remote,Europe,Medium,73880
Data Analyst,Mid-level,On-site,Europe,Medium,430967
Data Analyst,Mid-level,On-site,Europe,Medium,55410
Data Science Consultant,Mid-level,On-site,Europe,Medium,70186
Data Science Consultant,Mid-level,On-site,Europe,Medium,51716
Data Analyst,Senior-level,On-site,Europe,Medium,92350
Data Analyst,Senior-level,On-site,Europe,Medium,70186
Other,Mid-level,Remote,Europe,Medium,86193
Other,Mid-level,Remote,Europe,Medium,49253
Analytics Engineer,Mid-level,On-site,Europe,Medium,104663
Analytics Engineer,Mid-level,On-site,Europe,Medium,73880
Data Engineer,Senior-level,Remote,Europe,Medium,61566
Data Engineer,Senior-level,Remote,Europe,Medium,43096
Machine Learning Engineer,Mid-level,On-site,Europe,Medium,104663
Machine Learning Engineer,Mid-level,On-site,Europe,Medium,80036
Data Engineer,Entry-level,Remote,Europe,Medium,61566
Data Engineer,Entry-level,Remote,Europe,Medium,49253
Data Scientist,Mid-level,Hybrid,Europe,Medium,57872
Analytics Engineer,Senior-level,On-site,Europe,Medium,103432
Analytics Engineer,Senior-level,On-site,Europe,Medium,92350
Other,Senior-level,Remote,Europe,Small,200000
Data Scientist,Entry-level,Hybrid,Europe,Large,33246
Data Engineer,Mid-level,On-site,Europe,Medium,110820
Data Engineer,Mid-level,On-site,Europe,Medium,92350
Data Engineer,Mid-level,Remote,Europe,Medium,80036
Data Engineer,Mid-level,Remote,Europe,Medium,67723
Data Scientist,Mid-level,Remote,Europe,Medium,102200
Data Engineer,Mid-level,Remote,Europe,Medium,98506
Data Engineer,Mid-level,Remote,Europe,Medium,86193
Analytics Engineer,Senior-level,Remote,Europe,Medium,102663
Analytics Engineer,Senior-level,Remote,Europe,Medium,80041
Data Engineer,Senior-level,Remote,Europe,Medium,104611
Data Engineer,Senior-level,Remote,Europe,Medium,82280
Data Scientist,Mid-level,On-site,Europe,Medium,118208
Data Scientist,Mid-level,On-site,Europe,Medium,110820
Machine Learning Engineer,Mid-level,Hybrid,Europe,Large,128058
Data Engineer,Mid-level,On-site,Europe,Medium,98506
Data Engineer,Mid-level,On-site,Europe,Medium,73880
Machine Learning Engineer,Entry-level,Remote,Europe,Small,55410
Data Analyst,Senior-level,On-site,Europe,Medium,86193
Data Analyst,Senior-level,On-site,Europe,Medium,61566
Other,Mid-level,Hybrid,Europe,Small,61566
Data Scientist,Mid-level,Remote,Europe,Medium,131752
Other,Senior-level,Remote,Europe,Large,77119
Machine Learning Engineer,Entry-level,Remote,Europe,Large,30000
Data Engineer,Mid-level,On-site,Europe,Medium,91118
Data Engineer,Mid-level,On-site,Europe,Medium,61566
Data Scientist,Mid-level,Hybrid,Europe,Medium,80036
Data Engineer,Mid-level,On-site,Europe,Medium,135446
Data Engineer,Mid-level,On-site,Europe,Medium,104663
Machine Learning Engineer,Mid-level,On-site,Europe,Medium,116976
Machine Learning Engineer,Mid-level,On-site,Europe,Medium,92350
Machine Learning Engineer,Entry-level,Remote,Europe,Large,35093
Data Analyst,Mid-level,Remote,Europe,Medium,49253
Data Analyst,Mid-level,Remote,Europe,Medium,36940
Data Scientist,Mid-level,On-site,Europe,Medium,43096
Data Engineer,Mid-level,Remote,Europe,Medium,55410
Data Scientist,Mid-level,On-site,Europe,Medium,61566
Data Scientist,Mid-level,On-site,Europe,Medium,36940
Data Engineer,Mid-level,On-site,Europe,Medium,49253
Data Scientist,Senior-level,On-site,Europe,Medium,110820
Data Scientist,Senior-level,On-site,Europe,Medium,98506
Data Engineer,Entry-level,Remote,Europe,Medium,43096
Data Engineer,Senior-level,On-site,Europe,Medium,73880
Data Engineer,Senior-level,On-site,Europe,Medium,61566
Data Analyst,Mid-level,On-site,Europe,Medium,61566
Data Analyst,Mid-level,On-site,Europe,Medium,43096
Data Scientist,Mid-level,On-site,Europe,Medium,172386
Data Scientist,Mid-level,On-site,Europe,Medium,86193
Machine Learning Engineer,Senior-level,Hybrid,Europe,Large,84053
Data Scientist,Mid-level,Remote,Europe,Medium,94560
Data Scientist,Mid-level,Remote,Europe,Medium,52533
Other,Mid-level,Remote,Europe,Small,58837
Data Scientist,Mid-level,Remote,Europe,Medium,63040
Machine Learning Engineer,Senior-level,Remote,Europe,Medium,115573
Machine Learning Engineer,Senior-level,Remote,Europe,Medium,73546
Other,Mid-level,Hybrid,Europe,Medium,105066
Data Scientist,Entry-level,Hybrid,Europe,Large,39925
Other,Senior-level,Hybrid,Europe,Large,57786
Data Scientist,Entry-level,Remote,Europe,Medium,110000
Data Analyst,Entry-level,Hybrid,Europe,Medium,28368
Research Scientist,Senior-level,Hybrid,Europe,Large,89306
Data Engineer,Mid-level,Remote,Europe,Medium,65141
Machine Learning Engineer,Senior-level,Hybrid,Europe,Small,63040
Data Engineer,Senior-level,On-site,Europe,Medium,73546
Data Engineer,Senior-level,On-site,Europe,Medium,36773
Data Scientist,Senior-level,On-site,Europe,Medium,47280
Data Scientist,Senior-level,On-site,Europe,Medium,37824
Data Analyst,Senior-level,On-site,Europe,Medium,50432
Data Analyst,Senior-level,On-site,Europe,Medium,39925
Data Engineer,Senior-level,On-site,Europe,Medium,68293
Data Engineer,Senior-level,On-site,Europe,Medium,42026
Data Science Consultant,Entry-level,Hybrid,Europe,Large,27317
Data Analyst,Senior-level,On-site,Europe,Medium,36773
Other,Entry-level,Remote,Europe,Medium,31520
Data Engineer,Mid-level,Remote,Europe,Medium,84053
Data Engineer,Mid-level,Remote,Europe,Medium,73546
Data Scientist,Entry-level,Hybrid,Europe,Medium,31520
Data Analyst,Mid-level,Remote,Europe,Medium,42026
Data Analyst,Mid-level,Remote,Europe,Medium,31520
Data Engineer,Mid-level,Remote,Europe,Medium,63040
Data Engineer,Mid-level,Remote,Europe,Medium,47280
Machine Learning Scientist,Mid-level,Remote,Africa,Medium,22800
Other,Mid-level,Remote,Other,Small,31520
Data Scientist,Entry-level,Hybrid,Africa,Medium,100000
Data Scientist,Mid-level,Remote,Europe,Medium,73546
Other,Entry-level,On-site,Europe,Large,60938
Data Scientist,Mid-level,On-site,Europe,Medium,64090
Data Scientist,Mid-level,On-site,Europe,Medium,60938
Other,Entry-level,Hybrid,Europe,Large,66192
Other,Entry-level,Remote,Europe,Small,33000
Machine Learning Scientist,Entry-level,Remote,Europe,Small,34672
Data Scientist,Mid-level,Remote,Europe,Small,75648
Research Scientist,Mid-level,On-site,Europe,Small,126080
Research Scientist,Mid-level,On-site,Europe,Small,84053
Data Scientist,Entry-level,Hybrid,Europe,Medium,50000
Other,Mid-level,Remote,Europe,Small,50432
Data Scientist,Mid-level,Remote,Europe,Small,60938
Data Engineer,Mid-level,Hybrid,Europe,Small,65666
Machine Learning Engineer,Mid-level,Remote,Europe,Medium,84053
Data Engineer,Mid-level,Hybrid,Europe,Large,52533
Data Engineer,Entry-level,Remote,Europe,Medium,55475
Other,Senior-level,Remote,Europe,Medium,155499
Other,Senior-level,On-site,Europe,Medium,84053
Other,Entry-level,Remote,Europe,Medium,30469
Other,Senior-level,Remote,South America,Large,125000
Machine Learning Engineer,Entry-level,Remote,Europe,Small,56536
Machine Learning Engineer,Mid-level,Remote,Europe,Large,104697
Data Scientist,Mid-level,On-site,Europe,Large,120402
Other,Senior-level,On-site,North America,Small,275000
Other,Senior-level,Remote,North America,Medium,248400
Other,Senior-level,Remote,North America,Medium,183600
Other,Entry-level,Hybrid,North America,Large,200000
Other,Senior-level,Remote,North America,Medium,227200
Other,Senior-level,Remote,North America,Medium,168000
Data Engineer,Senior-level,On-site,North America,Medium,178000
Data Engineer,Senior-level,On-site,North America,Medium,132000
Other,Mid-level,Hybrid,North America,Large,105236
Data Analyst,Mid-level,On-site,North America,Medium,100000
Data Analyst,Mid-level,On-site,North America,Medium,65000
Machine Learning Engineer,Senior-level,Remote,North America,Medium,187200
Machine Learning Engineer,Senior-level,Remote,North America,Medium,116100
Data Scientist,Entry-level,Remote,North America,Large,73742
Other,Senior-level,Hybrid,North America,Medium,161311
Data Manager,Executive-level,Hybrid,North America,Large,125976
Machine Learning Engineer,Senior-level,On-site,North America,Medium,140000
Machine Learning Engineer,Senior-level,On-site,North America,Medium,110000
Data Engineer,Senior-level,Remote,North America,Medium,185800
Data Engineer,Senior-level,Remote,North America,Medium,137400
Other,Executive-level,Remote,North America,Small,115222
Data Architect,Senior-level,Remote,North America,Medium,192400
Data Architect,Senior-level,Remote,North America,Medium,90700
Data Analyst,Senior-level,Remote,North America,Medium,130000
Data Analyst,Senior-level,Remote,North America,Medium,61300
Data Analyst,Mid-level,On-site,North America,Medium,85000
Data Analyst,Mid-level,On-site,North America,Medium,75000
Data Analyst,Entry-level,On-site,North America,Medium,67000
Data Analyst,Entry-level,On-site,North America,Medium,52000
Other,Mid-level,Remote,North America,Medium,76814
Other,Executive-level,Hybrid,North America,Large,192037
Other,Mid-level,Hybrid,North America,Large,69133
Data Scientist,Mid-level,Remote,North America,Medium,67597
Data Scientist,Entry-level,Remote,North America,Large,51081
Other,Senior-level,Remote,North America,Medium,76814
Other,Mid-level,Remote,North America,Small,75000
Analytics Engineer,Mid-level,Remote,South America,Medium,78000
Analytics Engineer,Mid-level,Remote,South America,Medium,48000
Data Engineer,Mid-level,Remote,South America,Medium,78000
Data Engineer,Mid-level,Remote,South America,Medium,42000
Other,Mid-level,Remote,South America,Medium,78000
Other,Mid-level,Remote,South America,Medium,48000
Data Scientist,Mid-level,Remote,South America,Medium,84000
Data Scientist,Mid-level,Remote,South America,Medium,54000
Data Scientist,Entry-level,Remote,Europe,Large,84053
Data Scientist,Entry-level,Hybrid,Europe,Small,52008
Other,Mid-level,Hybrid,Europe,Large,89306
Other,Entry-level,Hybrid,Europe,Medium,50000
Research Scientist,Mid-level,On-site,Europe,Large,61989
Other,Entry-level,Remote,Oceania,Medium,40000
Other,Entry-level,Remote,Oceania,Medium,40000
Data Analyst,Senior-level,Remote,Oceania,Large,171000
Data Scientist,Mid-level,On-site,Oceania,Large,83171
Other,Mid-level,Hybrid,Oceania,Large,45050
Other,Mid-level,Remote,Oceania,Medium,53368
Data Science Manager,Senior-level,Remote,Oceania,Large,133766
Machine Learning Engineer,Mid-level,Remote,Oceania,Large,83864
Data Scientist,Entry-level,Hybrid,Oceania,Medium,83171
Other,Entry-level,Remote,Oceania,Small,150000
Data Analyst,Entry-level,Remote,South America,Large,50000
Other,Senior-level,Hybrid,North America,Medium,185000
Other,Mid-level,Remote,North America,Medium,56000
Other,Mid-level,Remote,North America,Medium,150000
Data Analyst,Senior-level,Remote,North America,Small,115000
Other,Senior-level,Hybrid,North America,Large,250000
Data Scientist,Mid-level,Hybrid,North America,Large,109000
Data Engineer,Senior-level,On-site,North America,Large,150000
Data Science Manager,Senior-level,On-site,North America,Large,240000
Data Analyst,Mid-level,Remote,North America,Large,135000
Data Scientist,Entry-level,Remote,North America,Medium,80000
Other,Senior-level,On-site,North America,Large,220000
Data Scientist,Entry-level,On-site,North America,Small,100000
Other,Mid-level,Remote,North America,Medium,38400
Data Scientist,Mid-level,Remote,North America,Small,82500
Machine Learning Scientist,Senior-level,Hybrid,North America,Small,120000
Other,Senior-level,Remote,North America,Medium,200000
Data Engineer,Mid-level,Remote,North America,Large,200000
Data Engineer,Mid-level,Remote,North America,Large,100000
Data Architect,Mid-level,Remote,North America,Large,170000
Data Architect,Mid-level,Remote,North America,Large,150000
Other,Entry-level,Hybrid,North America,Small,55000
Other,Executive-level,On-site,North America,Large,250000
Machine Learning Engineer,Entry-level,Remote,North America,Small,125000
Data Science Manager,Senior-level,Remote,North America,Large,144000
Data Engineer,Senior-level,Remote,North America,Large,153000
Data Engineer,Mid-level,Remote,North America,Large,90000
Data Analyst,Entry-level,Remote,North America,Small,90000
Data Analyst,Entry-level,Remote,North America,Small,60000
ML Engineer,Mid-level,Remote,North America,Large,270000
Other,Mid-level,Remote,North America,Large,110000
Data Engineer,Mid-level,Remote,North America,Large,140000
Other,Senior-level,Remote,North America,Large,170000
Other,Mid-level,Remote,North America,Medium,100000
Other,Executive-level,Remote,North America,Large,235000
Other,Executive-level,Remote,North America,Large,150000
Machine Learning Scientist,Entry-level,Remote,North America,Large,225000
Data Engineer,Senior-level,Remote,North America,Small,115000
Other,Mid-level,Hybrid,North America,Large,36259
Data Engineer,Senior-level,Remote,North America,Large,150000
Other,Mid-level,Remote,North America,Small,95746
Other,Entry-level,Remote,North America,Medium,70000
Other,Senior-level,On-site,North America,Large,276000
Other,Senior-level,Remote,North America,Small,160000
Data Engineer,Senior-level,Remote,North America,Large,174000
Data Scientist,Entry-level,Remote,North America,Small,90000
Other,Senior-level,Remote,North America,Medium,170000
Other,Mid-level,On-site,North America,Small,110000
Data Architect,Mid-level,Remote,North America,Large,180000
Data Analyst,Senior-level,Remote,North America,Large,200000
Data Engineer,Senior-level,Remote,North America,Large,200000
ML Engineer,Senior-level,Remote,North America,Small,256000
Data Engineer,Mid-level,Remote,North America,Large,110000
Data Engineer,Entry-level,Remote,North America,Large,72500
Machine Learning Engineer,Senior-level,Hybrid,North America,Large,185000
Data Engineer,Mid-level,Remote,North America,Large,112000
Data Scientist,Entry-level,Hybrid,North America,Large,58000
Other,Senior-level,Remote,North America,Medium,105000
Data Engineer,Mid-level,On-site,North America,Medium,111775
Data Engineer,Mid-level,On-site,North America,Medium,93150
Other,Senior-level,Hybrid,North America,Small,160000
Data Scientist,Senior-level,On-site,North America,Large,135000
Data Science Manager,Senior-level,Hybrid,North America,Large,54094
Data Scientist,Mid-level,Hybrid,North America,Large,147000
Data Science Manager,Senior-level,Remote,North America,Large,174000
Data Engineer,Mid-level,On-site,North America,Large,26005
Machine Learning Engineer,Entry-level,Hybrid,North America,Small,81000
Data Science Consultant,Entry-level,Remote,North America,Small,90000
Other,Senior-level,Remote,North America,Medium,195000
Other,Executive-level,Remote,North America,Small,416000
Other,Senior-level,On-site,North America,Large,120000
Data Engineer,Mid-level,On-site,North America,Large,20000
Data Scientist,Mid-level,Remote,North America,Large,160000
Research Scientist,Senior-level,Remote,North America,Small,50000
Other,Senior-level,Remote,North America,Large,185000
Other,Senior-level,Remote,North America,Large,140000
Data Scientist,Mid-level,Hybrid,North America,Large,130000
Data Scientist,Mid-level,Hybrid,North America,Large,115000
Other,Senior-level,Remote,North America,Large,235000
Data Analyst,Mid-level,On-site,North America,Large,75000
Data Analyst,Mid-level,On-site,North America,Large,62000
Data Scientist,Mid-level,On-site,North America,Large,73000
Other,Mid-level,Hybrid,North America,Large,423000
Data Specialist,Senior-level,Remote,North America,Large,165000
Other,Mid-level,Remote,North America,Large,151000
Data Scientist,Senior-level,Hybrid,Asia,Large,20171
Data Engineer,Mid-level,Remote,Asia,Medium,28016
Other,Entry-level,Remote,Asia,Large,15000
Other,Senior-level,Remote,Other,Large,102839
Machine Learning Engineer,Mid-level,Hybrid,Other,Large,24823
Other,Entry-level,Hybrid,Asia,Large,66970
Other,Mid-level,Hybrid,Asia,Large,89294
Other,Executive-level,On-site,Other,Medium,85000
Other,Executive-level,Hybrid,Other,Large,230000
Other,Mid-level,Hybrid,Europe,Medium,60000
Research Scientist,Senior-level,Hybrid,Europe,Large,60757
Other,Executive-level,Remote,Europe,Large,153667
Data Engineer,Mid-level,Remote,Europe,Large,28476
Machine Learning Engineer,Mid-level,Remote,Europe,Large,46597
Data Analyst,Senior-level,Remote,Asia,Small,50000
Data Engineer,Mid-level,Remote,Europe,Large,69741
Data Engineer,Mid-level,Remote,Europe,Large,45391
Other,Senior-level,Remote,Africa,Medium,60000
Data Scientist,Mid-level,Remote,Africa,Large,50000
Data Engineer,Mid-level,Hybrid,Other,Large,28369
Other,Mid-level,On-site,Other,Small,18000
Other,Entry-level,Remote,Other,Large,59102
ML Engineer,Mid-level,Hybrid,Asia,Small,77364
ML Engineer,Mid-level,Hybrid,Asia,Small,63711
Machine Learning Engineer,Mid-level,Hybrid,Asia,Small,74000
Other,Senior-level,On-site,Asia,Small,168000
Machine Learning Engineer,Mid-level,Hybrid,Europe,Large,51064
Other,Entry-level,Hybrid,Other,Small,100000
Other,Entry-level,Remote,Asia,Small,18053
Data Scientist,Senior-level,Remote,Asia,Large,54094
Data Analyst,Mid-level,Hybrid,Asia,Large,16904
Other,Senior-level,Hybrid,Asia,Large,40570
Machine Learning Engineer,Entry-level,Remote,Asia,Small,20000
Data Engineer,Entry-level,Remote,Asia,Large,30428
Data Scientist,Entry-level,Hybrid,Asia,Large,29751
Data Scientist,Entry-level,Remote,Asia,Medium,28399
Data Engineer,Entry-level,Hybrid,Asia,Medium,21637
Machine Learning Engineer,Senior-level,On-site,Asia,Large,66265
Data Scientist,Mid-level,Remote,Asia,Small,16904
Other,Entry-level,Remote,Asia,Large,16228
Machine Learning Engineer,Senior-level,Remote,Asia,Large,24342
Other,Mid-level,On-site,Asia,Large,22611
Data Scientist,Mid-level,On-site,Asia,Medium,33808
Other,Mid-level,Remote,Asia,Large,19609
Data Science Manager,Senior-level,Hybrid,Asia,Large,94665
Data Scientist,Mid-level,Remote,Asia,Medium,119059
Other,Mid-level,Remote,Europe,Medium,40189
Other,Mid-level,On-site,Africa,Small,30000
Data Engineer,Entry-level,Hybrid,Europe,Large,45390
Other,Entry-level,On-site,Europe,Large,110037
Data Engineer,Mid-level,Remote,Europe,Large,82528
Research Scientist,Entry-level,Hybrid,Europe,Large,82528
Other,Senior-level,Remote,Europe,Small,103160
Data Engineer,Senior-level,Remote,Europe,Medium,113476
Data Analyst,Mid-level,Hybrid,Europe,Large,51519
Data Engineer,Senior-level,Hybrid,Europe,Large,96282
Data Engineer,Mid-level,Hybrid,Europe,Large,72212
Other,Senior-level,Remote,Europe,Medium,50000
Data Scientist,Mid-level,Hybrid,Europe,Large,56256
Data Scientist,Mid-level,Hybrid,Europe,Large,116914
Data Engineer,Mid-level,Hybrid,Europe,Small,66022
Other,Senior-level,Hybrid,Europe,Large,61896
Data Engineer,Senior-level,Hybrid,Europe,Small,76833
Other,Entry-level,Hybrid,Europe,Medium,20000
Data Scientist,Entry-level,Hybrid,Europe,Medium,49646
Research Scientist,Mid-level,Hybrid,Europe,Medium,62649
Data Analyst,Entry-level,Hybrid,Europe,Medium,59102
Data Scientist,Senior-level,Hybrid,Europe,Large,53192
Data Scientist,Entry-level,Hybrid,Europe,Large,36643
Data Scientist,Senior-level,Hybrid,Europe,Medium,77684
Research Scientist,Mid-level,Hybrid,Europe,Small,56738
Data Science Manager,Senior-level,Remote,Europe,Large,152000
Machine Learning Engineer,Mid-level,Remote,Europe,Small,47282
Other,Senior-level,Remote,Europe,Large,55000
Data Science Consultant,Executive-level,Remote,Europe,Small,69741
Data Scientist,Mid-level,Remote,Europe,Large,37825
Data Scientist,Mid-level,Remote,Europe,Medium,46809
Other,Entry-level,Hybrid,Europe,Large,19073
Other,Senior-level,Remote,Europe,Large,88654
Other,Entry-level,Hybrid,Europe,Small,28609
Other,Executive-level,Hybrid,Europe,Medium,130026
Data Science Consultant,Entry-level,Hybrid,Europe,Large,63831
Other,Senior-level,Remote,Europe,Large,79197
Data Science Consultant,Entry-level,Remote,Europe,Small,76833
Machine Learning Engineer,Senior-level,Hybrid,Europe,Large,94564
Machine Learning Engineer,Entry-level,Remote,Europe,Small,85000
Data Science Consultant,Entry-level,On-site,Europe,Large,76833
Data Engineer,Entry-level,Hybrid,Europe,Medium,65013
Data Scientist,Mid-level,Remote,Europe,Small,25532
Data Analyst,Senior-level,Hybrid,Europe,Large,63831
Other,Executive-level,On-site,Europe,Large,141846
Machine Learning Engineer,Entry-level,Hybrid,Europe,Medium,24823
Data Scientist,Mid-level,Hybrid,Europe,Large,90734
Data Scientist,Mid-level,Hybrid,Europe,Large,88654
Other,Senior-level,Remote,Europe,Medium,173762
Research Scientist,Mid-level,Hybrid,Europe,Large,69999
Machine Learning Engineer,Entry-level,Hybrid,South America,Medium,21844
Research Scientist,Entry-level,On-site,Asia,Large,100000
Data Scientist,Mid-level,Remote,South America,Large,40038
Other,Senior-level,Hybrid,North America,Large,127221
Data Scientist,Mid-level,Remote,North America,Large,75774
Other,Mid-level,Hybrid,North America,Large,54238
Research Scientist,Mid-level,Remote,North America,Large,187442
Other,Senior-level,Hybrid,North America,Medium,99703
Data Scientist,Senior-level,Remote,North America,Large,103691
Research Scientist,Mid-level,Remote,North America,Medium,63810
Data Analyst,Senior-level,Remote,North America,Medium,71786
Research Scientist,Senior-level,Hybrid,North America,Large,96113
Machine Learning Scientist,Senior-level,Remote,North America,Large,225000
Data Scientist,Senior-level,Remote,North America,Small,87738
Other,Senior-level,Remote,South America,Medium,24000
Other,Senior-level,On-site,South America,Medium,18907
Machine Learning Engineer,Senior-level,Hybrid,Europe,Medium,82744
Machine Learning Engineer,Mid-level,Remote,Europe,Medium,88654
Other,Mid-level,Hybrid,Other,Medium,45555
Data Scientist,Mid-level,Hybrid,Europe,Medium,61467
Data Engineer,Mid-level,Hybrid,Oceania,Large,75050
Data Analyst,Entry-level,Hybrid,Oceania,Large,42028
Other,Senior-level,Hybrid,North America,Medium,164000
Other,Executive-level,Remote,North America,Large,300000
Other,Mid-level,On-site,North America,Medium,95000
Other,Entry-level,Remote,North America,Large,70000
Data Scientist,Senior-level,Remote,North America,Large,68428
Research Scientist,Mid-level,On-site,North America,Medium,450000
Data Science Consultant,Mid-level,Remote,North America,Large,103000
Machine Learning Engineer,Entry-level,Hybrid,North America,Large,250000
Machine Learning Engineer,Entry-level,Remote,North America,Small,138000
Data Scientist,Mid-level,Remote,North America,Small,45760
Data Engineer,Mid-level,Remote,North America,Large,106000
Data Engineer,Senior-level,Remote,North America,Large,188000
Data Scientist,Mid-level,Remote,North America,Large,105000
Data Analyst,Entry-level,Remote,North America,Large,91000
Machine Learning Engineer,Senior-level,Hybrid,North America,Large,150000
Data Analyst,Entry-level,Remote,North America,Large,72000
Other,Senior-level,Remote,North America,Small,190000
Other,Mid-level,Remote,North America,Large,135000
Other,Mid-level,Remote,North America,Large,87000
Data Analyst,Mid-level,Remote,North America,Large,85000
Other,Mid-level,Remote,North America,Medium,56000
Other,Mid-level,On-site,North America,Medium,98000
Other,Executive-level,Remote,North America,Large,325000
Data Scientist,Senior-level,Hybrid,North America,Large,120000
Other,Senior-level,Remote,North America,Small,60000
Data Science Manager,Senior-level,Remote,North America,Medium,190200
Data Scientist,Mid-level,Remote,North America,Medium,118000
Data Scientist,Mid-level,Remote,North America,Medium,138350
Data Engineer,Mid-level,Remote,North America,Medium,130800
Data Scientist,Senior-level,Remote,North America,Large,412000
Data Scientist,Entry-level,Remote,North America,Small,105000
Other,Entry-level,Remote,North America,Large,100000
Other,Mid-level,On-site,Other,Large,115000
Data Analyst,Entry-level,Remote,Europe,Medium,22809
Other,Mid-level,On-site,Europe,Medium,50180
Other,Senior-level,Hybrid,Oceania,Small,125000
Research Scientist,Entry-level,Hybrid,Europe,Large,42000
Other,Mid-level,On-site,Africa,Medium,60000
Data Engineer,Senior-level,On-site,North America,Small,33511
Other,Entry-level,On-site,Other,Small,100000
Data Scientist,Mid-level,Hybrid,Other,Small,62726
Machine Learning Scientist,Senior-level,On-site,Asia,Small,260000
Data Engineer,Entry-level,Remote,Asia,Small,41689
Data Scientist,Entry-level,Hybrid,Europe,Small,21669
Data Scientist,Mid-level,On-site,Asia,Large,40481
Data Scientist,Mid-level,Hybrid,Europe,Large,35735
Machine Learning Engineer,Senior-level,Remote,Europe,Small,45618
Other,Mid-level,On-site,South America,Small,20000
Data Engineer,Senior-level,Hybrid,Europe,Large,47899
Data Engineer,Mid-level,Hybrid,Europe,Large,112872
Data Scientist,Mid-level,Remote,Europe,Small,76958
Other,Senior-level,Hybrid,Europe,Medium,109024
Other,Senior-level,Remote,Europe,Small,114047
Data Analyst,Mid-level,Hybrid,Europe,Large,46759
Data Engineer,Mid-level,Hybrid,Europe,Large,70139
Data Scientist,Entry-level,On-site,Europe,Small,51321
Data Scientist,Entry-level,On-site,Europe,Medium,39916
Data Scientist,Mid-level,Hybrid,Europe,Small,42197
Data Engineer,Executive-level,Hybrid,Europe,Large,79833
Data Scientist,Mid-level,Remote,Europe,Medium,38776
Other,Entry-level,Hybrid,Europe,Small,45896
Data Analyst,Entry-level,On-site,Europe,Large,47899
Data Scientist,Entry-level,On-site,Europe,Small,49268
Data Engineer,Entry-level,Remote,Europe,Large,54742
Data Engineer,Mid-level,Remote,Europe,Small,59303
ML Engineer,Entry-level,Remote,Europe,Small,15966
Data Scientist,Mid-level,On-site,Europe,Large,79833
Data Scientist,Entry-level,Hybrid,Europe,Small,62726
Other,Senior-level,Remote,Europe,Medium,148261
Other,Entry-level,Hybrid,North America,Large,44753
Other,Executive-level,On-site,North America,Medium,15000
Other,Senior-level,Hybrid,North America,Large,117104
Data Engineer,Mid-level,Hybrid,Europe,Large,74130
Data Scientist,Senior-level,On-site,Europe,Small,91237
