job_title,experience_level,work_models,company_location,company_size
Data Analyst,3,On-site,Europe,Medium
Data Scientist,3,Remote,North America,Medium
AI Engineer,2,On-site,North America,Medium
Data Analyst,1,On-site,North America,Medium
Data Analyst,2,On-site,North America,Medium
Data Scientist,2,Hybrid,Other,Small
Other,3,On-site,North America,Medium
Data Engineer,3,Remote,North America,Medium
Data Manager,2,Remote,North America,Medium
ML Engineer,1,On-site,North America,Medium
Data Scientist,3,On-site,North America,Medium
Data Engineer,2,On-site,North America,Medium
Machine Learning Engineer,3,On-site,North America,Medium
Data Engineer,2,On-site,North America,Medium
Data Analyst,3,On-site,North America,Medium
Other,3,Remote,North America,Large
Other,2,Remote,North America,Large
Data Engineer,2,Remote,North America,Medium
Data Science Manager,3,Remote,North America,Large
Data Manager,3,On-site,North America,Medium
Research Engineer,3,On-site,North America,Medium
Data Engineer,3,On-site,North America,Medium
Analytics Engineer,1,On-site,North America,Medium
Machine Learning Engineer,3,On-site,North America,Medium
Data Science Manager,3,Remote,North America,Medium
Data Science Consultant,2,On-site,Europe,Medium
Data Scientist,2,Remote,North America,Medium
Data Analyst,3,Remote,North America,Medium
Data Engineer,3,Remote,Europe,Medium
Data Engineer,3,Remote,North America,Medium
Data Scientist,1,Hybrid,Europe,Medium
Data Analyst,3,Remote,North America,Medium
Data Engineer,2,On-site,North America,Medium
Applied Scientist,3,Remote,North America,Medium
Data Architect,3,On-site,North America,Medium
Data Science Manager,2,Remote,North America,Medium
Data Analyst,1,Remote,North America,Large
Other,1,Remote,Other,Large
Data Engineer,3,On-site,North America,Medium
Data Scientist,3,Remote,North America,Medium
Machine Learning Engineer,3,Remote,North America,Medium
Data Scientist,2,On-site,Other,Large
Data Analyst,2,On-site,North America,Medium
Research Scientist,2,Remote,North America,Medium
Data Analyst,3,On-site,North America,Medium
Data Engineer,2,On-site,North America,Medium
Data Scientist,3,On-site,North America,Medium
Analytics Engineer,3,Remote,North America,Medium
Data Analyst,3,On-site,North America,Medium
Data Scientist,3,Remote,North America,Medium
Machine Learning Scientist,3,On-site,North America,Medium
Other,1,On-site,North America,Medium
Data Engineer,3,Remote,North America,Medium
Data Manager,4,On-site,North America,Medium
Machine Learning Engineer,2,On-site,North America,Medium
Business Intelligence Engineer,3,On-site,North America,Large
Data Scientist,3,On-site,North America,Medium
Other,3,On-site,North America,Medium
Data Engineer,2,On-site,North America,Medium
Data Scientist,1,Hybrid,Europe,Medium
Machine Learning Engineer,3,Remote,North America,Medium
Other,3,Remote,North America,Large
Data Architect,2,Remote,North America,Medium
Data Engineer,3,Remote,North America,Medium
Machine Learning Engineer,3,On-site,North America,Medium
Data Engineer,3,On-site,Europe,Medium
Data Engineer,2,On-site,North America,Medium
Other,3,On-site,North America,Medium
Research Scientist,3,On-site,North America,Medium
Data Engineer,3,Remote,North America,Large
Data Scientist,2,On-site,North America,Medium
Other,2,Remote,North America,Medium
Data Analyst,2,Remote,North America,Medium
Research Engineer,3,On-site,North America,Medium
Machine Learning Engineer,3,On-site,Other,Medium
Data Engineer,3,On-site,North America,Medium
Data Analyst,1,On-site,Europe,Medium
Research Scientist,3,On-site,North America,Medium
Data Engineer,3,Remote,North America,Medium
Data Engineer,3,On-site,North America,Medium
Analytics Engineer,2,On-site,North America,Medium
Data Scientist,3,Remote,North America,Medium
Other,2,On-site,Europe,Medium
Machine Learning Engineer,2,On-site,North America,Medium
Research Scientist,3,On-site,North America,Medium
Business Intelligence Analyst,3,On-site,North America,Medium
Machine Learning Engineer,2,On-site,Oceania,Medium
Data Scientist,3,Remote,North America,Medium
AI Engineer,2,On-site,North America,Medium
Data Analyst,3,Remote,North America,Medium
Data Manager,2,On-site,North America,Medium
Data Scientist,3,On-site,North America,Medium
Data Scientist,2,On-site,Europe,Medium
Machine Learning Engineer,3,On-site,North America,Medium
Data Engineer,3,Remote,North America,Medium
Machine Learning Scientist,3,Remote,North America,Medium
Other,3,Remote,Other,Large
Other,3,Remote,Europe,Medium
ML Engineer,3,On-site,North America,Medium
Data Scientist,2,On-site,North America,Medium
Data Manager,1,Remote,North America,Medium
Other,3,On-site,North America,Medium
Machine Learning Engineer,3,Remote,North America,Medium
Data Science Manager,2,Remote,North America,Medium
Data Engineer,2,Remote,North America,Medium
Data Scientist,3,Remote,North America,Medium
Data Scientist,3,On-site,North America,Medium
Data Engineer,3,On-site,North America,Medium
Data Engineer,4,Remote,North America,Medium
Data Engineer,2,Remote,North America,Medium
Data Scientist,3,On-site,Europe,Medium
Data Manager,2,On-site,North America,Medium
Other,3,Remote,North America,Medium
Research Scientist,1,On-site,North America,Medium
Research Scientist,3,On-site,North America,Medium
Other,3,On-site,North America,Medium
Applied Scientist,3,Remote,North America,Medium
Data Analyst,3,On-site,North America,Medium
Data Engineer,3,On-site,North America,Medium
Data Analyst,3,Remote,North America,Medium
Research Analyst,1,On-site,North America,Medium
AI Engineer,3,On-site,North America,Medium
Data Analyst,3,On-site,North America,Medium
Other,3,On-site,Europe,Medium
Data Architect,3,Remote,North America,Medium
Data Scientist,3,On-site,North America,Medium
Other,4,On-site,North America,Medium
Machine Learning Engineer,3,On-site,North America,Medium
ML Engineer,3,On-site,North America,Medium
Data Engineer,3,Remote,North America,Medium
Data Scientist,3,Remote,North America,Medium
Data Analyst,2,On-site,North America,Medium
Machine Learning Engineer,3,On-site,North America,Medium
Analytics Engineer,3,On-site,North America,Medium
Machine Learning Engineer,3,Remote,North America,Large
Data Engineer,3,On-site,North America,Medium
Data Scientist,2,Remote,North America,Medium
AI Engineer,2,Remote,North America,Large
Applied Scientist,3,Remote,North America,Medium
Data Scientist,2,Remote,Europe,Large
Data Analyst,1,Remote,North America,Small
Data Analyst,3,On-site,Europe,Medium
Data Analyst,3,Remote,North America,Medium
Other,4,Remote,South America,Medium
Research Engineer,3,On-site,North America,Medium
Data Engineer,2,Remote,Europe,Medium
Data Engineer,2,Remote,Europe,Medium
Machine Learning Engineer,2,On-site,North America,Medium
Data Engineer,3,Remote,North America,Medium
Research Engineer,3,Remote,Europe,Small
Data Engineer,2,Remote,North America,Medium
Machine Learning Engineer,1,Remote,Europe,Small
Data Engineer,3,On-site,North America,Medium
Applied Scientist,3,On-site,North America,Medium
Data Engineer,2,On-site,North America,Medium
Data Science,2,Remote,North America,Medium
Other,3,On-site,Europe,Medium
Machine Learning Engineer,3,On-site,North America,Medium
Business Intelligence Analyst,2,On-site,North America,Medium
Data Engineer,3,Remote,North America,Medium
Data Analyst,3,Remote,North America,Medium
Data Analyst,3,On-site,North America,Medium
Data Analyst,3,Remote,North America,Medium
Data Engineer,3,Remote,North America,Medium
Data Analyst,4,On-site,North America,Medium
Data Analyst,3,On-site,North America,Medium
Machine Learning Engineer,2,Remote,Europe,Small
Other,1,On-site,North America,Medium
Data Analyst,3,Remote,North America,Medium
Machine Learning Engineer,3,On-site,North America,Medium
Data Science Consultant,3,On-site,North America,Medium
ML Engineer,3,On-site,North America,Medium
Data Scientist,3,On-site,North America,Medium
Machine Learning Scientist,3,Remote,North America,Medium
Data Analyst,2,On-site,North America,Medium
Other,2,On-site,North America,Medium
Data Analyst,3,On-site,North America,Medium
Data Analyst,1,Remote,North America,Medium
Data Engineer,3,Remote,North America,Medium
Data Manager,1,On-site,North America,Medium
Data Engineer,2,On-site,North America,Medium
Data Engineer,2,On-site,North America,Medium
Data Engineer,3,Remote,North America,Medium
Other,1,Remote,Europe,Large
Data Architect,3,Remote,North America,Medium
Research Analyst,3,Remote,North America,Medium
Data Engineer,3,On-site,North America,Medium
Research Engineer,2,Remote,North America,Medium
Other,1,Remote,Europe,Medium
Data Analyst,3,Remote,North America,Small
Other,3,On-site,North America,Medium
Data Analyst,1,Remote,North America,Medium
Data Engineer,3,On-site,North America,Medium
Applied Scientist,1,On-site,North America,Large
Analytics Engineer,2,On-site,Europe,Medium
Data Engineer,3,On-site,North America,Medium
Data Engineer,3,On-site,North America,Medium
Research Engineer,2,On-site,North America,Medium
Data Engineer,3,Remote,North America,Medium
Data Analyst,1,Remote,Europe,Medium
Analytics Engineer,3,Remote,Africa,Small
Machine Learning Engineer,3,On-site,North America,Medium
Machine Learning Engineer,4,Remote,North America,Medium
Data Scientist,1,Remote,North America,Medium
Data Scientist,4,On-site,North America,Medium
Machine Learning Engineer,3,On-site,North America,Medium
Other,3,On-site,North America,Medium
Other,3,On-site,North America,Medium
Data Engineer,3,On-site,North America,Medium
Other,4,On-site,Europe,Medium
Data Analyst,3,Remote,North America,Medium
Machine Learning Engineer,2,Remote,Europe,Large
Machine Learning Engineer,3,On-site,North America,Medium
Data Analyst,1,On-site,North America,Medium
Data Analyst,2,On-site,North America,Medium
Machine Learning Engineer,3,On-site,North America,Medium
AI Engineer,3,On-site,North America,Medium
Other,3,On-site,North America,Medium
Data Engineer,3,Remote,North America,Medium
Applied Scientist,2,On-site,North America,Large
Applied Scientist,3,On-site,North America,Medium
Other,2,Remote,North America,Large
Data Engineer,2,Remote,Europe,Medium
Research Engineer,3,On-site,North America,Medium
Data Scientist,1,Hybrid,Asia,Medium
Data Science Manager,3,Remote,North America,Medium
Machine Learning Engineer,2,On-site,North America,Medium
Research Scientist,2,Hybrid,North America,Large
Data Science Manager,3,Remote,North America,Medium
Data Scientist,3,On-site,North America,Medium
Applied Scientist,3,Remote,North America,Medium
Research Scientist,2,On-site,North America,Medium
Data Analyst,2,On-site,North America,Medium
Other,2,Remote,North America,Medium
Business Intelligence Engineer,3,Remote,North America,Medium
Data Scientist,2,Remote,North America,Medium
Machine Learning Engineer,3,Hybrid,Europe,Large
Data Engineer,3,On-site,North America,Large
Data Engineer,3,Remote,North America,Medium
Data Scientist,3,On-site,North America,Medium
Other,3,On-site,North America,Medium
Data Analyst,3,On-site,North America,Medium
AI Engineer,3,On-site,North America,Medium
Other,1,Remote,North America,Medium
Data Science,3,On-site,North America,Medium
Data Architect,3,Remote,North America,Medium
Data Analyst,3,On-site,North America,Medium
Analytics Engineer,3,Remote,North America,Medium
Research Analyst,1,On-site,North America,Medium
Research Engineer,3,On-site,North America,Medium
Data Science Consultant,3,On-site,North America,Medium
Data Analyst,2,Remote,Europe,Medium
Data Science Manager,4,On-site,Other,Large
Data Scientist,3,On-site,North America,Medium
Data Engineer,3,On-site,Europe,Medium
Data Analyst,3,On-site,North America,Medium
Data Analyst,1,On-site,Europe,Medium
Analytics Engineer,3,On-site,North America,Medium
Data Science Consultant,1,On-site,Europe,Large
Data Engineer,3,On-site,North America,Medium
Research Scientist,3,On-site,North America,Medium
Other,2,On-site,North America,Medium
Research Scientist,3,Remote,North America,Medium
Data Scientist,2,On-site,Europe,Medium
Data Engineer,2,On-site,North America,Medium
Machine Learning Engineer,3,Remote,Europe,Medium
Data Analyst,2,On-site,North America,Medium
Data Manager,2,On-site,North America,Medium
Machine Learning Engineer,3,On-site,North America,Medium
Data Analyst,3,Remote,North America,Medium
Other,3,Remote,North America,Medium
Data Scientist,3,Remote,North America,Medium
Other,3,On-site,Europe,Large
Data Engineer,3,Remote,North America,Medium
Research Engineer,3,On-site,North America,Medium
Machine Learning Engineer,3,On-site,Africa,Medium
Data Analyst,1,Remote,North America,Medium
Research Engineer,2,On-site,North America,Medium
Data Analyst,1,Hybrid,Oceania,Large
Data Analyst,1,On-site,Europe,Medium
Data Analyst,3,Remote,North America,Medium
Business Intelligence Engineer,3,Remote,North America,Medium
Data Engineer,2,Remote,North America,Medium
Other,3,On-site,North America,Medium
Data Analyst,3,On-site,Europe,Medium
Data Architect,3,Remote,North America,Medium
Data Architect,3,On-site,North America,Medium
Data Scientist,2,Remote,North America,Medium
Data Engineer,3,Remote,North America,Medium
Data Manager,2,On-site,North America,Medium
Machine Learning Engineer,3,Remote,North America,Large
Data Scientist,3,Remote,North America,Medium
Data Engineer,3,Remote,North America,Medium
Data Scientist,3,On-site,North America,Medium
Data Analyst,3,On-site,North America,Medium
Machine Learning Engineer,3,On-site,North America,Medium
Analytics Engineer,3,Remote,North America,Medium
Data Analyst,1,On-site,North America,Medium
Data Engineer,3,Remote,North America,Medium
Other,3,Remote,North America,Medium
Data Scientist,1,Remote,North America,Medium
ML Engineer,2,Hybrid,Asia,Small
Other,3,On-site,North America,Medium
Machine Learning Engineer,3,On-site,North America,Medium
Machine Learning Engineer,3,Remote,North America,Medium
Applied Scientist,1,On-site,North America,Large
Analytics Engineer,3,On-site,North America,Medium
Machine Learning Engineer,3,On-site,North America,Medium
Other,3,Hybrid,Oceania,Medium
Machine Learning Engineer,3,Remote,North America,Medium
Business Intelligence Analyst,3,Remote,North America,Medium
Data Analyst,1,Remote,North America,Large
Machine Learning Engineer,3,Remote,North America,Medium
Data Scientist,3,Hybrid,Other,Large
Other,2,Remote,Other,Medium
Data Scientist,1,Remote,North America,Large
Data Engineer,4,Remote,North America,Medium
Data Engineer,2,On-site,North America,Medium
Data Engineer,2,Remote,North America,Medium
Data Engineer,2,Remote,North America,Medium
Analytics Engineer,3,Remote,North America,Medium
Data Engineer,3,Remote,North America,Medium
Data Engineer,3,Remote,North America,Medium
Data Science Consultant,3,On-site,North America,Medium
Applied Scientist,3,Remote,North America,Medium
Data Engineer,3,On-site,North America,Medium
Data Scientist,3,On-site,North America,Medium
Applied Scientist,1,On-site,North America,Medium
Research Scientist,3,On-site,North America,Medium
Research Scientist,3,Hybrid,North America,Large
Business Intelligence Analyst,3,On-site,North America,Medium
Applied Scientist,2,On-site,North America,Large
Data Engineer,3,Remote,North America,Medium
Data Engineer,3,On-site,North America,Medium
Research Scientist,3,Remote,North America,Medium
Other,3,On-site,North America,Medium
Research Scientist,3,On-site,North America,Medium
Data Engineer,3,Remote,North America,Medium
Data Scientist,3,On-site,North America,Large
Data Analyst,1,Remote,North America,Medium
Other,4,On-site,North America,Medium
Data Engineer,3,On-site,Europe,Medium
ML Engineer,2,Hybrid,Asia,Small
Data Architect,3,Remote,North America,Medium
Data Engineer,4,Remote,North America,Medium
Data Analyst,2,On-site,North America,Medium
Other,3,On-site,North America,Medium
Data Manager,4,Hybrid,North America,Large
Machine Learning Engineer,3,On-site,North America,Medium
Data Engineer,1,Remote,Asia,Small
Data Analyst,3,Remote,Europe,Medium
Other,4,Remote,North America,Medium
Data Engineer,3,On-site,North America,Medium
Data Engineer,2,Remote,North America,Medium
Data Analyst,2,Remote,North America,Medium
Machine Learning Engineer,3,Remote,North America,Medium
Machine Learning Engineer,2,Remote,North America,Medium
Research Engineer,3,On-site,North America,Medium
Data Engineer,2,On-site,North America,Medium
Data Engineer,3,Remote,North America,Medium
Data Engineer,2,On-site,North America,Medium
Machine Learning Engineer,3,Remote,North America,Medium
Data Engineer,2,Remote,Europe,Medium
Other,2,Remote,North America,Medium
Data Science Consultant,3,On-site,North America,Medium
Other,2,Remote,North America,Medium
Data Analyst,3,On-site,Europe,Medium
Other,3,On-site,North America,Medium
Research Scientist,2,On-site,North America,Large
Data Engineer,3,Remote,South America,Medium
Data Analyst,1,Remote,North America,Medium
Data Scientist,3,On-site,North America,Medium
Data Scientist,1,On-site,North America,Medium
Other,3,Hybrid,Europe,Small
Analytics Engineer,2,On-site,North America,Medium
Machine Learning Engineer,3,On-site,North America,Medium
Data Scientist,3,Remote,North America,Medium
Data Analyst,3,Remote,North America,Medium
Data Scientist,3,On-site,North America,Medium
Data Engineer,3,On-site,North America,Medium
Machine Learning Engineer,3,On-site,North America,Medium
Data Scientist,3,Remote,North America,Medium
Data Scientist,3,Remote,North America,Medium
Data Science Manager,4,On-site,North America,Large
Other,2,Hybrid,Asia,Large
Other,2,On-site,North America,Medium
Other,1,Remote,North America,Large
Other,3,Remote,North America,Medium
Data Engineer,4,Remote,North America,Medium
Machine Learning Engineer,2,Remote,Europe,Medium
Other,3,Remote,North America,Medium
Data Engineer,3,On-site,North America,Medium
Machine Learning Engineer,2,On-site,North America,Medium
Other,1,Remote,Europe,Medium
Business Intelligence Engineer,3,On-site,North America,Medium
Research Scientist,3,On-site,North America,Medium
Data Analyst,3,On-site,North America,Medium
Data Engineer,3,On-site,North America,Medium
Data Scientist,3,Remote,North America,Medium
Data Engineer,2,On-site,Europe,Medium
Data Analyst,2,On-site,North America,Medium
Other,3,Hybrid,North America,Small
Data Scientist,3,On-site,North America,Medium
Machine Learning Engineer,3,On-site,North America,Medium
Data Engineer,2,On-site,Europe,Medium
Research Engineer,3,Remote,North America,Medium
Data Scientist,3,Remote,North America,Medium
Data Engineer,1,On-site,North America,Medium
Machine Learning Engineer,3,On-site,Europe,Medium
Data Science,2,On-site,North America,Medium
Research Scientist,3,On-site,North America,Medium
ML Engineer,3,On-site,North America,Medium
Data Analyst,1,Remote,North America,Medium
Data Scientist,3,On-site,North America,Medium
Business Intelligence Engineer,2,On-site,Europe,Medium
Other,3,On-site,North America,Medium
Data Engineer,1,On-site,North America,Medium
Data Engineer,3,Remote,South America,Medium
Analytics Engineer,3,On-site,North America,Medium
Other,3,On-site,North America,Medium
Data Scientist,2,On-site,North America,Medium
Business Intelligence Engineer,3,On-site,North America,Medium
Data Scientist,1,Remote,North America,Large
Data Engineer,3,Remote,North America,Medium
Data Scientist,3,Remote,North America,Medium
Analytics Engineer,3,On-site,North America,Medium
Data Science,3,On-site,North America,Medium
Data Manager,2,On-site,North America,Medium
Other,2,On-site,Europe,Medium
Data Scientist,3,On-site,North America,Small
Data Engineer,3,Remote,North America,Medium
Data Engineer,3,On-site,North America,Medium
Data Scientist,2,On-site,North America,Medium
Other,3,Remote,North America,Large
Data Scientist,3,On-site,North America,Medium
Research Engineer,2,On-site,Oceania,Medium
Data Scientist,2,On-site,North America,Medium
Data Scientist,3,Remote,North America,Medium
Data Analyst,3,Remote,South America,Medium
Machine Learning Engineer,3,Remote,North America,Medium
Analytics Engineer,3,On-site,North America,Medium
Machine Learning Engineer,3,On-site,North America,Medium
Machine Learning Engineer,3,On-site,North America,Medium
Other,3,Remote,North America,Medium
Data Science,3,On-site,North America,Medium
Research Analyst,3,Remote,Europe,Medium
Other,1,Remote,Europe,Large
Business Intelligence Analyst,3,On-site,North America,Medium
Data Engineer,3,On-site,Europe,Medium
ML Engineer,3,On-site,North America,Medium
Data Analyst,2,On-site,Europe,Medium
ML Engineer,2,Remote,North America,Medium
Data Engineer,3,Remote,North America,Medium
Machine Learning Engineer,2,On-site,North America,Medium
Data Analyst,3,On-site,North America,Medium
Machine Learning Engineer,3,Remote,North America,Medium
Data Engineer,3,On-site,North America,Medium
Data Scientist,2,On-site,North America,Medium
Data Scientist,2,On-site,North America,Medium
Data Scientist,2,On-site,North America,Medium
Data Engineer,2,On-site,Europe,Medium
Data Engineer,1,On-site,North America,Medium
Analytics Engineer,3,Remote,North America,Medium
Other,3,Remote,North America,Medium
Data Scientist,3,On-site,North America,Medium
Other,3,On-site,North America,Medium
Other,1,Remote,Oceania,Small
Data Analyst,3,Remote,North America,Medium
Data Architect,3,On-site,North America,Medium
Data Analyst,2,On-site,Europe,Medium
Data Engineer,4,On-site,North America,Medium
Data Specialist,2,On-site,North America,Medium
Other,4,On-site,North America,Medium
Other,2,Remote,North America,Medium
Other,3,Remote,Europe,Large
Data Engineer,3,On-site,North America,Medium
Other,3,Remote,North America,Medium
Other,2,On-site,North America,Medium
Analytics Engineer,2,Remote,North America,Medium
Data Analyst,3,Remote,North America,Medium
Data Analyst,3,On-site,North America,Medium
Other,2,On-site,Africa,Small
Applied Scientist,3,On-site,North America,Medium
Data Scientist,2,On-site,North America,Medium
Data Analyst,3,Remote,North America,Medium
Other,3,Remote,North America,Medium
Data Analyst,2,Remote,North America,Medium
Data Scientist,4,Remote,North America,Medium
Data Scientist,3,On-site,Other,Medium
Data Scientist,3,On-site,North America,Medium
Machine Learning Engineer,2,Remote,Other,Medium
Data Engineer,4,Hybrid,Europe,Large
Data Engineer,2,On-site,North America,Medium
Data Scientist,3,On-site,North America,Medium
AI Engineer,3,On-site,Europe,Medium
Data Analyst,2,Remote,North America,Medium
Data Scientist,1,Remote,Asia,Large
Research Scientist,3,On-site,North America,Medium
Machine Learning Engineer,3,On-site,North America,Large
Machine Learning Engineer,3,Remote,North America,Medium
Research Scientist,3,On-site,North America,Medium
Data Engineer,2,On-site,North America,Medium
Data Scientist,3,On-site,North America,Medium
Business Intelligence Engineer,3,On-site,North America,Medium
Machine Learning Engineer,3,Remote,North America,Medium
Data Scientist,3,Remote,North America,Medium
Business Intelligence Analyst,3,On-site,North America,Medium
Data Engineer,3,On-site,North America,Medium
Data Analyst,2,Remote,North America,Large
Research Scientist,2,On-site,North America,Medium
Data Scientist,3,Remote,North America,Medium
Research Engineer,2,On-site,Oceania,Medium
Data Science Consultant,3,On-site,North America,Medium
Analytics Engineer,3,On-site,North America,Medium
Data Engineer,2,On-site,North America,Medium
Data Scientist,4,Remote,Europe,Medium
Analytics Engineer,2,Remote,North America,Medium
Machine Learning Scientist,3,Remote,Europe,Medium
Data Engineer,2,On-site,North America,Medium
Data Analyst,2,On-site,North America,Medium
Data Architect,3,Remote,North America,Medium
Machine Learning Engineer,3,On-site,North America,Medium
Machine Learning Engineer,3,On-site,North America,Medium
Data Analyst,3,On-site,Europe,Medium
Data Scientist,2,Remote,North America,Medium
Data Specialist,2,On-site,North America,Medium
Data Scientist,1,On-site,North America,Medium
Other,4,On-site,North America,Medium
Other,2,On-site,North America,Medium
Data Analyst,3,Remote,North America,Large
Research Scientist,3,On-site,North America,Medium
Data Engineer,3,Remote,Europe,Medium
Data Science,1,Remote,Europe,Large
Data Engineer,3,On-site,Europe,Medium
Machine Learning Engineer,3,On-site,North America,Medium
Machine Learning Engineer,3,On-site,North America,Medium
Data Engineer,4,On-site,North America,Medium
Data Engineer,3,On-site,North America,Medium
Applied Scientist,3,Remote,North America,Medium
Data Manager,3,Remote,North America,Medium
AI Engineer,3,On-site,North America,Medium
Data Scientist,3,On-site,North America,Medium
Data Architect,3,On-site,North America,Medium
Other,3,On-site,North America,Medium
Data Science Manager,3,Hybrid,North America,Large
Data Analyst,2,On-site,North America,Medium
Other,4,On-site,North America,Medium
Machine Learning Engineer,3,On-site,North America,Medium
Research Scientist,2,Hybrid,Europe,Large
Data Scientist,1,On-site,North America,Medium
Data Scientist,3,Remote,North America,Medium
Data Engineer,2,On-site,North America,Medium
Other,2,Remote,Europe,Large
Data Scientist,1,Hybrid,North America,Large
Data Scientist,2,On-site,North America,Medium
Data Science Manager,4,On-site,North America,Large
Machine Learning Engineer,3,On-site,North America,Medium
Data Scientist,3,On-site,North America,Medium
Data Science,4,Remote,North America,Medium
Other,2,On-site,Europe,Medium
Data Engineer,2,On-site,North America,Medium
Data Engineer,3,Remote,North America,Medium
Machine Learning Scientist,1,Hybrid,North America,Small
Machine Learning Engineer,3,Remote,Other,Small
Data Engineer,4,Remote,North America,Medium
Data Scientist,3,On-site,North America,Medium
Business Intelligence Engineer,3,On-site,North America,Medium
Research Engineer,3,On-site,North America,Medium
Other,2,On-site,North America,Medium
Data Analyst,2,On-site,Europe,Medium
Data Science Consultant,2,On-site,Europe,Medium
Other,2,Remote,North America,Medium
Data Engineer,3,On-site,Europe,Medium
Analytics Engineer,3,Remote,Europe,Medium
Data Scientist,2,Remote,North America,Medium
Data Manager,3,On-site,Europe,Medium
Machine Learning Engineer,3,On-site,North America,Medium
Machine Learning Engineer,3,On-site,Europe,Medium
Data Analyst,3,On-site,North America,Medium
Data Engineer,3,Remote,North America,Medium
Data Scientist,4,Remote,Europe,Medium
Data Scientist,3,On-site,North America,Medium
Machine Learning Engineer,3,On-site,North America,Medium
Other,1,Hybrid,Europe,Medium
Data Engineer,3,On-site,North America,Large
Data Engineer,3,On-site,North America,Medium
Other,3,Remote,North America,Large
Data Engineer,2,On-site,North America,Medium
Data Engineer,3,Remote,North America,Medium
Machine Learning Scientist,3,Remote,North America,Medium
Data Analyst,2,Remote,North America,Medium
Data Scientist,3,On-site,North America,Medium
Other,3,On-site,North America,Medium
Data Scientist,3,On-site,North America,Medium
Analytics Engineer,2,On-site,Europe,Medium
Data Engineer,3,Remote,North America,Medium
Data Analyst,3,Remote,North America,Medium
Other,2,On-site,North America,Medium
Data Scientist,3,Remote,North America,Medium
Data Engineer,3,On-site,North America,Medium
Other,3,Remote,Other,Small
Data Analyst,1,On-site,North America,Medium
Data Architect,2,On-site,North America,Medium
Data Scientist,2,Remote,North America,Medium
Machine Learning Engineer,3,On-site,North America,Medium
Data Analyst,3,Remote,North America,Medium
Data Scientist,1,On-site,North America,Medium
Other,4,Remote,North America,Medium
Data Analyst,1,On-site,Europe,Medium
Data Science Consultant,3,On-site,North America,Medium
Data Scientist,2,Remote,North America,Medium
Research Engineer,3,On-site,North America,Medium
Data Engineer,3,Remote,North America,Medium
Data Analyst,3,Remote,North America,Medium
Data Engineer,4,On-site,North America,Medium
Other,2,Remote,North America,Small
AI Engineer,3,On-site,North America,Medium
Data Engineer,2,On-site,North America,Medium
Other,3,Remote,North America,Medium
Other,2,On-site,North America,Medium
Data Engineer,2,Remote,South America,Medium
Data Engineer,3,On-site,North America,Medium
Machine Learning Engineer,3,Remote,North America,Medium
Data Scientist,3,On-site,North America,Medium
Data Engineer,3,On-site,North America,Medium
Other,3,On-site,North America,Medium
Other,4,Remote,North America,Small
Data Scientist,1,Remote,North America,Medium
Data Analyst,2,On-site,North America,Medium
Applied Scientist,3,Remote,North America,Medium
Data Analyst,2,On-site,North America,Medium
Data Engineer,3,On-site,North America,Medium
Machine Learning Engineer,3,On-site,North America,Medium
Data Analyst,3,On-site,North America,Medium
Data Scientist,3,On-site,North America,Medium
Data Analyst,1,Remote,North America,Medium
Research Analyst,2,On-site,North America,Medium
Research Engineer,1,Remote,Other,Medium
Data Scientist,2,On-site,North America,Medium
Other,1,On-site,Other,Medium
Data Engineer,3,On-site,North America,Medium
AI Engineer,2,On-site,North America,Medium
Other,2,Remote,South America,Medium
Data Engineer,3,On-site,North America,Medium
Other,3,Remote,North America,Large
Machine Learning Engineer,2,On-site,Europe,Medium
Data Engineer,3,On-site,North America,Medium
Machine Learning Engineer,3,On-site,North America,Medium
Data Architect,4,On-site,North America,Medium
Data Engineer,2,Remote,Europe,Medium
Research Scientist,3,On-site,North America,Medium
Data Scientist,3,On-site,Europe,Medium
Data Engineer,1,Remote,North America,Medium
Data Engineer,1,On-site,Europe,Medium
Data Engineer,2,On-site,North America,Medium
Data Scientist,3,Remote,North America,Medium
Data Scientist,3,Remote,North America,Medium
Other,1,Hybrid,North America,Large
Data Analyst,2,Remote,North America,Medium
Machine Learning Engineer,3,Remote,North America,Medium
Data Analyst,2,On-site,Other,Medium
Data Engineer,2,Remote,North America,Medium
Machine Learning Engineer,2,Remote,Europe,Medium
Data Engineer,2,On-site,Europe,Medium
Data Scientist,3,On-site,North America,Medium
Data Scientist,3,Remote,North America,Medium
Data Scientist,2,On-site,North America,Medium
Other,2,On-site,North America,Medium
Data Analyst,3,On-site,North America,Medium
Data Scientist,2,On-site,North America,Medium
Data Analyst,1,Remote,North America,Medium
Data Scientist,4,Remote,North America,Medium
Data Engineer,4,On-site,North America,Medium
Other,3,On-site,North America,Medium
Data Engineer,3,On-site,North America,Medium
Data Analyst,1,On-site,Europe,Medium
Data Analyst,2,On-site,North America,Medium
Data Engineer,2,On-site,North America,Medium
Data Scientist,2,On-site,North America,Medium
Other,3,Remote,North America,Medium
Data Engineer,3,Remote,Europe,Medium
Data Engineer,3,On-site,North America,Medium
Other,3,Remote,North America,Large
Research Scientist,1,Remote,North America,Medium
Data Scientist,3,On-site,North America,Medium
Data Scientist,3,Remote,North America,Medium
Data Engineer,2,Remote,North America,Medium
Analytics Engineer,3,Remote,North America,Medium
Other,2,Remote,North America,Small
Data Engineer,1,Remote,Europe,Large
Data Scientist,3,On-site,North America,Medium
Machine Learning Engineer,3,On-site,North America,Medium
Analytics Engineer,4,Remote,North America,Medium
Data Analyst,2,Remote,Europe,Medium
Machine Learning Engineer,3,Remote,North America,Medium
Machine Learning Engineer,3,On-site,North America,Medium
Machine Learning Engineer,3,On-site,North America,Medium
Data Scientist,2,Hybrid,North America,Large
Data Scientist,3,Remote,North America,Medium
Other,3,On-site,North America,Medium
Data Scientist,2,On-site,Europe,Medium
Data Analyst,3,On-site,North America,Medium
Other,3,Remote,North America,Medium
Data Engineer,3,Remote,North America,Medium
ML Engineer,2,On-site,Oceania,Medium
ML Engineer,2,Remote,North America,Small
Data Analyst,1,Remote,North America,Medium
Data Analyst,3,On-site,North America,Medium
Machine Learning Engineer,2,Remote,Europe,Medium
Data Science,3,On-site,North America,Medium
Business Intelligence Analyst,3,On-site,Europe,Medium
Analytics Engineer,2,On-site,Europe,Medium
Data Scientist,3,Remote,North America,Medium
Machine Learning Engineer,3,On-site,North America,Medium
Data Science,3,On-site,North America,Medium
Other,3,On-site,North America,Medium
Research Analyst,3,On-site,North America,Medium
Other,3,Remote,Europe,Medium
Data Scientist,2,On-site,North America,Medium
Analytics Engineer,3,Remote,North America,Medium
Machine Learning Scientist,3,On-site,North America,Medium
Data Analyst,3,Remote,North America,Medium
Applied Scientist,1,On-site,North America,Large
Data Architect,3,On-site,North America,Medium
Data Specialist,2,On-site,North America,Medium
Data Manager,3,On-site,South America,Medium
Other,1,Remote,North America,Medium
Machine Learning Scientist,3,On-site,Asia,Small
Other,3,Remote,North America,Medium
Research Scientist,3,On-site,Europe,Medium
Data Scientist,3,Remote,North America,Medium
Other,2,Remote,North America,Medium
Machine Learning Scientist,3,Remote,North America,Medium
Data Analyst,3,Remote,North America,Small
Data Scientist,3,Remote,North America,Medium
ML Engineer,3,On-site,North America,Medium
Data Analyst,3,On-site,North America,Medium
Other,3,Remote,Europe,Medium
Business Intelligence Engineer,3,Remote,North America,Medium
Analytics Engineer,3,On-site,North America,Medium
Research Engineer,2,Hybrid,Europe,Small
Data Scientist,2,On-site,Europe,Medium
Data Science,3,On-site,North America,Medium
Data Engineer,3,On-site,North America,Medium
Business Intelligence Analyst,2,Remote,North America,Medium
Research Scientist,3,On-site,North America,Medium
Data Analyst,2,On-site,North America,Medium
Data Scientist,3,Remote,North America,Medium
Machine Learning Scientist,2,Hybrid,North America,Medium
Machine Learning Engineer,2,Remote,Asia,Medium
Business Intelligence Analyst,1,On-site,Europe,Medium
Analytics Engineer,3,Remote,North America,Medium
Other,3,On-site,North America,Medium
Data Architect,3,Remote,North America,Medium
Research Engineer,2,On-site,North America,Medium
Other,2,On-site,Other,Small
Data Analyst,3,On-site,North America,Medium
Data Scientist,3,Remote,North America,Medium
Data Scientist,1,Hybrid,Europe,Large
Other,3,On-site,North America,Medium
Research Analyst,3,On-site,North America,Medium
Other,1,Hybrid,North America,Large
Analytics Engineer,3,Remote,North America,Medium
Data Manager,3,On-site,North America,Medium
Data Analyst,3,Remote,North America,Medium
Data Scientist,2,On-site,Asia,Medium
Data Scientist,3,On-site,North America,Medium
Machine Learning Engineer,3,Remote,North America,Medium
Other,3,On-site,North America,Medium
Data Scientist,3,Remote,North America,Small
Machine Learning Engineer,3,Remote,North America,Medium
Other,3,Remote,Europe,Medium
Data Scientist,3,On-site,North America,Medium
Data Engineer,2,On-site,North America,Large
Other,3,On-site,North America,Medium
Data Scientist,3,On-site,North America,Medium
Data Scientist,2,On-site,Europe,Medium
Data Science Consultant,3,On-site,North America,Medium
Data Engineer,3,On-site,North America,Medium
Analytics Engineer,3,On-site,North America,Medium
Data Scientist,3,On-site,North America,Medium
Data Engineer,3,On-site,North America,Medium
Data Scientist,3,Remote,North America,Medium
Research Scientist,2,On-site,North America,Medium
Data Engineer,3,Remote,North America,Medium
Data Analyst,1,On-site,North America,Medium
ML Engineer,3,Remote,North America,Medium
Data Engineer,3,On-site,North America,Medium
Data Engineer,3,On-site,North America,Medium
Data Analyst,3,Remote,North America,Medium
Data Scientist,3,On-site,North America,Medium
Data Science,3,Remote,North America,Medium
Data Engineer,2,On-site,North America,Medium
Analytics Engineer,1,On-site,Europe,Large
Data Engineer,3,On-site,North America,Medium
Data Architect,3,Remote,North America,Medium
Data Analyst,2,Hybrid,Asia,Large
Research Scientist,3,On-site,North America,Medium
Data Science Manager,3,On-site,North America,Medium
Other,2,Hybrid,Europe,Medium
Other,2,On-site,North America,Medium
Data Scientist,2,On-site,Europe,Medium
Data Engineer,3,On-site,North America,Medium
Data Scientist,3,On-site,North America,Medium
Data Scientist,1,Remote,North America,Medium
Data Scientist,3,On-site,North America,Medium
Other,3,Remote,Europe,Large
Data Engineer,3,On-site,North America,Large
Business Intelligence Engineer,3,Remote,North America,Medium
Data Scientist,3,Remote,North America,Medium
Data Analyst,3,Remote,North America,Medium
Data Engineer,2,Remote,North America,Medium
Data Scientist,3,On-site,North America,Medium
Data Analyst,2,On-site,North America,Medium
Research Scientist,2,On-site,North America,Medium
Data Scientist,3,On-site,North America,Medium
Machine Learning Engineer,3,On-site,North America,Medium
Data Engineer,3,Remote,North America,Medium
Data Engineer,3,On-site,North America,Medium
Data Scientist,3,On-site,North America,Large
Data Engineer,3,On-site,North America,Medium
Data Architect,3,On-site,North America,Medium
Machine Learning Engineer,3,On-site,Europe,Medium
Data Analyst,1,Remote,North America,Large
ML Engineer,3,On-site,North America,Medium
Other,3,On-site,North America,Medium
Data Specialist,3,On-site,North America,Medium
Other,2,Remote,North America,Large
Data Scientist,3,On-site,North America,Medium
Data Analyst,2,On-site,North America,Medium
Data Engineer,3,On-site,North America,Medium
Analytics Engineer,1,On-site,North America,Medium
Data Architect,3,On-site,North America,Medium
Data Analyst,3,Remote,Europe,Medium
Other,3,Remote,North America,Medium
Data Scientist,3,On-site,North America,Medium
Data Scientist,3,Remote,North America,Medium
Data Science Consultant,3,On-site,North America,Medium
Data Engineer,1,Remote,North America,Large
Data Scientist,3,On-site,North America,Medium
Other,3,Remote,Europe,Medium
Data Scientist,3,On-site,North America,Medium
Research Scientist,3,Remote,North America,Medium
Data Engineer,2,On-site,North America,Medium
Data Engineer,3,On-site,North America,Medium
Data Engineer,1,Remote,Europe,Medium
Data Engineer,3,On-site,North America,Medium
Data Engineer,4,Remote,North America,Medium
Data Science Manager,3,On-site,North America,Large
Data Analyst,2,Remote,North America,Large
Other,3,Hybrid,Asia,Large
Data Architect,3,On-site,North America,Medium
Machine Learning Engineer,3,On-site,North America,Medium
AI Engineer,2,On-site,North America,Medium
ML Engineer,2,On-site,Oceania,Medium
Data Engineer,2,Remote,Europe,Medium
Research Scientist,3,On-site,North America,Large
Other,3,Remote,Asia,Medium
Other,3,On-site,North America,Medium
Business Intelligence Analyst,3,On-site,North America,Medium
Data Engineer,1,On-site,North America,Medium
ML Engineer,3,On-site,North America,Medium
Data Engineer,4,Remote,North America,Medium
Data Scientist,2,On-site,North America,Medium
Other,3,On-site,North America,Medium
Machine Learning Engineer,2,On-site,Oceania,Medium
Data Scientist,3,On-site,North America,Large
Other,2,Remote,North America,Medium
Data Engineer,3,Remote,North America,Medium
Other,2,On-site,North America,Medium
Analytics Engineer,3,On-site,North America,Medium
Other,3,On-site,North America,Medium
Data Scientist,3,Remote,North America,Medium
Research Analyst,2,On-site,North America,Small
Data Analyst,3,Remote,North America,Medium
Other,3,On-site,North America,Medium
Data Architect,2,Remote,North America,Large
Research Analyst,3,On-site,North America,Large
Research Engineer,3,On-site,North America,Medium
Other,3,Remote,Europe,Large
Data Architect,3,Remote,North America,Medium
Machine Learning Engineer,2,Remote,Europe,Medium
Data Engineer,4,On-site,North America,Medium
Data Scientist,2,Remote,North America,Medium
Data Architect,2,Remote,North America,Medium
Other,1,Remote,North America,Large
ML Engineer,3,Remote,North America,Medium
Data Specialist,2,On-site,North America,Medium
Data Specialist,2,On-site,North America,Medium
Machine Learning Engineer,3,Remote,North America,Medium
Data Scientist,2,Remote,North America,Medium
Machine Learning Engineer,3,Remote,North America,Medium
Data Science Consultant,3,On-site,North America,Medium
Other,3,Remote,North America,Medium
Analytics Engineer,1,Remote,North America,Medium
Data Scientist,3,On-site,North America,Medium
Research Scientist,1,Remote,North America,Medium
Machine Learning Engineer,3,On-site,North America,Medium
Analytics Engineer,3,Remote,North America,Medium
Data Scientist,2,On-site,North America,Medium
Machine Learning Engineer,3,Remote,North America,Medium
Data Scientist,3,On-site,North America,Medium
Data Analyst,2,On-site,North America,Medium
Data Engineer,3,On-site,North America,Medium
Business Intelligence Engineer,3,On-site,North America,Large
Data Analyst,2,On-site,North America,Medium
Data Engineer,3,Remote,North America,Medium
Machine Learning Engineer,3,Remote,North America,Large
Data Analyst,3,On-site,North America,Medium
Data Engineer,3,On-site,North America,Medium
Data Scientist,3,Remote,North America,Medium
Data Scientist,3,Remote,North America,Medium
Other,3,On-site,Europe,Medium
Data Engineer,2,On-site,North America,Medium
Data Scientist,3,On-site,North America,Medium
Other,2,Remote,North America,Medium
Data Engineer,3,On-site,North America,Medium
Other,3,Remote,North America,Medium
Machine Learning Engineer,3,Remote,North America,Medium
Data Engineer,3,Remote,North America,Medium
Data Engineer,3,On-site,Europe,Medium
AI Engineer,2,On-site,North America,Medium
Applied Scientist,3,On-site,North America,Large
Research Scientist,2,On-site,North America,Medium
Data Scientist,2,Hybrid,Asia,Large
Data Architect,3,Remote,North America,Medium
Research Engineer,3,On-site,North America,Medium
Data Analyst,3,On-site,North America,Large
Other,3,On-site,North America,Medium
Data Analyst,2,On-site,Asia,Medium
Data Engineer,2,Remote,Europe,Medium
Data Engineer,3,On-site,North America,Medium
Data Analyst,3,Remote,North America,Medium
Data Analyst,1,On-site,North America,Medium
Data Engineer,3,On-site,North America,Medium
Machine Learning Engineer,3,Remote,North America,Medium
Data Analyst,3,On-site,North America,Medium
Data Analyst,3,Remote,North America,Medium
Machine Learning Engineer,3,Remote,North America,Medium
Machine Learning Engineer,3,Remote,North America,Medium
Machine Learning Engineer,1,On-site,North America,Medium
Data Engineer,3,On-site,North America,Medium
Data Scientist,3,On-site,North America,Medium
Data Analyst,2,On-site,North America,Medium
Data Scientist,2,Remote,Europe,Medium
Other,3,On-site,North America,Medium
Data Engineer,3,On-site,North America,Medium
Data Analyst,3,Remote,North America,Medium
Applied Scientist,3,Remote,North America,Medium
Data Engineer,3,On-site,North America,Medium
Other,3,Remote,North America,Medium
Data Engineer,3,Remote,North America,Medium
Research Scientist,1,On-site,North America,Large
Analytics Engineer,3,Remote,Europe,Medium
Data Engineer,2,On-site,North America,Medium
Other,3,Remote,North America,Large
Data Engineer,3,On-site,North America,Medium
Research Scientist,3,On-site,North America,Large
Analytics Engineer,3,On-site,North America,Medium
Machine Learning Scientist,3,On-site,North America,Medium
Data Engineer,2,On-site,North America,Medium
Data Specialist,2,Remote,North America,Medium
Other,2,On-site,North America,Medium
Data Engineer,2,On-site,North America,Medium
Research Engineer,3,Remote,North America,Medium
Data Scientist,3,On-site,Europe,Medium
Data Scientist,2,Hybrid,Europe,Large
Data Scientist,3,On-site,Europe,Small
Data Science Consultant,3,On-site,North America,Medium
Research Scientist,3,On-site,North America,Medium
Data Analyst,1,On-site,Europe,Medium
Data Scientist,2,Remote,South America,Medium
Data Engineer,2,Remote,North America,Medium
ML Engineer,3,On-site,North America,Medium
Data Analyst,2,On-site,North America,Medium
Data Specialist,3,On-site,North America,Medium
Data Architect,3,On-site,North America,Medium
Data Engineer,3,Remote,North America,Medium
Data Analyst,3,On-site,North America,Medium
Data Analyst,3,On-site,North America,Medium
Data Architect,3,Remote,North America,Medium
Other,3,Remote,North America,Medium
Data Analyst,3,Remote,North America,Medium
Data Analyst,1,On-site,North America,Medium
Other,3,On-site,North America,Medium
Data Scientist,3,Remote,North America,Medium
Data Scientist,3,Remote,North America,Medium
Data Scientist,3,On-site,North America,Medium
Data Analyst,3,On-site,North America,Medium
Data Engineer,2,Remote,North America,Medium
Research Analyst,3,On-site,North America,Medium
AI Engineer,3,Remote,North America,Medium
Research Engineer,3,On-site,North America,Medium
Other,3,Remote,Europe,Small
Data Engineer,4,On-site,North America,Medium
Other,2,Remote,Europe,Medium
Research Engineer,3,On-site,North America,Medium
Data Engineer,3,On-site,North America,Medium
Data Analyst,3,Remote,North America,Medium
Business Intelligence Analyst,2,Remote,North America,Medium
Data Engineer,2,Remote,Europe,Medium
Applied Scientist,3,Remote,North America,Medium
Machine Learning Engineer,3,On-site,North America,Medium
Data Architect,3,Remote,North America,Medium
Other,2,Remote,Other,Large
Other,1,On-site,Oceania,Large
Data Scientist,3,On-site,North America,Medium
Data Scientist,3,Remote,North America,Medium
Data Engineer,3,Remote,North America,Medium
ML Engineer,3,Remote,North America,Medium
Other,1,On-site,Europe,Medium
Analytics Engineer,3,On-site,North America,Medium
Research Analyst,3,On-site,North America,Medium
Data Scientist,3,On-site,North America,Medium
Data Engineer,3,On-site,North America,Medium
Analytics Engineer,2,Remote,South America,Medium
Data Engineer,2,On-site,Europe,Medium
Machine Learning Engineer,3,Remote,North America,Medium
Data Science Consultant,3,On-site,North America,Medium
Other,3,Remote,North America,Medium
Data Analyst,2,Remote,North America,Medium
Other,2,On-site,North America,Medium
Data Analyst,3,On-site,Europe,Medium
Data Engineer,3,Remote,North America,Medium
Research Scientist,3,Hybrid,North America,Large
Data Scientist,3,On-site,North America,Medium
Data Analyst,2,On-site,North America,Medium
Data Scientist,1,Hybrid,Europe,Small
Business Intelligence Engineer,2,On-site,North America,Large
Data Science,3,On-site,North America,Medium
Data Analyst,3,On-site,Europe,Medium
Data Scientist,4,On-site,North America,Medium
Other,3,Remote,Asia,Large
Machine Learning Engineer,2,Remote,Europe,Medium
Data Analyst,3,Remote,North America,Medium
Data Scientist,3,Remote,North America,Medium
Applied Scientist,3,On-site,North America,Medium
Data Engineer,3,On-site,Europe,Medium
Other,3,Remote,Other,Large
Analytics Engineer,3,On-site,North America,Medium
Data Scientist,3,Remote,North America,Large
Analytics Engineer,1,Hybrid,North America,Large
Machine Learning Engineer,1,Hybrid,South America,Medium
AI Engineer,3,Remote,North America,Medium
Machine Learning Engineer,2,Remote,Oceania,Large
Data Analyst,1,On-site,Oceania,Medium
ML Engineer,2,Remote,North America,Large
Data Scientist,3,On-site,North America,Medium
Machine Learning Engineer,3,On-site,North America,Medium
Data Scientist,3,On-site,North America,Medium
Machine Learning Engineer,3,On-site,Other,Medium
Other,3,On-site,North America,Medium
Other,3,On-site,North America,Medium
Other,2,Remote,Europe,Medium
Other,3,On-site,North America,Medium
Data Analyst,1,On-site,North America,Medium
Data Engineer,3,On-site,North America,Medium
Data Engineer,3,On-site,North America,Medium
Applied Scientist,3,Remote,North America,Medium
ML Engineer,3,Remote,North America,Medium
Data Engineer,2,On-site,North America,Medium
Data Analyst,1,On-site,North America,Medium
Data Engineer,3,On-site,North America,Medium
Data Scientist,3,Remote,North America,Medium
Data Scientist,3,On-site,North America,Medium
Machine Learning Engineer,3,Remote,North America,Medium
Data Engineer,2,Remote,Europe,Medium
Other,2,Remote,North America,Medium
Data Architect,3,On-site,North America,Medium
Other,4,On-site,North America,Medium
Other,2,Remote,North America,Medium
Data Science Manager,3,Hybrid,Europe,Large
Other,2,On-site,Europe,Medium
Data Analyst,2,On-site,North America,Medium
Data Engineer,3,On-site,Europe,Medium
Other,3,Remote,North America,Medium
Other,3,Remote,North America,Small
Data Engineer,3,On-site,North America,Medium
Data Scientist,3,Remote,North America,Medium
Other,3,Remote,Europe,Medium
Other,3,On-site,North America,Medium
Data Architect,3,On-site,North America,Medium
Data Scientist,3,On-site,North America,Medium
Data Analyst,3,Remote,North America,Medium
Other,1,Hybrid,Europe,Large
Machine Learning Engineer,3,Remote,North America,Medium
Data Scientist,3,On-site,North America,Medium
Data Scientist,3,Remote,North America,Medium
Analytics Engineer,3,On-site,North America,Medium
Data Analyst,3,On-site,North America,Medium
Data Architect,3,On-site,North America,Medium
Data Scientist,3,On-site,North America,Medium
Research Analyst,1,Remote,North America,Medium
Other,3,On-site,North America,Medium
Applied Scientist,3,On-site,North America,Large
Machine Learning Engineer,3,On-site,North America,Medium
Machine Learning Engineer,3,Remote,North America,Medium
Machine Learning Engineer,3,On-site,North America,Medium
Data Architect,3,On-site,North America,Medium
Other,2,Hybrid,Europe,Large
Data Engineer,4,Remote,North America,Medium
Data Scientist,1,On-site,North America,Medium
Data Engineer,3,Remote,North America,Medium
Other,2,Remote,North America,Large
Other,2,Remote,Asia,Large
Data Engineer,4,On-site,North America,Medium
Data Scientist,3,On-site,North America,Medium
Other,3,Remote,North America,Medium
Machine Learning Engineer,2,On-site,North America,Medium
Research Engineer,3,On-site,North America,Medium
Machine Learning Engineer,3,On-site,North America,Medium
Data Engineer,3,Remote,North America,Medium
Research Scientist,3,On-site,North America,Medium
Analytics Engineer,3,On-site,North America,Medium
Data Engineer,2,Remote,Europe,Medium
Other,4,On-site,North America,Large
Data Engineer,3,On-site,North America,Medium
Data Analyst,2,On-site,Oceania,Medium
Analytics Engineer,3,Remote,North America,Medium
Data Scientist,4,Remote,North America,Medium
Data Scientist,3,Remote,North America,Medium
Data Scientist,3,On-site,North America,Medium
Machine Learning Scientist,2,On-site,North America,Medium
Machine Learning Engineer,3,On-site,North America,Medium
Other,2,Remote,North America,Medium
Data Specialist,2,On-site,North America,Medium
Machine Learning Engineer,3,On-site,North America,Medium
Machine Learning Scientist,1,Remote,Europe,Small
Machine Learning Scientist,3,Remote,North America,Medium
Data Analyst,2,On-site,North America,Medium
Data Scientist,2,Remote,Europe,Small
Data Engineer,3,On-site,North America,Medium
Data Scientist,2,On-site,North America,Medium
Data Science Consultant,3,On-site,North America,Medium
Other,4,Remote,North America,Medium
Data Engineer,3,Remote,North America,Medium
Data Engineer,3,On-site,North America,Medium
Data Scientist,3,Hybrid,Europe,Small
Data Science,3,On-site,North America,Medium
Data Engineer,2,Remote,North America,Medium
Machine Learning Engineer,3,On-site,Europe,Medium
Other,2,On-site,North America,Medium
Other,2,Remote,North America,Medium
Data Engineer,3,On-site,North America,Medium
Data Scientist,1,On-site,North America,Medium
Business Intelligence Analyst,1,On-site,North America,Medium
Data Engineer,4,On-site,North America,Medium
Business Intelligence Analyst,3,On-site,North America,Medium
Data Science Consultant,3,On-site,North America,Medium
Other,3,On-site,North America,Medium
Data Engineer,3,Remote,North America,Medium
Data Analyst,3,On-site,North America,Medium
Data Engineer,2,On-site,North America,Medium
Analytics Engineer,3,On-site,North America,Medium
Data Scientist,1,On-site,North America,Medium
Data Engineer,2,On-site,North America,Medium
Data Science Manager,3,Remote,North America,Medium
Data Analyst,2,On-site,North America,Medium
Data Analyst,3,Remote,North America,Medium
ML Engineer,3,Remote,North America,Medium
Data Scientist,3,Remote,North America,Large
Machine Learning Engineer,3,On-site,North America,Medium
Research Engineer,3,On-site,North America,Medium
Research Scientist,3,On-site,North America,Medium
Other,2,Hybrid,North America,Large
Data Scientist,4,Remote,North America,Medium
Other,2,On-site,North America,Medium
Data Scientist,2,On-site,Europe,Medium
Data Scientist,3,Remote,North America,Medium
Data Analyst,3,Remote,North America,Medium
Data Scientist,1,On-site,Europe,Medium
Data Engineer,3,On-site,North America,Medium
Data Scientist,3,On-site,North America,Medium
Machine Learning Engineer,2,On-site,North America,Medium
Other,3,Remote,North America,Medium
Data Analyst,3,Remote,North America,Medium
Other,3,Remote,North America,Medium
Machine Learning Engineer,3,On-site,North America,Medium
Analytics Engineer,3,On-site,North America,Medium
Data Scientist,3,Remote,North America,Medium
Research Scientist,2,Remote,North America,Medium
Data Engineer,1,Remote,North America,Medium
Data Specialist,2,On-site,North America,Medium
Data Analyst,3,Remote,North America,Medium
Data Engineer,3,On-site,North America,Medium
Machine Learning Engineer,2,On-site,North America,Medium
Analytics Engineer,4,Remote,North America,Medium
Business Intelligence Analyst,3,On-site,North America,Medium
Data Analyst,2,On-site,North America,Medium
Data Architect,3,On-site,North America,Medium
Data Engineer,3,Remote,North America,Large
Machine Learning Scientist,3,Remote,North America,Medium
Data Scientist,3,Remote,Europe,Medium
Data Analyst,3,Remote,North America,Medium
Data Analyst,3,Remote,North America,Medium
Data Engineer,3,On-site,North America,Medium
Business Intelligence Engineer,3,On-site,North America,Medium
Data Engineer,3,On-site,North America,Medium
Other,2,Remote,Europe,Medium
Data Engineer,3,Remote,North America,Medium
Machine Learning Engineer,3,On-site,North America,Medium
Other,3,On-site,Europe,Medium
Data Scientist,3,On-site,North America,Medium
Applied Scientist,3,On-site,North America,Large
Data Engineer,3,On-site,North America,Medium
Analytics Engineer,3,On-site,North America,Medium
Data Specialist,2,On-site,North America,Medium
Data Scientist,3,On-site,North America,Large
ML Engineer,3,On-site,North America,Medium
Data Analyst,3,On-site,North America,Medium
Machine Learning Engineer,1,Remote,North America,Medium
Research Engineer,3,Remote,North America,Medium
Data Engineer,3,On-site,North America,Medium
Machine Learning Engineer,3,On-site,North America,Medium
ML Engineer,3,On-site,North America,Medium
Data Analyst,1,Remote,North America,Medium
Other,3,Remote,North America,Medium
Machine Learning Engineer,3,Remote,North America,Medium
Data Engineer,2,Remote,South America,Medium
Data Scientist,3,On-site,North America,Large
Data Science Manager,3,On-site,North America,Medium
Research Engineer,1,On-site,North America,Medium
Data Analyst,2,On-site,Europe,Medium
Data Analyst,2,On-site,North America,Medium
Data Scientist,3,On-site,North America,Medium
Data Analyst,1,Remote,North America,Medium
Other,4,On-site,Europe,Medium
Research Analyst,3,On-site,North America,Medium
Data Scientist,3,On-site,North America,Medium
ML Engineer,3,On-site,North America,Medium
Other,3,Remote,North America,Medium
Machine Learning Engineer,3,Remote,North America,Medium
Data Analyst,3,On-site,North America,Medium
Other,2,On-site,Europe,Medium
Other,3,Hybrid,North America,Medium
Data Analyst,3,On-site,North America,Medium
Data Analyst,3,Remote,North America,Medium
Machine Learning Engineer,3,On-site,North America,Medium
Other,2,On-site,North America,Medium
Other,3,On-site,North America,Medium
Data Scientist,3,On-site,North America,Medium
Data Analyst,4,On-site,North America,Medium
Other,3,On-site,North America,Medium
Data Analyst,3,Remote,North America,Medium
Data Engineer,3,Remote,North America,Medium
Other,3,On-site,North America,Medium
Other,3,Remote,North America,Large
Other,3,Hybrid,North America,Medium
Data Analyst,3,Remote,North America,Small
Other,3,On-site,North America,Medium
Data Engineer,3,Remote,North America,Medium
Other,2,Hybrid,Europe,Large
Machine Learning Engineer,3,On-site,North America,Medium
Data Engineer,2,On-site,Europe,Medium
Business Intelligence Analyst,3,Remote,North America,Medium
Business Intelligence Analyst,2,On-site,North America,Medium
Data Engineer,3,On-site,North America,Medium
Data Engineer,3,Remote,North America,Medium
Data Analyst,3,Remote,North America,Medium
Other,3,On-site,North America,Medium
Other,2,Hybrid,Asia,Medium
Data Scientist,3,On-site,North America,Large
Data Engineer,3,On-site,North America,Medium
Machine Learning Engineer,3,On-site,North America,Medium
Data Architect,3,On-site,North America,Large
Data Scientist,3,On-site,North America,Medium
Other,3,On-site,North America,Medium
Data Architect,3,On-site,North America,Medium
Other,2,Remote,North America,Medium
Data Analyst,3,Remote,North America,Medium
Other,3,Remote,North America,Large
Data Analyst,2,Remote,North America,Medium
Data Specialist,3,Remote,North America,Large
Other,4,On-site,North America,Medium
Data Science Manager,3,On-site,North America,Medium
Other,3,On-site,North America,Medium
Data Engineer,3,On-site,North America,Medium
Data Engineer,3,On-site,North America,Medium
Data Scientist,3,Remote,North America,Medium
Data Engineer,2,Remote,Europe,Medium
ML Engineer,2,On-site,North America,Medium
Data Scientist,1,On-site,North America,Medium
Data Analyst,3,Remote,North America,Medium
Data Scientist,3,On-site,North America,Medium
Data Scientist,2,Remote,North America,Medium
Data Analyst,1,On-site,North America,Medium
Data Scientist,3,On-site,Europe,Medium
Machine Learning Engineer,3,On-site,North America,Large
Data Engineer,2,On-site,North America,Medium
Other,1,Hybrid,Europe,Large
Data Architect,3,On-site,North America,Medium
Data Analyst,3,Remote,North America,Medium
Data Analyst,3,On-site,North America,Medium
Data Scientist,3,Remote,North America,Medium
ML Engineer,2,Remote,North America,Medium
Data Engineer,3,Remote,North America,Medium
ML Engineer,3,Remote,North America,Medium
Data Analyst,1,On-site,North America,Medium
Other,1,On-site,North America,Medium
Data Engineer,2,On-site,North America,Medium
Other,3,On-site,North America,Medium
Data Engineer,3,On-site,North America,Medium
Other,2,On-site,North America,Medium
Applied Scientist,3,On-site,North America,Medium
Data Scientist,3,On-site,North America,Medium
Research Scientist,3,On-site,North America,Medium
Machine Learning Engineer,2,On-site,North America,Medium
Data Scientist,1,On-site,Europe,Medium
Machine Learning Engineer,3,Remote,North America,Medium
Other,2,On-site,North America,Medium
Data Engineer,4,On-site,North America,Medium
Data Analyst,3,Remote,North America,Medium
Data Architect,3,On-site,North America,Medium
Other,3,On-site,North America,Medium
Other,2,On-site,North America,Medium
Data Scientist,3,Remote,North America,Medium
Machine Learning Engineer,3,Hybrid,Europe,Small
Machine Learning Engineer,1,On-site,North America,Medium
Data Analyst,2,Remote,Europe,Medium
Analytics Engineer,3,On-site,North America,Medium
Data Scientist,3,On-site,North America,Medium
Data Analyst,3,Remote,North America,Medium
Data Scientist,3,Remote,North America,Medium
Machine Learning Engineer,3,On-site,North America,Medium
Data Manager,2,On-site,North America,Medium
Data Engineer,2,On-site,South America,Medium
Other,3,Remote,North America,Medium
Data Scientist,2,Remote,North America,Medium
Analytics Engineer,2,On-site,North America,Medium
Data Engineer,3,Remote,North America,Medium
Machine Learning Engineer,3,Remote,North America,Medium
ML Engineer,3,Remote,North America,Medium
Data Engineer,2,Remote,Europe,Medium
ML Engineer,3,Remote,North America,Medium
Data Scientist,3,Remote,North America,Medium
Other,3,Remote,North America,Medium
Other,3,Hybrid,North America,Medium
Machine Learning Engineer,3,On-site,North America,Medium
Data Engineer,3,On-site,North America,Medium
Research Scientist,3,On-site,North America,Medium
ML Engineer,2,Remote,North America,Large
Machine Learning Engineer,3,On-site,Europe,Medium
Applied Scientist,3,Remote,North America,Medium
Machine Learning Engineer,2,On-site,North America,Medium
Analytics Engineer,3,Remote,North America,Medium
Data Engineer,3,Remote,North America,Medium
Data Architect,2,Remote,North America,Medium
Other,3,Remote,North America,Large
Data Engineer,3,On-site,Europe,Medium
Other,4,Hybrid,Asia,Large
Data Analyst,2,Hybrid,Europe,Large
Other,2,On-site,Europe,Medium
Data Architect,3,On-site,North America,Medium
Research Scientist,2,On-site,North America,Medium
Machine Learning Engineer,3,Remote,North America,Medium
Data Scientist,3,On-site,North America,Medium
Data Engineer,2,Remote,North America,Medium
Data Analyst,2,On-site,North America,Medium
Data Analyst,3,Remote,North America,Medium
ML Engineer,3,On-site,North America,Large
Research Analyst,1,Remote,North America,Medium
Data Architect,3,Remote,North America,Medium
Data Analyst,3,Remote,North America,Medium
Data Scientist,2,Remote,North America,Medium
Analytics Engineer,3,Remote,North America,Medium
Data Engineer,3,Remote,North America,Medium
Data Scientist,2,On-site,North America,Medium
Data Science Manager,3,Remote,North America,Medium
Data Engineer,2,On-site,North America,Medium
Machine Learning Engineer,3,On-site,North America,Medium
Data Analyst,3,Remote,North America,Medium
Other,3,Remote,North America,Medium
Data Manager,3,On-site,North America,Medium
Machine Learning Engineer,2,On-site,North America,Medium
Data Analyst,3,On-site,Europe,Medium
Other,3,Remote,North America,Large
Research Scientist,3,On-site,North America,Medium
Analytics Engineer,3,Remote,North America,Medium
Machine Learning Engineer,3,Remote,North America,Large
Other,1,On-site,North America,Medium
Other,2,Remote,Europe,Medium
Research Scientist,1,On-site,North America,Medium
Data Analyst,3,On-site,North America,Medium
Data Scientist,2,Remote,North America,Medium
Data Engineer,3,On-site,North America,Medium
Data Engineer,3,On-site,North America,Medium
Business Intelligence Analyst,3,On-site,North America,Medium
Machine Learning Engineer,3,Hybrid,Europe,Medium
Other,4,On-site,North America,Medium
Data Scientist,4,Remote,North America,Medium
Research Engineer,3,On-site,North America,Medium
Data Scientist,3,Remote,North America,Medium
Analytics Engineer,3,On-site,North America,Medium
Data Engineer,1,Remote,Europe,Medium
Data Analyst,3,Remote,North America,Medium
Data Scientist,3,Remote,North America,Medium
Research Scientist,3,Remote,North America,Medium
Machine Learning Engineer,2,On-site,North America,Medium
Data Engineer,3,On-site,North America,Medium
Research Engineer,3,On-site,North America,Medium
Machine Learning Engineer,3,On-site,North America,Medium
Data Architect,3,On-site,North America,Medium
Data Scientist,3,On-site,North America,Medium
Other,3,On-site,North America,Medium
Data Engineer,3,On-site,North America,Medium
Other,4,On-site,North America,Medium
Data Analyst,3,On-site,North America,Medium
Data Engineer,3,Remote,North America,Medium
Data Engineer,3,Remote,North America,Medium
Other,3,Remote,North America,Medium
Machine Learning Engineer,3,On-site,North America,Medium
Research Scientist,3,On-site,Europe,Medium
Data Scientist,2,Remote,North America,Medium
Data Engineer,3,On-site,North America,Medium
Data Analyst,3,On-site,Europe,Medium
Research Scientist,3,Remote,North America,Medium
Data Engineer,2,Remote,North America,Medium
Data Architect,3,On-site,North America,Medium
Data Analyst,3,Remote,North America,Medium
Data Engineer,4,On-site,North America,Medium
Other,3,Remote,North America,Medium
Data Scientist,2,Remote,North America,Medium
Data Scientist,2,On-site,North America,Large
Machine Learning Engineer,3,On-site,North America,Medium
Data Scientist,3,Remote,North America,Medium
Other,3,On-site,North America,Medium
Business Intelligence Engineer,3,On-site,Europe,Medium
Data Engineer,2,On-site,North America,Large
Data Engineer,3,Remote,North America,Medium
Data Scientist,2,On-site,North America,Medium
Research Engineer,3,On-site,North America,Medium
Data Scientist,3,On-site,North America,Medium
Data Science Manager,3,Remote,North America,Medium
Data Analyst,2,Remote,Europe,Medium
Analytics Engineer,3,On-site,North America,Medium
Data Analyst,3,Remote,North America,Medium
Other,2,Remote,Europe,Medium
Data Engineer,3,On-site,North America,Medium
Research Scientist,2,On-site,North America,Large
Data Scientist,3,Remote,North America,Medium
Other,3,On-site,North America,Medium
Data Scientist,1,Remote,Europe,Medium
AI Engineer,3,On-site,North America,Medium
Data Engineer,3,On-site,North America,Medium
Data Scientist,3,On-site,Europe,Medium
Machine Learning Scientist,3,On-site,North America,Medium
Data Scientist,2,On-site,North America,Medium
Machine Learning Engineer,3,On-site,Europe,Medium
Analytics Engineer,3,Remote,North America,Medium
Machine Learning Engineer,3,Remote,North America,Medium
Data Engineer,3,Remote,North America,Medium
Data Engineer,3,On-site,North America,Medium
Data Engineer,3,On-site,North America,Medium
Data Scientist,2,On-site,Oceania,Large
Data Science,3,On-site,North America,Medium
Data Scientist,1,Remote,Europe,Large
Analytics Engineer,3,On-site,Europe,Medium
Machine Learning Engineer,3,Remote,North America,Medium
Data Scientist,3,On-site,North America,Medium
Research Engineer,3,On-site,North America,Medium
Other,2,Hybrid,Asia,Medium
Data Engineer,2,Hybrid,Europe,Large
Data Scientist,3,Remote,North America,Medium
Other,4,Remote,North America,Medium
Research Engineer,2,Remote,North America,Medium
Data Scientist,3,On-site,North America,Medium
Research Engineer,3,Remote,North America,Medium
Data Engineer,3,On-site,North America,Medium
Data Scientist,3,Remote,North America,Medium
Other,2,On-site,Europe,Medium
Analytics Engineer,3,Remote,North America,Medium
Data Scientist,3,On-site,North America,Medium
Data Analyst,3,On-site,North America,Medium
Data Engineer,2,Remote,Europe,Medium
Data Scientist,2,On-site,North America,Medium
Research Analyst,1,On-site,North America,Medium
Other,2,On-site,North America,Medium
Data Science Consultant,3,On-site,North America,Medium
Research Engineer,3,On-site,North America,Medium
Data Engineer,2,Remote,South America,Medium
Data Scientist,2,Remote,Asia,Large
Data Engineer,3,On-site,North America,Medium
Data Analyst,2,On-site,Europe,Medium
Data Analyst,3,Remote,North America,Medium
Data Science Manager,3,Remote,North America,Large
Data Scientist,2,Remote,Asia,Large
Applied Scientist,3,On-site,North America,Large
Machine Learning Engineer,3,On-site,North America,Large
Data Science Manager,3,Remote,North America,Medium
Data Engineer,2,On-site,North America,Medium
Data Engineer,3,Remote,Europe,Medium
Research Scientist,3,On-site,North America,Medium
Data Analyst,3,Remote,Asia,Small
Data Analyst,2,Remote,North America,Medium
ML Engineer,3,On-site,Europe,Medium
Data Engineer,3,On-site,North America,Medium
Machine Learning Engineer,3,On-site,North America,Medium
Machine Learning Engineer,3,On-site,North America,Medium
Data Engineer,2,Remote,Asia,Medium
Research Scientist,2,On-site,North America,Medium
Data Scientist,3,On-site,North America,Medium
Data Engineer,3,On-site,North America,Medium
Data Analyst,3,Remote,North America,Medium
Data Scientist,3,Remote,North America,Medium
Research Engineer,1,On-site,North America,Medium
Data Science,3,On-site,North America,Medium
Data Engineer,2,On-site,Europe,Medium
Business Intelligence Analyst,2,On-site,North America,Medium
Data Science Manager,2,Remote,North America,Medium
Data Analyst,3,On-site,North America,Medium
Data Engineer,3,Remote,North America,Medium
Other,2,Hybrid,Asia,Large
Data Scientist,3,Remote,North America,Medium
Data Architect,3,Remote,North America,Medium
Other,1,Remote,North America,Medium
Data Analyst,1,On-site,North America,Medium
Data Engineer,2,Remote,North America,Medium
Analytics Engineer,3,On-site,North America,Medium
ML Engineer,3,On-site,Europe,Medium
Machine Learning Engineer,3,On-site,North America,Medium
Other,3,On-site,North America,Medium
Research Scientist,3,On-site,North America,Medium
Data Analyst,3,Remote,North America,Medium
Data Engineer,2,On-site,North America,Medium
Other,2,On-site,North America,Medium
Data Scientist,2,Remote,Europe,Medium
Other,2,Remote,North America,Large
Other,2,On-site,North America,Medium
Data Scientist,3,On-site,North America,Medium
Analytics Engineer,2,On-site,North America,Medium
Research Engineer,3,On-site,North America,Medium
Machine Learning Engineer,3,On-site,North America,Medium
Data Analyst,3,Remote,Europe,Medium
Data Engineer,2,On-site,North America,Medium
Data Architect,3,Remote,North America,Medium
Analytics Engineer,3,On-site,North America,Medium
Data Scientist,3,Remote,North America,Medium
Other,2,On-site,North America,Medium
Data Analyst,2,Remote,North America,Medium
Research Scientist,3,Remote,North America,Medium
Data Scientist,3,Remote,North America,Medium
Machine Learning Engineer,4,Remote,North America,Medium
Data Scientist,3,Remote,North America,Medium
Other,3,Remote,North America,Large
Data Scientist,3,Remote,North America,Large
Data Scientist,3,On-site,North America,Medium
Other,2,On-site,North America,Medium
Analytics Engineer,3,Remote,North America,Medium
Machine Learning Engineer,3,Hybrid,North America,Large
Research Scientist,2,On-site,North America,Medium
Data Engineer,3,Remote,North America,Medium
Data Science Manager,3,Remote,North America,Medium
Data Scientist,2,Remote,Europe,Medium
Data Scientist,2,On-site,North America,Medium
Analytics Engineer,3,Remote,North America,Medium
Data Analyst,3,Remote,North America,Medium
Data Engineer,2,On-site,North America,Medium
Data Engineer,2,On-site,Europe,Medium
Research Analyst,3,On-site,North America,Medium
Other,1,On-site,North America,Medium
Data Engineer,3,On-site,North America,Medium
Data Architect,3,On-site,North America,Medium
Data Engineer,2,Remote,Europe,Small
Machine Learning Engineer,3,On-site,North America,Medium
Other,2,On-site,North America,Medium
Data Engineer,2,On-site,North America,Medium
Data Scientist,3,Remote,North America,Medium
Machine Learning Engineer,3,On-site,North America,Medium
Data Engineer,1,Remote,North America,Medium
Data Engineer,3,Remote,North America,Medium
Data Engineer,1,Remote,North America,Medium
Other,1,Remote,Europe,Medium
Data Scientist,2,On-site,North America,Medium
Data Engineer,2,Remote,North America,Medium
Data Scientist,2,Remote,North America,Medium
Machine Learning Scientist,3,Remote,North America,Medium
Data Scientist,2,On-site,Europe,Medium
Business Intelligence Analyst,1,On-site,North America,Medium
Data Scientist,3,Remote,North America,Medium
Data Scientist,2,On-site,North America,Medium
Data Science Consultant,1,Remote,Europe,Small
Data Scientist,2,Hybrid,Asia,Medium
Machine Learning Engineer,3,Remote,North America,Medium
Other,1,Hybrid,North America,Large
Data Analyst,2,On-site,Europe,Medium
ML Engineer,3,On-site,North America,Medium
Data Scientist,2,On-site,North America,Medium
Data Scientist,3,On-site,North America,Medium
Research Scientist,3,On-site,North America,Medium
Machine Learning Engineer,3,Remote,North America,Medium
Data Analyst,3,On-site,North America,Medium
Data Engineer,3,Remote,Europe,Medium
Data Scientist,2,On-site,North America,Medium
Applied Scientist,3,Remote,North America,Medium
Data Engineer,3,Remote,North America,Medium
Other,1,Remote,North America,Medium
ML Engineer,3,On-site,North America,Medium
Data Engineer,3,Remote,North America,Medium
Other,4,On-site,North America,Medium
Data Scientist,3,Remote,North America,Medium
Machine Learning Engineer,3,On-site,Other,Medium
Data Scientist,2,On-site,North America,Medium
Data Engineer,4,On-site,North America,Medium
Data Architect,3,On-site,North America,Medium
Data Engineer,2,Remote,Other,Medium
Data Scientist,2,On-site,North America,Medium
Data Engineer,1,Hybrid,North America,Large
Data Analyst,3,On-site,Europe,Medium
Data Science,3,On-site,North America,Medium
Other,2,On-site,North America,Medium
Data Scientist,3,Remote,North America,Large
Data Manager,3,On-site,North America,Medium
Data Scientist,1,Remote,Europe,Large
Data Analyst,3,Remote,North America,Medium
Research Scientist,3,On-site,North America,Medium
Data Engineer,3,Remote,North America,Medium
Research Engineer,3,On-site,North America,Medium
Other,3,On-site,North America,Small
Data Scientist,3,On-site,North America,Medium
Other,1,Remote,Asia,Large
Data Engineer,3,On-site,North America,Medium
Data Scientist,2,On-site,North America,Medium
Data Science Manager,3,On-site,North America,Medium
Data Scientist,3,Remote,North America,Medium
Analytics Engineer,4,Remote,North America,Medium
Data Analyst,2,On-site,Europe,Medium
ML Engineer,3,On-site,North America,Medium
Data Engineer,2,Remote,North America,Large
Data Scientist,4,On-site,North America,Medium
Data Analyst,3,On-site,North America,Medium
Data Engineer,3,On-site,North America,Medium
Data Engineer,3,Remote,North America,Medium
Data Analyst,1,Remote,North America,Medium
Analytics Engineer,3,Remote,North America,Medium
Data Architect,3,Remote,North America,Medium
Machine Learning Engineer,3,Remote,North America,Medium
Business Intelligence Engineer,2,On-site,North America,Large
Data Engineer,4,Remote,North America,Medium
Data Architect,3,On-site,North America,Medium
Research Engineer,2,Remote,North America,Medium
Data Engineer,2,Remote,North America,Medium
Machine Learning Engineer,3,Remote,North America,Medium
Machine Learning Engineer,2,Remote,North America,Medium
Data Engineer,3,Remote,North America,Medium
Data Scientist,3,On-site,North America,Medium
Machine Learning Engineer,3,Remote,North America,Medium
Data Analyst,1,Remote,North America,Large
Data Scientist,2,Remote,North America,Medium
Research Engineer,2,On-site,North America,Medium
Applied Scientist,3,On-site,North America,Large
Data Analyst,3,On-site,North America,Medium
Data Scientist,3,Remote,North America,Medium
ML Engineer,3,On-site,North America,Medium
Other,3,On-site,North America,Medium
Machine Learning Engineer,3,On-site,North America,Medium
Data Analyst,2,On-site,North America,Medium
Data Engineer,3,On-site,North America,Medium
Data Engineer,3,Remote,North America,Medium
Data Analyst,2,Remote,North America,Medium
Data Engineer,3,Remote,North America,Medium
Data Analyst,2,On-site,North America,Medium
Data Scientist,2,On-site,Europe,Medium
Data Analyst,2,On-site,North America,Medium
Business Intelligence Analyst,3,On-site,North America,Medium
Data Analyst,2,On-site,North America,Medium
Data Scientist,3,Remote,North America,Large
Data Engineer,3,On-site,North America,Medium
Other,3,Remote,North America,Medium
Data Scientist,1,Remote,North America,Medium
Data Scientist,3,On-site,North America,Medium
Other,2,On-site,North America,Medium
AI Engineer,1,Remote,Europe,Medium
Data Scientist,3,On-site,North America,Medium
AI Engineer,3,Remote,North America,Medium
Other,3,On-site,North America,Medium
Machine Learning Engineer,3,On-site,North America,Medium
Data Engineer,3,On-site,Asia,Medium
Other,4,Remote,North America,Large
Data Engineer,3,On-site,North America,Medium
Analytics Engineer,3,On-site,North America,Medium
Other,3,On-site,Asia,Large
Business Intelligence Engineer,3,On-site,North America,Medium
Data Scientist,1,Remote,North America,Medium
Other,1,Remote,North America,Medium
Analytics Engineer,2,On-site,North America,Medium
Data Analyst,3,Remote,North America,Medium
Other,2,Remote,Africa,Medium
Applied Scientist,3,Remote,North America,Medium
Data Engineer,3,On-site,North America,Medium
Data Analyst,2,On-site,North America,Medium
Data Scientist,1,Remote,Europe,Medium
Data Manager,3,On-site,North America,Medium
Other,3,On-site,Europe,Medium
Machine Learning Engineer,2,On-site,North America,Medium
Data Engineer,4,Remote,North America,Medium
Data Engineer,3,On-site,Africa,Medium
Data Scientist,3,Remote,North America,Medium
Data Scientist,3,Remote,North America,Medium
Data Scientist,2,On-site,North America,Medium
Data Engineer,3,On-site,North America,Medium
Business Intelligence Engineer,3,On-site,North America,Large
Machine Learning Engineer,2,Remote,North America,Medium
Data Specialist,3,Remote,North America,Large
Research Scientist,3,On-site,North America,Medium
Other,3,Remote,North America,Medium
Data Engineer,3,Remote,Europe,Medium
Machine Learning Engineer,3,On-site,North America,Medium
Other,3,On-site,North America,Medium
Data Analyst,2,On-site,North America,Medium
Data Analyst,3,On-site,North America,Medium
Research Scientist,2,Remote,North America,Medium
Business Intelligence Analyst,1,On-site,Europe,Medium
Data Scientist,3,On-site,North America,Medium
Data Analyst,3,On-site,North America,Medium
Data Engineer,3,On-site,North America,Medium
Data Scientist,3,On-site,North America,Medium
Data Specialist,3,On-site,North America,Medium
Other,2,On-site,North America,Medium
Data Scientist,3,On-site,North America,Medium
Data Manager,2,On-site,Europe,Medium
Data Scientist,3,On-site,North America,Medium
Data Scientist,3,On-site,North America,Medium
Data Engineer,2,On-site,North America,Large
Data Scientist,1,Hybrid,Asia,Large
Research Engineer,3,On-site,North America,Medium
Data Analyst,1,On-site,North America,Medium
Analytics Engineer,3,On-site,North America,Medium
Data Analyst,3,On-site,Europe,Medium
Data Analyst,4,Remote,North America,Medium
Business Intelligence Analyst,1,On-site,North America,Medium
Research Scientist,3,On-site,North America,Medium
Data Scientist,3,Remote,North America,Medium
Data Science Manager,3,Remote,North America,Large
Machine Learning Engineer,3,Remote,North America,Medium
Data Engineer,3,Remote,North America,Medium
Data Engineer,3,On-site,North America,Medium
Data Engineer,2,Remote,Europe,Medium
Machine Learning Engineer,3,On-site,North America,Medium
Analytics Engineer,4,Remote,North America,Medium
Other,3,On-site,North America,Medium
Data Engineer,3,Remote,North America,Medium
Data Engineer,3,On-site,North America,Medium
ML Engineer,3,Remote,North America,Medium
Applied Scientist,1,On-site,North America,Medium
Data Engineer,4,Remote,North America,Medium
Data Scientist,3,On-site,North America,Medium
AI Engineer,1,Hybrid,Europe,Large
Data Scientist,3,On-site,North America,Medium
Analytics Engineer,2,On-site,Europe,Medium
Other,3,On-site,North America,Medium
Machine Learning Scientist,3,On-site,North America,Medium
Data Scientist,3,Remote,North America,Medium
Data Architect,3,Remote,North America,Medium
Data Analyst,1,On-site,North America,Medium
Other,2,Remote,Oceania,Large
Machine Learning Engineer,3,On-site,North America,Medium
Data Analyst,3,Remote,North America,Medium
Other,2,On-site,North America,Medium
Machine Learning Engineer,3,On-site,Europe,Medium
Other,3,Remote,Europe,Large
Data Scientist,3,Remote,North America,Medium
Data Engineer,2,Remote,North America,Medium
Data Engineer,2,On-site,North America,Medium
Data Science Manager,3,On-site,North America,Medium
Other,3,On-site,North America,Medium
Research Scientist,2,On-site,North America,Medium
Data Engineer,3,Remote,Europe,Medium
Machine Learning Engineer,3,Remote,North America,Medium
Machine Learning Engineer,2,On-site,North America,Medium
Data Engineer,3,Remote,North America,Medium
Machine Learning Engineer,1,On-site,North America,Medium
Data Scientist,3,Remote,Europe,Medium
Data Analyst,3,On-site,North America,Medium
Machine Learning Engineer,2,Remote,Europe,Medium
Other,2,Remote,Europe,Small
Business Intelligence Analyst,2,On-site,North America,Medium
Data Analyst,2,On-site,Europe,Medium
Data Scientist,3,Remote,North America,Medium
Data Scientist,3,On-site,North America,Medium
Data Architect,2,On-site,North America,Medium
Data Analyst,2,Remote,North America,Medium
Data Engineer,4,On-site,North America,Medium
Machine Learning Engineer,2,On-site,North America,Medium
Other,3,Remote,North America,Medium
Other,3,On-site,North America,Medium
Data Scientist,3,Remote,North America,Medium
Data Analyst,3,Remote,North America,Medium
Data Scientist,3,On-site,North America,Medium
Data Analyst,3,Remote,North America,Medium
Data Scientist,3,On-site,Europe,Medium
Data Architect,3,Remote,North America,Medium
Machine Learning Engineer,3,On-site,North America,Medium
Research Engineer,3,On-site,North America,Medium
Data Architect,3,On-site,North America,Medium
Research Scientist,2,On-site,North America,Medium
Data Scientist,3,On-site,North America,Medium
Data Architect,3,On-site,North America,Medium
Data Scientist,3,Remote,North America,Medium
Machine Learning Scientist,3,On-site,North America,Medium
Data Specialist,2,Remote,North America,Medium
Data Scientist,3,On-site,North America,Medium
Data Engineer,3,Remote,North America,Medium
Other,3,Remote,North America,Medium
Data Scientist,3,On-site,North America,Medium
Data Manager,2,On-site,North America,Medium
Other,2,Remote,Europe,Medium
Applied Scientist,3,Remote,North America,Medium
Machine Learning Engineer,3,Remote,North America,Medium
Data Scientist,3,On-site,North America,Medium
Other,2,Remote,North America,Large
Data Scientist,2,On-site,North America,Medium
Machine Learning Engineer,2,Remote,Europe,Medium
Analytics Engineer,3,Remote,North America,Medium
Research Scientist,2,Remote,North America,Medium
Data Scientist,2,Remote,North America,Medium
Business Intelligence Analyst,3,On-site,North America,Medium
Other,1,Hybrid,Europe,Small
Other,3,Remote,North America,Large
Data Analyst,2,Remote,Europe,Medium
Business Intelligence Engineer,3,Remote,North America,Medium
Data Scientist,2,On-site,Europe,Medium
Data Engineer,3,Remote,North America,Medium
Other,4,On-site,North America,Medium
Data Scientist,3,Remote,North America,Medium
Other,3,Remote,Africa,Medium
Research Scientist,3,On-site,North America,Medium
Other,3,Remote,North America,Medium
Data Engineer,3,Remote,North America,Medium
Data Analyst,1,On-site,Europe,Large
Data Analyst,1,Remote,South America,Large
Data Engineer,3,On-site,North America,Medium
Data Specialist,2,On-site,North America,Medium
Data Analyst,3,On-site,North America,Medium
Data Engineer,1,Remote,North America,Medium
Other,3,Remote,North America,Medium
Data Scientist,3,On-site,Other,Medium
Data Engineer,3,Remote,North America,Medium
AI Engineer,3,On-site,North America,Medium
Data Architect,2,On-site,Europe,Medium
Other,3,Remote,North America,Large
Data Analyst,3,Remote,South America,Medium
Machine Learning Engineer,3,On-site,North America,Medium
Data Scientist,3,On-site,North America,Medium
Data Engineer,3,On-site,North America,Medium
Other,3,On-site,North America,Medium
Other,3,On-site,North America,Medium
Analytics Engineer,1,Remote,North America,Medium
Other,3,Remote,North America,Medium
Data Architect,3,Remote,North America,Medium
Other,3,On-site,North America,Medium
Data Scientist,3,On-site,North America,Medium
Data Scientist,3,On-site,North America,Medium
Other,3,Remote,Europe,Large
Research Scientist,3,On-site,North America,Medium
Data Scientist,3,Remote,North America,Medium
Business Intelligence Engineer,3,Remote,North America,Medium
Other,1,Hybrid,Other,Small
Data Engineer,3,Remote,North America,Medium
Research Engineer,2,On-site,North America,Medium
Data Analyst,3,On-site,Europe,Medium
Data Analyst,1,On-site,North America,Medium
Data Scientist,2,Remote,North America,Medium
Data Analyst,3,On-site,Europe,Medium
Machine Learning Engineer,2,On-site,North America,Medium
Data Engineer,3,Remote,North America,Medium
Data Architect,3,On-site,North America,Medium
ML Engineer,3,Remote,North America,Medium
Other,2,On-site,North America,Small
Machine Learning Scientist,3,Remote,Europe,Medium
Other,2,On-site,North America,Medium
Machine Learning Scientist,3,On-site,North America,Medium
Data Scientist,3,Remote,North America,Medium
Data Scientist,3,Remote,North America,Medium
Other,3,On-site,North America,Medium
Data Analyst,3,Remote,North America,Medium
Data Scientist,3,On-site,North America,Medium
Data Scientist,3,Remote,North America,Medium
Analytics Engineer,3,Remote,North America,Medium
Data Scientist,2,On-site,North America,Medium
Data Engineer,2,On-site,North America,Medium
Other,1,On-site,Europe,Large
Analytics Engineer,2,On-site,North America,Medium
Other,3,On-site,North America,Medium
Machine Learning Engineer,2,On-site,North America,Medium
AI Engineer,3,On-site,North America,Medium
Data Analyst,1,Remote,North America,Small
Data Engineer,3,Remote,North America,Medium
Data Scientist,3,On-site,North America,Medium
Data Engineer,3,Remote,North America,Medium
Data Analyst,3,On-site,North America,Medium
Data Analyst,3,Remote,North America,Medium
Data Scientist,2,On-site,North America,Medium
Data Scientist,3,On-site,North America,Medium
Data Analyst,3,Remote,North America,Medium
Data Engineer,3,On-site,North America,Medium
Other,3,Remote,North America,Large
Other,2,On-site,South America,Small
Data Scientist,2,On-site,Europe,Medium
Data Manager,2,On-site,Europe,Medium
Data Scientist,2,On-site,North America,Medium
Applied Scientist,2,On-site,North America,Large
Data Analyst,3,On-site,North America,Medium
Data Analyst,3,On-site,Europe,Medium
Data Analyst,2,Remote,North America,Medium
Data Scientist,3,On-site,North America,Medium
Other,3,Remote,North America,Medium
Other,2,On-site,North America,Small
Research Analyst,1,Remote,North America,Medium
Machine Learning Engineer,3,On-site,North America,Medium
Data Engineer,3,Remote,North America,Medium
Other,3,Remote,North America,Small
Research Engineer,2,On-site,North America,Medium
Research Analyst,1,On-site,North America,Medium
Business Intelligence Analyst,3,Remote,North America,Medium
Data Scientist,3,Remote,North America,Medium
Data Analyst,3,On-site,Europe,Medium
Other,3,Remote,Europe,Medium
Research Scientist,1,On-site,Asia,Large
Research Analyst,1,Remote,North America,Medium
Data Scientist,2,On-site,North America,Medium
Data Scientist,3,On-site,North America,Medium
Machine Learning Engineer,3,On-site,North America,Medium
Data Scientist,3,On-site,North America,Medium
Data Engineer,2,On-site,North America,Medium
Analytics Engineer,3,On-site,North America,Medium
Data Engineer,3,On-site,North America,Medium
Data Scientist,3,Remote,North America,Medium
Data Scientist,2,Remote,Europe,Medium
Data Science Consultant,1,Remote,North America,Small
Machine Learning Engineer,3,Remote,North America,Large
Other,2,On-site,North America,Medium
ML Engineer,2,On-site,North America,Medium
Other,2,Remote,Europe,Medium
Data Science,3,On-site,North America,Medium
Data Engineer,3,Remote,North America,Medium
Data Science Manager,3,Remote,North America,Medium
Other,3,Remote,North America,Medium
Data Scientist,3,Remote,North America,Medium
Data Engineer,3,Remote,North America,Medium
Data Engineer,3,Remote,North America,Medium
Research Scientist,3,On-site,North America,Medium
Data Scientist,2,Remote,Africa,Large
Machine Learning Engineer,3,On-site,North America,Large
ML Engineer,1,On-site,North America,Large
Data Analyst,3,On-site,North America,Medium
Other,3,On-site,North America,Medium
Other,2,Remote,North America,Medium
Data Engineer,1,Hybrid,Europe,Large
Data Engineer,3,On-site,North America,Large
Data Specialist,2,On-site,North America,Medium
Data Analyst,3,Remote,North America,Medium
Data Analyst,2,On-site,North America,Medium
Other,3,On-site,Other,Large
Machine Learning Engineer,3,Remote,Europe,Medium
Machine Learning Engineer,2,Remote,Europe,Medium
Data Analyst,2,Remote,Europe,Medium
ML Engineer,2,On-site,North America,Medium
Data Scientist,2,Remote,Europe,Medium
Analytics Engineer,3,Remote,North America,Medium
Research Scientist,2,Remote,North America,Medium
Data Scientist,3,On-site,North America,Medium
Other,3,On-site,North America,Medium
Machine Learning Engineer,3,On-site,North America,Medium
Other,3,On-site,North America,Medium
Machine Learning Engineer,2,Remote,Asia,Medium
Data Engineer,4,On-site,North America,Medium
Data Scientist,3,On-site,North America,Medium
Other,3,Remote,North America,Medium
Data Scientist,3,Remote,North America,Medium
Data Scientist,2,Remote,Europe,Large
Data Scientist,3,On-site,North America,Medium
Other,2,Remote,North America,Medium
Business Intelligence Analyst,3,On-site,North America,Medium
Other,2,On-site,North America,Medium
Other,2,Hybrid,Europe,Large
Other,1,Remote,Europe,Small
Data Scientist,3,Remote,North America,Small
Data Engineer,3,On-site,North America,Large
Business Intelligence Engineer,3,On-site,North America,Large
Machine Learning Engineer,2,On-site,Europe,Medium
Data Scientist,1,On-site,North America,Medium
Other,4,Hybrid,Other,Large
Data Science Manager,2,On-site,North America,Medium
Data Scientist,2,On-site,North America,Medium
Data Analyst,3,Remote,North America,Medium
Machine Learning Engineer,3,On-site,North America,Medium
Data Analyst,1,Remote,Europe,Medium
Data Engineer,3,On-site,North America,Medium
Other,3,Remote,North America,Large
Data Scientist,3,On-site,Europe,Medium
ML Engineer,3,On-site,North America,Medium
Data Analyst,3,On-site,North America,Medium
Data Scientist,3,On-site,North America,Medium
Other,3,On-site,North America,Medium
Data Engineer,3,Remote,North America,Large
Data Analyst,3,On-site,North America,Medium
Other,3,Remote,North America,Large
Machine Learning Engineer,3,On-site,North America,Medium
Data Engineer,3,On-site,North America,Medium
Data Analyst,3,Remote,North America,Medium
Data Engineer,4,Remote,North America,Medium
Data Analyst,3,On-site,Europe,Medium
Data Engineer,1,Remote,Asia,Large
Other,4,Remote,North America,Medium
Data Architect,3,Remote,North America,Medium
Data Engineer,2,On-site,North America,Medium
Data Scientist,3,Remote,North America,Medium
Data Analyst,3,Remote,North America,Medium
Data Engineer,3,On-site,North America,Medium
Data Engineer,2,On-site,North America,Medium
Data Analyst,3,On-site,North America,Medium
Data Scientist,2,On-site,North America,Medium
Other,1,Remote,Africa,Small
Other,4,Remote,Europe,Medium
Data Scientist,3,On-site,North America,Medium
Data Scientist,3,On-site,North America,Large
Other,1,Remote,North America,Large
Data Engineer,2,Remote,North America,Medium
Data Engineer,2,Remote,North America,Medium
Other,2,Remote,North America,Medium
Data Engineer,2,On-site,North America,Medium
Data Engineer,3,Remote,North America,Medium
Data Engineer,3,On-site,North America,Medium
Data Analyst,2,On-site,North America,Medium
Data Engineer,3,Remote,North America,Medium
Data Scientist,3,Remote,North America,Medium
Data Engineer,3,Remote,North America,Medium
Data Analyst,2,On-site,Europe,Medium
Other,1,Remote,Asia,Large
Data Scientist,3,On-site,North America,Medium
Machine Learning Engineer,2,Remote,Europe,Medium
Data Scientist,3,Remote,North America,Medium
Data Science Consultant,3,On-site,North America,Medium
Research Engineer,3,On-site,North America,Medium
Data Engineer,3,On-site,North America,Medium
Data Scientist,3,Remote,North America,Medium
Other,2,Hybrid,North America,Large
Data Analyst,1,Remote,North America,Large
Data Scientist,3,On-site,North America,Medium
Data Analyst,2,On-site,North America,Medium
Data Scientist,1,On-site,North America,Medium
AI Engineer,3,On-site,North America,Medium
Data Analyst,3,Remote,North America,Medium
Other,2,Remote,North America,Medium
Machine Learning Engineer,3,On-site,North America,Medium
Data Engineer,3,On-site,North America,Medium
Data Analyst,3,Remote,North America,Medium
Research Engineer,1,On-site,Africa,Medium
Other,3,On-site,North America,Medium
Applied Scientist,3,On-site,North America,Medium
Machine Learning Engineer,3,On-site,North America,Medium
Data Engineer,3,On-site,North America,Medium
Data Scientist,3,On-site,North America,Large
Other,3,Remote,North America,Medium
Business Intelligence Analyst,2,On-site,North America,Medium
Other,3,Remote,Other,Large
Research Engineer,3,On-site,North America,Medium
Machine Learning Engineer,3,On-site,North America,Medium
Data Analyst,1,On-site,Europe,Medium
Data Engineer,2,On-site,North America,Medium
Data Analyst,3,Remote,North America,Medium
Data Analyst,2,On-site,North America,Medium
Applied Scientist,3,On-site,North America,Medium
Data Analyst,2,On-site,North America,Medium
Data Scientist,3,On-site,North America,Large
Business Intelligence Analyst,2,Remote,North America,Medium
Data Scientist,3,On-site,North America,Medium
Machine Learning Scientist,3,On-site,North America,Medium
Data Engineer,3,Remote,North America,Medium
Data Science Manager,3,Remote,North America,Medium
Data Analyst,1,Hybrid,Europe,Medium
Machine Learning Engineer,3,Remote,North America,Medium
Data Science Manager,3,On-site,North America,Medium
ML Engineer,2,Remote,North America,Medium
Data Scientist,2,Remote,North America,Medium
Data Manager,3,Remote,North America,Medium
Data Engineer,2,On-site,North America,Medium
Data Architect,3,On-site,North America,Medium
Research Scientist,2,Remote,Asia,Large
Machine Learning Engineer,2,On-site,North America,Medium
Other,2,On-site,North America,Large
Data Scientist,2,On-site,North America,Medium
Data Engineer,3,Remote,Europe,Medium
Data Scientist,3,On-site,North America,Medium
Data Scientist,1,Hybrid,North America,Large
Machine Learning Engineer,3,Remote,Europe,Medium
Other,2,On-site,North America,Medium
Data Science Manager,3,Remote,North America,Medium
Data Scientist,3,Remote,North America,Medium
Analytics Engineer,4,Remote,North America,Medium
Data Scientist,3,On-site,North America,Medium
Data Analyst,2,On-site,North America,Medium
Data Analyst,1,On-site,North America,Medium
Data Scientist,3,On-site,North America,Medium
Data Manager,3,On-site,North America,Medium
Data Scientist,3,Remote,North America,Medium
Machine Learning Scientist,3,On-site,North America,Medium
Data Scientist,2,On-site,North America,Medium
Other,3,On-site,North America,Medium
Other,3,On-site,North America,Medium
Data Scientist,3,Remote,North America,Medium
Data Scientist,2,Remote,North America,Medium
Data Scientist,3,On-site,North America,Medium
Data Scientist,3,On-site,North America,Medium
Data Engineer,3,On-site,North America,Medium
Data Scientist,3,On-site,North America,Medium
Other,1,On-site,North America,Medium
Data Engineer,3,Remote,North America,Large
Data Scientist,3,Remote,North America,Medium
Data Science Manager,4,On-site,North America,Medium
Other,2,Remote,North America,Medium
Data Analyst,3,Remote,North America,Medium
Other,2,On-site,Other,Large
Data Science,2,Remote,North America,Medium
Machine Learning Engineer,3,On-site,North America,Medium
Data Engineer,1,On-site,North America,Medium
Data Engineer,2,Remote,North America,Medium
Data Engineer,2,On-site,North America,Medium
Other,3,Remote,North America,Medium
Data Scientist,1,On-site,North America,Large
Data Analyst,1,Remote,North America,Large
Data Analyst,3,Remote,North America,Medium
Data Analyst,3,On-site,North America,Medium
Data Science,2,On-site,North America,Large
Machine Learning Engineer,3,On-site,North America,Medium
Other,2,Hybrid,North America,Large
Data Scientist,3,On-site,North America,Medium
ML Engineer,3,Remote,North America,Medium
Data Analyst,1,On-site,Europe,Medium
Data Scientist,2,Remote,North America,Medium
Machine Learning Engineer,3,On-site,North America,Medium
Machine Learning Engineer,3,On-site,North America,Medium
Research Analyst,1,On-site,North America,Medium
Research Analyst,1,On-site,North America,Large
Data Engineer,2,On-site,North America,Medium
Data Engineer,3,On-site,North America,Medium
Data Engineer,2,Remote,North America,Medium
Machine Learning Scientist,3,Remote,North America,Medium
Data Engineer,1,Remote,Europe,Medium
Data Analyst,2,Remote,North America,Medium
Data Engineer,1,Remote,Europe,Large
Data Scientist,3,On-site,North America,Large
Research Analyst,3,On-site,North America,Medium
Machine Learning Engineer,2,Remote,Europe,Large
Data Scientist,4,On-site,North America,Medium
Other,3,On-site,Europe,Medium
Data Engineer,3,On-site,North America,Medium
Data Scientist,3,Remote,North America,Medium
Other,3,Remote,North America,Medium
Business Intelligence Engineer,3,On-site,North America,Medium
Data Scientist,3,On-site,North America,Medium
Research Engineer,3,On-site,North America,Medium
Machine Learning Engineer,3,On-site,North America,Medium
Data Engineer,3,Remote,North America,Medium
Data Engineer,3,Remote,North America,Medium
Analytics Engineer,3,On-site,North America,Medium
Research Analyst,1,On-site,North America,Medium
Machine Learning Engineer,3,On-site,North America,Medium
Other,4,On-site,Other,Medium
Other,3,Remote,North America,Medium
Data Science Manager,3,On-site,North America,Medium
Business Intelligence Analyst,2,On-site,North America,Medium
Data Scientist,3,Remote,North America,Medium
Data Scientist,2,Remote,North America,Medium
Machine Learning Engineer,3,Remote,North America,Medium
Data Engineer,4,Remote,North America,Medium
Data Scientist,3,Remote,North America,Medium
Data Engineer,3,On-site,North America,Medium
Data Scientist,2,Hybrid,Europe,Medium
Data Scientist,3,On-site,North America,Medium
Machine Learning Engineer,2,On-site,North America,Medium
Other,2,Remote,North America,Medium
Data Engineer,1,Hybrid,Asia,Medium
Data Analyst,1,Remote,North America,Medium
Data Analyst,2,Hybrid,Europe,Large
Machine Learning Engineer,2,Hybrid,Asia,Large
Data Scientist,4,Hybrid,Europe,Small
Data Engineer,3,Remote,North America,Medium
Data Scientist,3,On-site,North America,Large
Machine Learning Engineer,2,On-site,North America,Medium
Data Science Manager,2,Remote,North America,Medium
Data Engineer,3,Remote,South America,Medium
Analytics Engineer,3,On-site,Europe,Medium
Data Science,4,On-site,North America,Medium
Data Manager,2,On-site,North America,Medium
Other,3,On-site,North America,Medium
Other,2,Remote,Asia,Small
Other,2,Remote,North America,Small
Data Scientist,3,On-site,North America,Medium
Data Analyst,3,On-site,North America,Medium
Data Scientist,2,Hybrid,North America,Large
Data Scientist,2,Hybrid,Europe,Large
Data Scientist,3,On-site,North America,Medium
Data Scientist,2,Remote,North America,Medium
Other,4,On-site,North America,Medium
Data Analyst,2,On-site,Europe,Medium
Data Specialist,1,Remote,North America,Large
Data Analyst,3,On-site,North America,Medium
Research Engineer,2,On-site,North America,Medium
Other,3,On-site,North America,Medium
Machine Learning Engineer,3,On-site,North America,Medium
Data Engineer,3,On-site,North America,Medium
Data Scientist,3,On-site,North America,Large
Machine Learning Engineer,3,On-site,North America,Medium
Data Scientist,3,On-site,North America,Medium
Data Science,3,Remote,North America,Medium
Data Engineer,2,Remote,North America,Medium
Other,3,Remote,North America,Medium
Other,2,Remote,Europe,Large
Data Engineer,3,Hybrid,Europe,Large
Data Scientist,3,On-site,North America,Medium
Data Analyst,3,On-site,North America,Medium
Research Scientist,2,On-site,North America,Medium
Machine Learning Engineer,3,Remote,North America,Medium
Data Scientist,3,Remote,North America,Medium
Analytics Engineer,2,Remote,North America,Medium
AI Engineer,3,On-site,North America,Medium
Data Engineer,4,On-site,North America,Medium
Other,1,Remote,North America,Large
Data Engineer,3,On-site,North America,Medium
Machine Learning Engineer,3,On-site,North America,Medium
Data Engineer,3,On-site,North America,Medium
Analytics Engineer,3,Remote,North America,Medium
Other,1,Remote,Africa,Large
Applied Scientist,3,On-site,North America,Medium
Data Engineer,2,On-site,North America,Medium
Data Scientist,1,On-site,North America,Medium
Data Engineer,3,On-site,North America,Medium
Business Intelligence Analyst,3,On-site,North America,Medium
Data Analyst,3,Remote,North America,Medium
Data Engineer,3,Remote,North America,Medium
Data Scientist,2,On-site,North America,Medium
Data Analyst,3,Remote,Europe,Medium
Analytics Engineer,2,On-site,Europe,Medium
Data Scientist,3,On-site,North America,Medium
Research Engineer,1,On-site,North America,Medium
Data Engineer,3,On-site,North America,Medium
Data Scientist,3,On-site,North America,Medium
Data Engineer,2,On-site,Europe,Medium
Other,2,Hybrid,North America,Large
Data Scientist,3,On-site,North America,Medium
Data Scientist,3,Remote,North America,Large
Data Engineer,2,On-site,North America,Medium
Data Scientist,3,On-site,North America,Medium
Data Specialist,3,On-site,North America,Medium
Other,3,Remote,North America,Medium
Other,2,On-site,Europe,Medium
Data Analyst,3,Remote,Europe,Medium
Data Analyst,2,On-site,North America,Medium
Data Science,3,On-site,North America,Medium
Data Engineer,1,On-site,North America,Medium
Data Scientist,2,Remote,North America,Medium
Data Engineer,2,On-site,North America,Medium
Research Analyst,3,Remote,North America,Medium
Data Engineer,3,Remote,North America,Medium
Data Analyst,1,Remote,North America,Medium
Data Architect,3,Remote,North America,Medium
Data Analyst,3,Remote,North America,Medium
Data Science,3,On-site,North America,Medium
Other,2,On-site,North America,Medium
Data Scientist,2,On-site,North America,Medium
Machine Learning Engineer,3,On-site,North America,Medium
Data Scientist,2,On-site,North America,Medium
Data Analyst,3,Remote,North America,Medium
Other,2,Remote,Asia,Large
Data Engineer,3,Remote,North America,Medium
Data Analyst,1,On-site,North America,Medium
Data Scientist,3,Remote,North America,Medium
Data Architect,3,Remote,North America,Medium
Data Manager,4,On-site,North America,Medium
Data Analyst,3,Remote,North America,Medium
Research Scientist,3,On-site,North America,Medium
Data Scientist,4,On-site,North America,Medium
Data Scientist,3,On-site,North America,Large
Data Scientist,2,Remote,North America,Medium
Other,3,Remote,North America,Medium
Business Intelligence Analyst,2,Remote,North America,Medium
Data Analyst,3,Remote,North America,Medium
Data Analyst,2,On-site,North America,Medium
Data Manager,2,On-site,North America,Medium
Data Engineer,2,On-site,North America,Medium
Other,3,On-site,North America,Medium
Data Analyst,3,Remote,North America,Medium
Data Engineer,3,On-site,North America,Medium
Research Scientist,2,On-site,North America,Medium
Data Engineer,4,Remote,North America,Medium
Data Engineer,3,Remote,North America,Medium
Machine Learning Engineer,1,Hybrid,North America,Large
Data Analyst,2,On-site,North America,Medium
Data Scientist,2,Remote,North America,Large
Data Architect,3,Remote,North America,Medium
Data Engineer,3,On-site,North America,Medium
Data Engineer,2,Remote,North America,Medium
Other,4,Remote,North America,Medium
Data Analyst,3,Remote,North America,Medium
Other,2,Remote,Europe,Small
Other,1,On-site,Asia,Small
Machine Learning Engineer,2,Remote,North America,Medium
ML Engineer,1,Remote,Europe,Large
Data Specialist,3,On-site,North America,Medium
Research Scientist,4,On-site,Europe,Large
Other,3,On-site,North America,Medium
Data Scientist,2,Remote,North America,Large
Business Intelligence Analyst,2,Remote,North America,Medium
Data Analyst,3,Remote,North America,Medium
Data Engineer,3,On-site,Europe,Medium
Machine Learning Engineer,3,On-site,North America,Medium
Data Scientist,2,On-site,Europe,Medium
Data Science Manager,3,Remote,Asia,Large
Data Scientist,3,On-site,North America,Medium
Data Scientist,2,Remote,North America,Large
Research Scientist,3,On-site,North America,Medium
Data Analyst,1,Remote,North America,Medium
Data Scientist,4,On-site,North America,Medium
Data Analyst,3,On-site,North America,Medium
Business Intelligence Analyst,3,Remote,North America,Medium
Data Scientist,3,Remote,North America,Medium
Machine Learning Engineer,2,Remote,Europe,Large
Other,2,On-site,North America,Medium
ML Engineer,3,Remote,North America,Medium
Research Scientist,2,On-site,North America,Large
Analytics Engineer,3,Remote,North America,Small
Other,3,Remote,North America,Medium
Data Engineer,3,Remote,North America,Medium
Applied Scientist,3,Remote,North America,Medium
Data Architect,3,On-site,North America,Medium
Data Engineer,4,Remote,North America,Medium
Business Intelligence Analyst,3,On-site,Europe,Medium
Machine Learning Scientist,3,On-site,North America,Medium
Data Engineer,3,Remote,North America,Medium
Data Engineer,3,On-site,Europe,Medium
Data Engineer,3,On-site,Europe,Medium
Data Analyst,2,On-site,Europe,Medium
Business Intelligence Engineer,3,Remote,North America,Medium
Other,3,Remote,North America,Medium
Data Engineer,3,On-site,North America,Medium
Data Engineer,2,On-site,North America,Medium
Data Analyst,3,On-site,North America,Medium
Data Engineer,4,Remote,Europe,Medium
Data Engineer,2,Remote,North America,Medium
Data Engineer,1,Remote,Europe,Large
Data Analyst,2,On-site,Asia,Medium
Data Scientist,2,Remote,North America,Medium
Data Analyst,2,On-site,North America,Medium
Data Engineer,3,On-site,North America,Medium
Data Analyst,3,Remote,North America,Medium
Data Scientist,3,On-site,North America,Medium
Data Scientist,2,On-site,North America,Medium
Machine Learning Scientist,4,Remote,North America,Small
Data Engineer,3,Remote,North America,Medium
Machine Learning Engineer,3,On-site,North America,Medium
Machine Learning Engineer,3,On-site,North America,Medium
Machine Learning Engineer,3,On-site,North America,Medium
Research Engineer,3,On-site,North America,Medium
Data Analyst,3,Remote,North America,Medium
Data Scientist,3,Remote,North America,Medium
Data Engineer,2,Remote,North America,Medium
Data Scientist,2,On-site,Other,Medium
Data Engineer,2,Hybrid,Europe,Large
Data Architect,3,Remote,North America,Medium
Data Scientist,3,Remote,North America,Medium
Data Scientist,2,Remote,North America,Medium
Data Engineer,3,On-site,Europe,Medium
Other,3,On-site,North America,Medium
Data Analyst,3,Remote,North America,Medium
Machine Learning Engineer,2,On-site,North America,Medium
Data Analyst,3,On-site,North America,Medium
Data Scientist,3,On-site,North America,Medium
Data Scientist,3,On-site,North America,Medium
Data Scientist,3,Remote,North America,Medium
Data Analyst,3,On-site,Europe,Medium
Analytics Engineer,3,Remote,North America,Medium
Other,4,On-site,North America,Medium
Other,3,On-site,North America,Medium
Data Scientist,3,Remote,North America,Medium
Machine Learning Engineer,2,Remote,North America,Small
Machine Learning Engineer,2,Remote,North America,Medium
Data Scientist,2,Remote,North America,Large
Analytics Engineer,3,On-site,North America,Medium
Analytics Engineer,2,On-site,North America,Medium
Other,3,Hybrid,Asia,Large
Machine Learning Engineer,3,On-site,North America,Medium
Machine Learning Engineer,3,Remote,North America,Medium
AI Engineer,2,Remote,North America,Small
Other,1,On-site,Asia,Medium
Data Scientist,3,On-site,North America,Medium
Data Engineer,3,On-site,North America,Medium
Data Scientist,3,On-site,North America,Medium
Other,3,On-site,North America,Medium
Other,3,Remote,North America,Medium
Data Specialist,3,On-site,North America,Medium
Data Analyst,2,Remote,North America,Medium
Analytics Engineer,3,On-site,North America,Medium
Data Analyst,3,Remote,North America,Medium
Data Analyst,3,On-site,North America,Medium
Other,2,On-site,North America,Medium
Data Analyst,3,On-site,North America,Medium
Applied Scientist,2,On-site,North America,Medium
Other,2,On-site,Europe,Medium
Data Architect,3,On-site,North America,Medium
Data Analyst,1,On-site,North America,Medium
Data Engineer,2,Remote,Europe,Medium
Data Analyst,3,Remote,North America,Medium
Analytics Engineer,3,On-site,North America,Medium
Other,4,Hybrid,North America,Large
ML Engineer,3,On-site,North America,Medium
Data Engineer,3,Remote,North America,Medium
Data Scientist,3,On-site,North America,Medium
ML Engineer,3,On-site,North America,Medium
Data Engineer,3,Remote,North America,Medium
Other,2,Remote,Asia,Medium
Data Engineer,2,Remote,Europe,Medium
Data Analyst,3,On-site,North America,Medium
Data Analyst,2,On-site,Europe,Medium
Other,3,On-site,North America,Medium
Other,3,On-site,North America,Medium
Research Scientist,3,Remote,North America,Medium
Data Manager,3,Remote,North America,Medium
Data Scientist,3,On-site,North America,Medium
Machine Learning Engineer,3,Remote,North America,Medium
Other,3,On-site,North America,Medium
Data Engineer,3,Remote,North America,Medium
Research Scientist,3,Remote,North America,Medium
Machine Learning Engineer,3,Remote,Other,Medium
Other,2,Remote,Asia,Medium
Research Analyst,3,On-site,North America,Medium
Data Scientist,1,Remote,North America,Medium
Business Intelligence Engineer,3,On-site,North America,Medium
Other,3,On-site,North America,Medium
Machine Learning Engineer,3,Remote,North America,Medium
Machine Learning Engineer,3,Remote,North America,Medium
Data Scientist,2,Hybrid,Europe,Large
Data Scientist,2,Remote,North America,Medium
Machine Learning Engineer,3,On-site,North America,Medium
Data Analyst,3,Remote,North America,Medium
Other,4,Hybrid,North America,Large
Data Scientist,3,On-site,North America,Medium
Other,2,Remote,North America,Medium
Data Engineer,3,On-site,North America,Medium
Machine Learning Engineer,3,On-site,North America,Medium
Research Engineer,2,Remote,Europe,Medium
Machine Learning Engineer,1,Remote,Europe,Small
Data Analyst,3,Remote,North America,Medium
Data Scientist,2,On-site,North America,Medium
Data Engineer,4,Remote,North America,Medium
Data Scientist,2,Hybrid,Europe,Large
Data Engineer,2,Remote,North America,Medium
Data Engineer,3,On-site,North America,Large
Data Engineer,3,Remote,North America,Medium
Data Engineer,4,Remote,North America,Medium
Machine Learning Engineer,3,Remote,North America,Medium
Data Engineer,3,On-site,North America,Medium
Data Analyst,3,On-site,North America,Medium
Data Scientist,3,Remote,North America,Medium
Machine Learning Scientist,2,On-site,North America,Small
Data Architect,2,On-site,North America,Medium
Machine Learning Scientist,3,Hybrid,North America,Small
Other,1,Remote,North America,Medium
Data Analyst,2,On-site,Europe,Medium
Research Engineer,3,On-site,North America,Medium
Data Scientist,1,Hybrid,Europe,Small
Data Scientist,3,On-site,Europe,Medium
Research Scientist,3,On-site,North America,Medium
Data Scientist,1,Remote,North America,Medium
Analytics Engineer,4,On-site,North America,Medium
Data Scientist,2,Remote,North America,Medium
Data Engineer,3,On-site,North America,Medium
Data Manager,3,On-site,North America,Medium
AI Engineer,2,Remote,Europe,Large
Data Specialist,2,On-site,North America,Medium
Research Engineer,3,On-site,Europe,Medium
Data Analyst,1,On-site,North America,Medium
Data Scientist,3,Remote,North America,Medium
Other,4,On-site,North America,Medium
Data Architect,3,On-site,North America,Medium
Data Analyst,2,Remote,North America,Medium
Data Science Manager,3,Remote,North America,Large
Data Analyst,3,On-site,North America,Medium
Machine Learning Engineer,2,On-site,North America,Small
Other,2,On-site,North America,Medium
Other,1,Hybrid,North America,Large
Other,3,On-site,North America,Medium
Data Scientist,3,Remote,North America,Medium
Machine Learning Engineer,3,On-site,North America,Medium
Machine Learning Engineer,3,On-site,North America,Medium
Data Engineer,3,On-site,North America,Medium
Machine Learning Engineer,2,On-site,North America,Medium
Data Science Manager,3,On-site,North America,Medium
Data Engineer,2,On-site,North America,Large
Machine Learning Engineer,2,Remote,Europe,Medium
Machine Learning Engineer,2,Remote,North America,Medium
Data Analyst,1,On-site,North America,Medium
Machine Learning Engineer,3,On-site,North America,Medium
Machine Learning Engineer,3,On-site,North America,Medium
Data Analyst,2,On-site,North America,Large
Analytics Engineer,3,Remote,North America,Medium
Machine Learning Engineer,3,On-site,North America,Medium
Other,3,Remote,Asia,Medium
Data Architect,3,Remote,North America,Medium
Data Scientist,3,Remote,North America,Medium
Data Scientist,2,Remote,North America,Medium
Other,3,Remote,North America,Medium
Data Analyst,2,On-site,North America,Medium
ML Engineer,3,Remote,North America,Medium
Data Scientist,3,On-site,Europe,Medium
Data Engineer,3,On-site,North America,Medium
Other,2,On-site,North America,Medium
Data Analyst,2,Remote,North America,Medium
Analytics Engineer,2,Remote,North America,Medium
Data Science,2,On-site,North America,Medium
Data Scientist,2,Remote,Asia,Small
Applied Scientist,1,On-site,North America,Large
ML Engineer,1,On-site,North America,Medium
Data Engineer,3,On-site,North America,Medium
Machine Learning Engineer,2,Hybrid,Asia,Small
Data Engineer,2,On-site,North America,Medium
Data Architect,3,Remote,North America,Medium
Data Scientist,3,Remote,North America,Medium
Data Analyst,2,Remote,North America,Large
Data Scientist,3,Remote,North America,Medium
Data Engineer,3,Remote,North America,Medium
Machine Learning Engineer,3,On-site,North America,Medium
Machine Learning Engineer,2,On-site,North America,Medium
Data Analyst,2,Remote,North America,Medium
Machine Learning Engineer,3,Remote,North America,Medium
Data Scientist,1,On-site,North America,Medium
Data Scientist,2,On-site,North America,Medium
Other,4,On-site,North America,Medium
Data Engineer,2,On-site,North America,Medium
Data Scientist,1,Remote,North America,Small
Machine Learning Engineer,1,On-site,North America,Large
Other,2,On-site,North America,Medium
Data Engineer,3,Remote,North America,Medium
Other,3,On-site,North America,Medium
Data Specialist,2,On-site,North America,Medium
Data Engineer,3,Remote,North America,Medium
Data Engineer,3,On-site,North America,Small
Data Scientist,2,On-site,North America,Medium
Data Analyst,1,On-site,North America,Medium
Data Engineer,1,On-site,North America,Medium
Data Scientist,2,Remote,North America,Small
Data Engineer,3,On-site,North America,Medium
Data Scientist,3,Remote,North America,Medium
Data Engineer,3,On-site,North America,Medium
Data Manager,2,Remote,North America,Medium
Data Scientist,3,On-site,North America,Medium
Data Engineer,3,Remote,North America,Medium
Analytics Engineer,2,Remote,North America,Medium
Research Scientist,2,On-site,North America,Medium
Research Scientist,3,On-site,North America,Medium
Data Scientist,3,On-site,North America,Medium
Data Analyst,2,On-site,North America,Medium
Data Scientist,1,On-site,North America,Medium
Other,2,On-site,North America,Medium
Machine Learning Engineer,3,Remote,North America,Medium
Data Scientist,3,Remote,North America,Medium
Data Scientist,3,Remote,North America,Medium
Data Analyst,3,Remote,Other,Medium
Data Engineer,3,Remote,Europe,Medium
Analytics Engineer,3,Remote,North America,Medium
Data Architect,3,Remote,North America,Medium
Data Scientist,2,Remote,Europe,Medium
Other,1,Hybrid,Europe,Medium
Data Analyst,2,On-site,North America,Medium
Data Engineer,3,On-site,North America,Medium
Data Scientist,3,Remote,Europe,Medium
Data Engineer,3,Remote,North America,Medium
Business Intelligence Engineer,3,Remote,North America,Medium
Business Intelligence Analyst,1,On-site,North America,Medium
Data Engineer,3,Remote,North America,Medium
Other,3,On-site,North America,Medium
Data Architect,3,Remote,North America,Medium
Data Scientist,3,On-site,North America,Medium
Data Scientist,2,On-site,North America,Medium
Business Intelligence Engineer,3,On-site,North America,Medium
Other,4,On-site,North America,Medium
Other,3,Remote,North America,Medium
Machine Learning Scientist,2,Remote,Africa,Medium
Data Scientist,2,On-site,Europe,Medium
Data Scientist,3,Remote,North America,Medium
Data Scientist,3,Remote,North America,Medium
Data Analyst,1,On-site,North America,Medium
Data Scientist,3,On-site,North America,Medium
Data Analyst,3,Remote,North America,Medium
Research Scientist,3,Remote,North America,Medium
Other,2,On-site,Europe,Medium
Business Intelligence Engineer,3,On-site,North America,Large
Business Intelligence Engineer,3,On-site,North America,Medium
Research Analyst,3,On-site,North America,Medium
Other,2,Remote,Europe,Small
Data Analyst,2,On-site,North America,Medium
Data Architect,3,On-site,North America,Medium
Data Analyst,2,Remote,North America,Medium
Machine Learning Engineer,3,On-site,North America,Medium
Data Science Consultant,3,On-site,North America,Medium
Data Scientist,2,On-site,Europe,Medium
Data Analyst,1,On-site,North America,Medium
Data Science Consultant,2,On-site,North America,Medium
Data Analyst,1,Remote,North America,Medium
Data Scientist,3,On-site,North America,Medium
Other,2,Remote,Europe,Medium
Machine Learning Engineer,3,On-site,North America,Medium
Data Scientist,3,On-site,North America,Medium
Business Intelligence Engineer,2,Remote,North America,Medium
Data Engineer,3,Remote,South America,Medium
Machine Learning Engineer,3,On-site,North America,Medium
Data Analyst,3,Remote,Europe,Medium
Analytics Engineer,2,Remote,South America,Medium
Data Scientist,2,On-site,Europe,Medium
Other,3,Hybrid,North America,Large
Data Architect,3,Remote,Europe,Medium
Other,3,Remote,Asia,Large
Data Engineer,2,On-site,North America,Medium
Data Scientist,3,On-site,North America,Medium
Data Analyst,1,On-site,North America,Medium
Machine Learning Engineer,3,On-site,North America,Medium
Data Analyst,3,On-site,North America,Medium
Data Scientist,3,On-site,North America,Medium
Data Engineer,3,On-site,Europe,Medium
Data Analyst,3,On-site,North America,Medium
Other,2,Hybrid,Other,Medium
Data Engineer,2,On-site,Other,Medium
Machine Learning Engineer,2,Remote,North America,Medium
Data Scientist,3,On-site,North America,Medium
Data Scientist,3,On-site,North America,Medium
Data Engineer,3,On-site,North America,Medium
Machine Learning Engineer,1,On-site,North America,Medium
Data Analyst,2,On-site,North America,Medium
Data Analyst,3,Remote,North America,Medium
Other,3,Remote,North America,Medium
Machine Learning Engineer,3,Hybrid,Europe,Large
Data Scientist,2,On-site,Europe,Medium
Data Scientist,2,Hybrid,North America,Large
Data Engineer,4,On-site,North America,Medium
Data Engineer,3,On-site,North America,Medium
Data Engineer,2,On-site,North America,Medium
Other,3,On-site,North America,Medium
Analytics Engineer,2,Remote,North America,Medium
Machine Learning Engineer,3,On-site,North America,Medium
Data Analyst,3,On-site,North America,Medium
Data Scientist,2,Remote,North America,Small
Other,2,Remote,Africa,Small
Data Analyst,1,On-site,North America,Medium
Data Analyst,1,Remote,North America,Medium
Data Analyst,2,Remote,North America,Medium
Research Scientist,2,On-site,North America,Medium
Data Analyst,3,Remote,North America,Medium
Other,3,On-site,North America,Medium
Data Scientist,2,On-site,North America,Medium
Data Analyst,3,Remote,North America,Medium
Data Scientist,3,On-site,North America,Medium
Data Engineer,1,On-site,North America,Medium
Data Scientist,3,Remote,North America,Medium
Data Engineer,3,On-site,Europe,Medium
Applied Scientist,3,Remote,North America,Medium
Data Engineer,3,Remote,North America,Medium
Data Scientist,3,On-site,North America,Medium
Data Engineer,3,On-site,North America,Medium
Research Scientist,3,Remote,North America,Medium
Other,3,Remote,North America,Medium
Machine Learning Engineer,3,On-site,North America,Medium
Other,3,On-site,North America,Medium
Data Scientist,3,Remote,Europe,Medium
Data Scientist,3,Remote,North America,Medium
Machine Learning Engineer,3,On-site,North America,Medium
Other,2,On-site,North America,Medium
Analytics Engineer,2,On-site,Europe,Medium
Research Analyst,2,Remote,North America,Medium
Research Engineer,3,On-site,North America,Medium
Other,1,On-site,North America,Medium
Data Engineer,3,On-site,Europe,Medium
Research Analyst,1,On-site,North America,Medium
Data Scientist,1,On-site,North America,Medium
Machine Learning Engineer,1,On-site,North America,Medium
Data Engineer,3,On-site,North America,Medium
Business Intelligence Engineer,3,On-site,North America,Medium
Data Scientist,3,Remote,North America,Medium
Other,3,Remote,North America,Medium
Other,3,Remote,Europe,Large
Data Science Manager,3,On-site,North America,Medium
Data Scientist,1,Hybrid,Europe,Large
Data Scientist,2,Remote,Europe,Medium
Data Scientist,3,On-site,North America,Medium
Data Engineer,2,Remote,North America,Medium
Data Scientist,3,On-site,North America,Large
Other,3,Remote,North America,Medium
Data Analyst,3,On-site,North America,Medium
Data Analyst,1,Hybrid,North America,Medium
Other,1,Hybrid,Europe,Medium
Data Analyst,3,On-site,North America,Medium
Data Analyst,2,On-site,North America,Medium
Data Scientist,2,Remote,Europe,Medium
Business Intelligence Analyst,3,On-site,North America,Medium
Machine Learning Engineer,3,On-site,North America,Medium
Data Analyst,2,On-site,North America,Medium
Data Science Manager,3,Remote,North America,Medium
Other,3,Remote,Other,Large
Data Engineer,3,On-site,Europe,Medium
Data Engineer,3,Remote,South America,Medium
Other,1,Remote,North America,Medium
Analytics Engineer,3,Remote,North America,Medium
Data Engineer,2,On-site,North America,Medium
Data Architect,3,Remote,North America,Medium
Data Engineer,2,Remote,Europe,Medium
Data Engineer,3,Remote,North America,Medium
Data Engineer,3,Remote,North America,Medium
Other,3,Remote,North America,Medium
Data Engineer,2,On-site,Other,Medium
Data Science Consultant,3,On-site,North America,Medium
Data Analyst,3,Remote,North America,Medium
Data Scientist,3,Remote,North America,Medium
Data Engineer,2,Remote,Europe,Medium
Data Scientist,3,Remote,North America,Medium
Business Intelligence Analyst,2,On-site,North America,Medium
Data Engineer,2,Remote,North America,Medium
Data Scientist,3,Remote,North America,Medium
Data Engineer,3,Remote,North America,Medium
Data Scientist,3,On-site,Europe,Medium
Machine Learning Engineer,2,On-site,Europe,Medium
Data Analyst,3,Remote,Europe,Small
Machine Learning Engineer,2,Remote,Europe,Medium
Data Architect,3,On-site,North America,Medium
Analytics Engineer,2,On-site,North America,Medium
Data Engineer,2,On-site,Europe,Medium
ML Engineer,2,Remote,North America,Medium
Data Scientist,3,On-site,North America,Medium
Data Engineer,3,Remote,North America,Medium
Data Science Consultant,2,On-site,North America,Medium
Analytics Engineer,3,On-site,North America,Medium
Data Scientist,2,Remote,North America,Medium
Data Engineer,2,On-site,North America,Medium
Machine Learning Engineer,3,On-site,North America,Medium
Research Engineer,3,On-site,North America,Large
Data Scientist,3,On-site,North America,Medium
Data Analyst,2,On-site,North America,Medium
Data Engineer,3,Remote,North America,Medium
Research Engineer,3,Remote,North America,Medium
Data Scientist,3,Remote,North America,Medium
Data Engineer,3,Remote,North America,Medium
Other,2,Remote,Europe,Small
Applied Scientist,3,On-site,North America,Medium
Data Analyst,3,Remote,North America,Medium
Data Engineer,3,Remote,South America,Medium
Data Scientist,3,Remote,North America,Large
Data Scientist,3,On-site,North America,Medium
Other,4,On-site,Europe,Medium
Data Analyst,2,Remote,North America,Medium
Data Analyst,3,Remote,North America,Large
Data Analyst,3,Remote,North America,Medium
Machine Learning Engineer,1,Remote,North America,Small
Data Engineer,3,Remote,North America,Medium
Data Analyst,2,Remote,North America,Medium
Data Engineer,2,On-site,North America,Medium
Data Scientist,3,On-site,North America,Medium
Data Engineer,2,Remote,North America,Medium
Data Scientist,2,On-site,Europe,Medium
Other,2,On-site,North America,Medium
Analytics Engineer,3,Remote,North America,Large
Data Scientist,2,On-site,Other,Medium
Data Engineer,3,On-site,North America,Medium
Research Scientist,3,On-site,North America,Medium
Data Scientist,3,Remote,North America,Medium
Data Engineer,2,Remote,Europe,Medium
Data Analyst,3,Remote,North America,Medium
Machine Learning Engineer,3,On-site,North America,Medium
Data Architect,3,On-site,North America,Medium
Data Engineer,3,Remote,North America,Medium
Other,3,On-site,Europe,Medium
Data Engineer,3,On-site,North America,Medium
Data Analyst,3,Hybrid,Europe,Large
Research Scientist,3,On-site,North America,Medium
Machine Learning Engineer,3,Remote,North America,Medium
Data Analyst,1,On-site,North America,Medium
Data Scientist,2,Remote,North America,Medium
Data Analyst,2,On-site,North America,Medium
Data Engineer,3,On-site,North America,Medium
Other,3,On-site,North America,Medium
Data Engineer,3,On-site,North America,Medium
Data Engineer,2,Remote,North America,Medium
Data Scientist,3,Remote,North America,Medium
Other,3,Remote,Europe,Medium
Analytics Engineer,3,On-site,North America,Medium
Data Engineer,2,Remote,North America,Medium
Data Analyst,1,On-site,North America,Medium
Machine Learning Engineer,2,On-site,North America,Medium
Data Analyst,2,On-site,North America,Small
Data Scientist,2,On-site,Oceania,Medium
Data Scientist,2,Remote,Europe,Small
Data Scientist,3,On-site,North America,Medium
Data Engineer,3,Remote,North America,Medium
Data Engineer,3,On-site,North America,Large
Machine Learning Engineer,3,On-site,North America,Medium
Machine Learning Engineer,3,Remote,North America,Medium
Data Scientist,3,On-site,North America,Medium
Other,2,Remote,North America,Large
Other,3,Remote,North America,Medium
Data Analyst,3,On-site,North America,Medium
Data Engineer,3,On-site,North America,Medium
Data Analyst,3,Remote,North America,Medium
Other,3,Remote,North America,Medium
Data Scientist,3,On-site,North America,Medium
Data Scientist,3,On-site,North America,Medium
Data Scientist,2,Hybrid,Europe,Small
Data Manager,3,On-site,Europe,Medium
Data Analyst,2,On-site,Oceania,Medium
Data Scientist,2,On-site,North America,Medium
Machine Learning Engineer,3,Hybrid,North America,Large
Data Engineer,3,On-site,North America,Medium
Other,3,On-site,North America,Medium
Other,1,Remote,Europe,Medium
Data Engineer,2,On-site,North America,Medium
Data Analyst,2,Remote,North America,Medium
Machine Learning Engineer,3,On-site,North America,Medium
Data Analyst,2,Remote,North America,Medium
Data Analyst,3,Remote,Europe,Medium
Other,4,Remote,Europe,Medium
Other,3,Remote,North America,Small
Data Engineer,2,Remote,North America,Medium
Data Engineer,3,Remote,North America,Medium
Research Analyst,3,Remote,Europe,Medium
Other,3,Remote,Europe,Medium
Data Analyst,1,On-site,North America,Medium
Data Scientist,3,On-site,North America,Medium
Research Scientist,3,On-site,North America,Medium
Data Scientist,2,Remote,North America,Medium
Data Engineer,3,On-site,North America,Medium
Data Engineer,4,On-site,North America,Medium
Data Analyst,2,On-site,Other,Medium
Data Science Consultant,2,On-site,Europe,Medium
Data Engineer,3,Remote,North America,Medium
Data Scientist,3,On-site,North America,Medium
Data Engineer,3,On-site,North America,Medium
Data Architect,3,On-site,Europe,Medium
Data Engineer,3,Remote,North America,Medium
Data Engineer,2,Remote,Europe,Medium
Machine Learning Engineer,3,Remote,Europe,Small
Data Scientist,3,Remote,North America,Medium
ML Engineer,3,Remote,North America,Medium
Data Engineer,3,Remote,North America,Medium
Data Engineer,4,On-site,North America,Medium
Data Engineer,2,On-site,North America,Medium
Other,3,On-site,North America,Large
Business Intelligence Analyst,2,On-site,North America,Medium
Data Analyst,3,Remote,North America,Medium
Analytics Engineer,2,Remote,North America,Medium
Data Analyst,3,On-site,North America,Medium
Data Scientist,3,On-site,North America,Medium
Research Scientist,2,On-site,North America,Medium
Machine Learning Engineer,3,On-site,North America,Medium
Data Analyst,2,Remote,North America,Medium
Data Scientist,2,On-site,North America,Medium
Other,1,Remote,Asia,Large
Research Scientist,3,On-site,North America,Large
Data Engineer,3,Remote,North America,Medium
Machine Learning Engineer,3,On-site,North America,Medium
Analytics Engineer,2,On-site,Europe,Medium
Data Scientist,3,Remote,North America,Medium
Other,1,On-site,Other,Small
Other,2,On-site,Europe,Medium
Machine Learning Engineer,3,On-site,North America,Medium
Data Scientist,2,Remote,North America,Medium
Data Engineer,2,On-site,North America,Medium
Data Scientist,1,Hybrid,Europe,Large
Other,2,Remote,North America,Medium
Data Scientist,3,Remote,North America,Medium
Research Scientist,2,On-site,North America,Medium
Other,4,Remote,North America,Medium
Machine Learning Engineer,3,On-site,North America,Medium
Other,1,Hybrid,Europe,Large
Data Analyst,3,Remote,North America,Medium
Data Scientist,3,On-site,North America,Medium
Machine Learning Engineer,3,On-site,South America,Medium
Data Engineer,3,On-site,North America,Medium
Data Architect,3,Remote,North America,Medium
Data Analyst,3,On-site,North America,Medium
AI Engineer,3,On-site,North America,Medium
Research Scientist,4,On-site,North America,Medium
Other,3,On-site,North America,Medium
Data Engineer,2,On-site,North America,Medium
Data Scientist,3,On-site,Other,Medium
Data Analyst,1,On-site,North America,Medium
Business Intelligence Analyst,3,On-site,North America,Medium
Research Scientist,2,Remote,North America,Medium
Data Scientist,2,Remote,North America,Medium
Applied Scientist,2,Hybrid,Africa,Medium
Data Scientist,4,On-site,North America,Medium
Data Scientist,3,On-site,North America,Medium
Data Engineer,2,On-site,North America,Medium
Machine Learning Scientist,3,Remote,North America,Medium
Data Analyst,3,On-site,North America,Medium
Other,2,Hybrid,Asia,Large
Data Scientist,3,Remote,North America,Medium
Data Engineer,3,On-site,North America,Medium
Data Scientist,3,On-site,North America,Medium
Data Analyst,2,On-site,North America,Medium
Data Scientist,1,Remote,Asia,Medium
Business Intelligence Engineer,3,On-site,North America,Medium
Data Scientist,3,On-site,North America,Medium
Data Scientist,3,Remote,North America,Medium
Data Engineer,3,On-site,North America,Medium
Data Engineer,2,On-site,North America,Large
Data Analyst,2,Remote,North America,Medium
Other,2,On-site,Europe,Medium
Business Intelligence Engineer,2,On-site,North America,Large
Other,4,Remote,Europe,Medium
Machine Learning Engineer,3,Remote,North America,Large
Other,4,On-site,North America,Medium
Data Science Manager,2,Remote,North America,Medium
Data Manager,2,On-site,North America,Medium
Data Analyst,1,On-site,North America,Medium
Machine Learning Engineer,2,On-site,Europe,Medium
Data Analyst,1,On-site,North America,Medium
Machine Learning Engineer,3,On-site,North America,Medium
Data Engineer,2,On-site,North America,Medium
Data Scientist,2,On-site,North America,Medium
Data Analyst,1,On-site,North America,Medium
Data Engineer,3,On-site,North America,Medium
Data Architect,3,On-site,North America,Medium
Machine Learning Engineer,3,Remote,North America,Medium
Data Scientist,3,On-site,North America,Medium
Analytics Engineer,3,Remote,North America,Medium
Machine Learning Engineer,3,On-site,North America,Medium
Applied Scientist,2,On-site,North America,Large
Data Engineer,3,On-site,North America,Medium
Research Scientist,3,On-site,North America,Medium
Analytics Engineer,3,On-site,North America,Medium
Data Scientist,3,On-site,North America,Medium
Other,2,On-site,North America,Medium
Research Scientist,1,On-site,North America,Medium
Applied Scientist,3,Remote,North America,Medium
Data Scientist,3,On-site,North America,Medium
Machine Learning Engineer,3,On-site,North America,Medium
Data Scientist,3,Remote,North America,Medium
Data Science Consultant,3,On-site,North America,Medium
Data Scientist,3,On-site,North America,Medium
Data Engineer,3,Remote,North America,Medium
Data Architect,3,Remote,North America,Medium
AI Engineer,3,Remote,North America,Medium
ML Engineer,2,On-site,North America,Medium
Research Scientist,3,On-site,North America,Medium
Data Engineer,3,On-site,Africa,Medium
Data Engineer,2,On-site,North America,Medium
Business Intelligence Analyst,2,Remote,North America,Medium
Other,3,On-site,North America,Medium
Data Engineer,2,On-site,North America,Medium
Analytics Engineer,2,On-site,North America,Medium
Data Analyst,2,Remote,North America,Medium
Data Scientist,3,On-site,North America,Medium
Data Analyst,2,On-site,Europe,Medium
Data Engineer,3,Remote,Europe,Medium
Data Analyst,3,Remote,North America,Medium
Data Analyst,3,Remote,North America,Medium
Data Engineer,2,On-site,South America,Medium
Machine Learning Engineer,3,On-site,North America,Medium
Other,1,On-site,North America,Medium
Data Engineer,3,Remote,North America,Medium
Data Scientist,3,Remote,North America,Medium
Data Scientist,3,On-site,North America,Medium
Other,2,On-site,North America,Medium
Data Scientist,2,Remote,Europe,Medium
Other,1,On-site,North America,Medium
Data Scientist,2,On-site,North America,Medium
Data Engineer,3,On-site,North America,Medium
Business Intelligence Analyst,3,Remote,North America,Medium
Data Analyst,3,On-site,Europe,Medium
Data Analyst,3,Remote,North America,Medium
Research Analyst,3,Remote,Europe,Medium
Data Engineer,4,On-site,North America,Medium
Data Analyst,3,Remote,North America,Medium
Research Scientist,2,On-site,Europe,Medium
Other,3,On-site,North America,Medium
Data Analyst,3,Remote,North America,Medium
Data Engineer,3,On-site,North America,Medium
Data Engineer,2,On-site,North America,Medium
Data Engineer,3,Remote,North America,Medium
Research Scientist,3,On-site,North America,Medium
Other,2,Remote,North America,Medium
Data Engineer,2,On-site,North America,Medium
Data Scientist,2,Hybrid,Europe,Medium
Data Scientist,3,On-site,North America,Medium
Other,3,Hybrid,Europe,Large
Machine Learning Engineer,3,On-site,North America,Medium
Data Engineer,4,Remote,North America,Medium
Other,3,Remote,North America,Large
Data Architect,3,On-site,North America,Medium
Other,3,On-site,North America,Medium
Machine Learning Engineer,3,On-site,North America,Medium
Other,4,On-site,North America,Medium
Data Analyst,2,On-site,North America,Medium
Data Analyst,3,On-site,North America,Medium
Analytics Engineer,3,On-site,North America,Medium
Data Scientist,4,Remote,North America,Medium
Research Scientist,3,On-site,North America,Medium
Research Engineer,2,On-site,North America,Medium
Applied Scientist,3,Remote,North America,Medium
Data Architect,3,On-site,North America,Medium
Data Engineer,2,Remote,Europe,Medium
Data Science,3,Remote,North America,Medium
Data Engineer,3,On-site,North America,Medium
Data Engineer,3,Remote,North America,Medium
Research Scientist,2,On-site,Europe,Large
ML Engineer,2,Remote,North America,Large
Data Analyst,3,On-site,North America,Medium
Research Analyst,1,Remote,North America,Medium
Data Engineer,2,On-site,North America,Medium
Data Architect,3,Remote,North America,Medium
Machine Learning Engineer,1,On-site,North America,Small
Data Scientist,3,On-site,North America,Medium
AI Engineer,3,On-site,North America,Medium
Data Scientist,3,On-site,North America,Medium
Data Engineer,4,On-site,North America,Medium
Data Scientist,1,On-site,North America,Medium
Other,2,On-site,North America,Medium
Business Intelligence Engineer,3,On-site,North America,Medium
Data Architect,4,On-site,North America,Medium
Data Engineer,3,Remote,North America,Medium
Data Science,3,Remote,North America,Medium
Other,3,Remote,Europe,Medium
Other,3,Remote,North America,Medium
Data Architect,3,Remote,North America,Medium
Data Scientist,3,On-site,North America,Medium
Other,3,On-site,North America,Medium
Other,3,Remote,North America,Medium
Business Intelligence Analyst,1,On-site,North America,Medium
Data Scientist,3,Remote,North America,Medium
Data Science Consultant,2,Remote,Other,Small
Data Scientist,3,On-site,North America,Medium
Data Scientist,3,On-site,North America,Medium
Other,4,On-site,Europe,Medium
Data Scientist,3,Remote,North America,Medium
Data Scientist,2,On-site,North America,Medium
Data Engineer,3,On-site,North America,Medium
Data Scientist,3,On-site,North America,Medium
Data Analyst,4,On-site,North America,Medium
Data Engineer,3,On-site,North America,Medium
Data Scientist,3,Remote,North America,Medium
Analytics Engineer,3,On-site,North America,Medium
Other,2,On-site,Africa,Medium
Data Scientist,4,Remote,North America,Medium
Machine Learning Engineer,2,On-site,North America,Medium
Research Engineer,3,On-site,North America,Medium
Research Analyst,1,Remote,North America,Medium
Data Scientist,3,On-site,North America,Medium
Machine Learning Engineer,3,On-site,North America,Medium
Machine Learning Engineer,3,Remote,North America,Medium
Data Scientist,2,Hybrid,Other,Small
Other,2,On-site,North America,Medium
Other,3,On-site,North America,Medium
Research Engineer,3,On-site,North America,Medium
Data Analyst,1,On-site,North America,Medium
Data Scientist,3,On-site,North America,Medium
Data Analyst,2,On-site,North America,Medium
Data Scientist,3,Remote,North America,Medium
Data Engineer,1,Remote,North America,Large
Other,2,Remote,North America,Medium
Other,3,Remote,North America,Medium
Other,3,On-site,North America,Medium
Machine Learning Engineer,3,On-site,North America,Medium
Other,4,On-site,North America,Medium
Other,3,Remote,North America,Medium
ML Engineer,2,On-site,North America,Medium
Data Analyst,3,Remote,North America,Medium
ML Engineer,3,On-site,North America,Medium
Machine Learning Engineer,3,On-site,North America,Medium
Research Engineer,2,On-site,North America,Medium
Data Analyst,2,On-site,Europe,Medium
Other,1,Hybrid,Europe,Small
Data Scientist,2,Remote,North America,Medium
Data Architect,3,Remote,North America,Medium
Research Engineer,1,On-site,North America,Medium
Data Manager,2,On-site,North America,Medium
Data Engineer,2,On-site,North America,Medium
Other,3,On-site,North America,Medium
Machine Learning Engineer,3,Remote,North America,Medium
Research Engineer,3,On-site,North America,Medium
Business Intelligence Engineer,2,On-site,Europe,Medium
Data Engineer,3,Remote,North America,Medium
Data Science,4,On-site,North America,Medium
Data Engineer,2,Remote,North America,Large
Data Analyst,2,Remote,North America,Medium
Data Analyst,3,Remote,North America,Medium
Machine Learning Engineer,2,Remote,North America,Small
Machine Learning Engineer,1,On-site,North America,Medium
Research Scientist,1,On-site,North America,Medium
Data Engineer,2,Remote,Europe,Medium
Data Engineer,3,Remote,North America,Medium
Data Scientist,3,On-site,North America,Medium
Data Scientist,1,Hybrid,Europe,Large
Data Analyst,2,On-site,North America,Medium
Data Science Manager,3,On-site,North America,Medium
Research Scientist,4,On-site,North America,Medium
Machine Learning Engineer,3,On-site,North America,Medium
Data Analyst,3,Remote,North America,Medium
Data Engineer,3,Remote,North America,Medium
Machine Learning Engineer,3,Remote,Asia,Large
Data Specialist,2,On-site,North America,Medium
Data Analyst,3,On-site,North America,Medium
Data Engineer,3,On-site,North America,Medium
Machine Learning Engineer,2,On-site,North America,Medium
Data Engineer,3,On-site,Europe,Medium
Data Engineer,2,On-site,North America,Medium
Machine Learning Scientist,3,On-site,North America,Medium
Data Engineer,2,Remote,North America,Medium
Data Manager,4,On-site,North America,Medium
Other,3,Remote,North America,Medium
Applied Scientist,3,On-site,North America,Medium
Data Engineer,2,Remote,North America,Medium
Data Scientist,3,On-site,North America,Medium
Data Analyst,3,On-site,North America,Medium
Data Architect,3,On-site,North America,Medium
Data Engineer,3,Remote,North America,Medium
Applied Scientist,3,On-site,North America,Medium
Business Intelligence Engineer,4,On-site,North America,Medium
Data Scientist,2,On-site,Asia,Large
Research Scientist,3,On-site,North America,Medium
Machine Learning Engineer,3,On-site,North America,Medium
Business Intelligence Engineer,3,On-site,North America,Medium
Data Scientist,3,On-site,North America,Medium
Other,4,Remote,North America,Medium
Analytics Engineer,2,On-site,North America,Medium
Research Engineer,3,On-site,North America,Medium
Analytics Engineer,4,On-site,North America,Medium
Other,3,On-site,North America,Medium
Data Engineer,3,Remote,North America,Medium
Data Analyst,3,Remote,North America,Medium
Analytics Engineer,2,On-site,North America,Medium
Data Analyst,2,On-site,North America,Medium
Data Scientist,2,On-site,North America,Medium
Other,4,Remote,Europe,Medium
Machine Learning Engineer,3,On-site,North America,Medium
Data Architect,2,On-site,Europe,Medium
Other,2,Remote,Europe,Medium
Other,1,Hybrid,North America,Small
AI Engineer,2,On-site,North America,Medium
Other,4,On-site,North America,Medium
Data Engineer,1,On-site,Europe,Medium
Data Engineer,3,Remote,North America,Large
Research Analyst,3,On-site,North America,Medium
Research Engineer,2,Remote,Europe,Medium
Data Engineer,2,Hybrid,Europe,Large
Data Scientist,3,Remote,North America,Large
Data Engineer,3,On-site,North America,Medium
Data Analyst,3,On-site,North America,Medium
Machine Learning Engineer,2,On-site,North America,Medium
Machine Learning Scientist,3,On-site,North America,Medium
Research Analyst,3,On-site,North America,Medium
Data Analyst,1,On-site,North America,Medium
Data Architect,2,Remote,North America,Large
Data Engineer,3,On-site,North America,Medium
Machine Learning Engineer,3,Remote,North America,Medium
Data Engineer,3,On-site,North America,Medium
Other,3,Remote,North America,Large
Data Engineer,3,On-site,North America,Medium
Other,3,On-site,North America,Medium
Business Intelligence Analyst,2,Remote,North America,Medium
Research Scientist,3,On-site,North America,Medium
Data Scientist,2,Remote,North America,Medium
Data Analyst,3,Remote,North America,Small
Data Engineer,3,Remote,North America,Medium
Data Scientist,1,On-site,North America,Medium
Data Scientist,3,Remote,North America,Medium
Data Scientist,1,Hybrid,Europe,Medium
Data Scientist,2,Remote,North America,Medium
Other,3,Hybrid,Europe,Large
Data Scientist,3,On-site,North America,Medium
Applied Scientist,3,On-site,North America,Medium
Other,2,Hybrid,Africa,Large
Machine Learning Engineer,2,On-site,North America,Large
Data Engineer,2,On-site,North America,Medium
Machine Learning Engineer,1,On-site,North America,Medium
Data Scientist,3,Remote,North America,Medium
Business Intelligence Analyst,3,Remote,North America,Medium
Data Engineer,3,On-site,North America,Medium
Machine Learning Engineer,3,Remote,North America,Medium
Other,2,On-site,North America,Medium
Data Scientist,3,Remote,North America,Medium
Data Engineer,2,Remote,North America,Medium
Data Scientist,2,On-site,Asia,Large
Data Engineer,3,On-site,North America,Medium
Data Scientist,3,Remote,North America,Medium
Data Analyst,3,On-site,North America,Medium
Data Analyst,3,On-site,North America,Medium
Data Architect,3,Remote,Europe,Medium
ML Engineer,3,Remote,North America,Medium
Machine Learning Engineer,3,On-site,North America,Medium
Other,3,Remote,North America,Medium
Data Engineer,3,On-site,North America,Medium
Data Architect,3,On-site,North America,Medium
Business Intelligence Analyst,2,Remote,North America,Medium
Data Engineer,3,On-site,North America,Medium
Data Engineer,2,Remote,Europe,Medium
Data Engineer,2,Remote,North America,Medium
Data Analyst,2,Remote,North America,Medium
Data Scientist,3,On-site,North America,Medium
Data Analyst,3,On-site,North America,Medium
Data Engineer,3,Remote,North America,Medium
Data Scientist,3,On-site,North America,Medium
Machine Learning Engineer,2,On-site,North America,Medium
Data Engineer,3,On-site,North America,Medium
Machine Learning Engineer,2,Hybrid,North America,Large
Data Engineer,3,Remote,North America,Medium
Analytics Engineer,2,Remote,North America,Medium
Data Engineer,3,Remote,North America,Medium
Machine Learning Engineer,3,On-site,North America,Medium
Data Engineer,2,On-site,North America,Medium
Data Engineer,2,Hybrid,Europe,Large
Data Engineer,2,Remote,Europe,Medium
Data Scientist,2,Remote,North America,Small
Data Analyst,2,On-site,Europe,Medium
Data Engineer,3,Remote,North America,Medium
Data Scientist,3,On-site,North America,Medium
Research Scientist,2,Remote,North America,Medium
Data Analyst,3,Remote,North America,Medium
Data Specialist,3,On-site,North America,Medium
Other,4,Remote,North America,Large
Analytics Engineer,3,On-site,Europe,Medium
Other,2,On-site,North America,Medium
Data Architect,3,Remote,North America,Medium
Machine Learning Engineer,3,On-site,North America,Medium
Data Engineer,3,On-site,North America,Medium
Research Engineer,1,On-site,North America,Medium
Other,3,Hybrid,North America,Large
Data Specialist,2,On-site,North America,Medium
Data Analyst,2,On-site,Europe,Medium
Data Architect,2,On-site,North America,Medium
Analytics Engineer,3,On-site,North America,Medium
Other,3,Hybrid,South America,Large
Analytics Engineer,3,Remote,North America,Medium
Other,3,On-site,North America,Medium
Other,3,Hybrid,North America,Medium
Data Engineer,1,Remote,North America,Medium
Data Manager,1,On-site,North America,Medium
Data Scientist,3,On-site,North America,Medium
Data Engineer,3,Remote,North America,Medium
Data Scientist,3,Remote,North America,Medium
Machine Learning Engineer,1,Remote,North America,Medium
Other,3,On-site,North America,Medium
Data Engineer,3,Remote,North America,Medium
Data Scientist,2,On-site,North America,Medium
Data Scientist,3,Remote,North America,Medium
Research Scientist,2,Hybrid,Europe,Medium
Data Analyst,2,On-site,North America,Medium
Data Engineer,3,On-site,North America,Medium
Data Manager,3,On-site,North America,Medium
Research Engineer,3,On-site,North America,Medium
Other,2,On-site,Europe,Medium
Data Scientist,4,Remote,North America,Medium
Other,3,Remote,North America,Small
Analytics Engineer,3,Remote,North America,Medium
Data Engineer,3,Remote,North America,Medium
Data Engineer,3,On-site,North America,Medium
Data Analyst,3,On-site,North America,Medium
Research Analyst,3,On-site,North America,Medium
Machine Learning Scientist,3,On-site,North America,Medium
Research Analyst,1,On-site,North America,Medium
Data Scientist,3,Remote,North America,Medium
Data Scientist,3,On-site,North America,Medium
Business Intelligence Analyst,2,Remote,North America,Medium
Other,3,Remote,South America,Medium
Data Scientist,2,On-site,North America,Large
Data Engineer,1,On-site,Europe,Medium
Data Scientist,3,Remote,Europe,Large
Data Analyst,3,On-site,North America,Medium
Data Architect,3,On-site,North America,Medium
Other,3,On-site,North America,Medium
Machine Learning Engineer,3,On-site,North America,Medium
Data Analyst,4,On-site,North America,Medium
Data Analyst,3,Remote,North America,Medium
Other,4,Remote,North America,Small
Data Scientist,3,On-site,North America,Medium
Other,3,On-site,North America,Medium
Other,3,Remote,North America,Medium
Research Scientist,3,On-site,North America,Medium
Business Intelligence Analyst,1,On-site,North America,Medium
Machine Learning Engineer,3,Remote,North America,Medium
Data Engineer,2,On-site,North America,Medium
Data Scientist,2,On-site,North America,Medium
Business Intelligence Analyst,3,On-site,North America,Medium
Data Engineer,3,On-site,North America,Medium
Data Engineer,3,On-site,North America,Medium
Analytics Engineer,3,On-site,North America,Medium
Data Scientist,2,On-site,North America,Medium
Other,3,On-site,North America,Medium
Other,3,Remote,North America,Medium
Machine Learning Engineer,3,On-site,North America,Medium
Data Engineer,3,On-site,North America,Medium
Machine Learning Engineer,3,Remote,North America,Medium
Data Engineer,1,On-site,North America,Medium
Data Analyst,3,On-site,North America,Medium
Machine Learning Engineer,3,On-site,North America,Medium
Other,3,On-site,North America,Medium
Data Scientist,3,Remote,North America,Medium
Data Engineer,3,Remote,North America,Medium
Data Analyst,1,On-site,North America,Medium
Data Analyst,3,Remote,North America,Medium
Machine Learning Engineer,3,On-site,North America,Medium
Business Intelligence Engineer,3,On-site,North America,Medium
Data Engineer,3,On-site,North America,Medium
Data Manager,3,On-site,North America,Medium
Data Engineer,2,Remote,Europe,Large
Machine Learning Engineer,3,On-site,North America,Medium
Data Analyst,3,Remote,North America,Medium
Applied Scientist,2,On-site,North America,Medium
Data Scientist,2,On-site,North America,Medium
Data Analyst,2,Remote,North America,Medium
Machine Learning Engineer,2,On-site,North America,Medium
Data Scientist,3,Remote,North America,Medium
Other,2,On-site,North America,Medium
Machine Learning Engineer,3,Remote,North America,Medium
Data Scientist,3,Remote,North America,Medium
Machine Learning Engineer,3,On-site,North America,Medium
Data Engineer,1,Hybrid,Europe,Medium
Machine Learning Engineer,3,On-site,North America,Large
Machine Learning Engineer,3,On-site,North America,Medium
Data Analyst,3,On-site,North America,Medium
Machine Learning Engineer,3,Remote,Other,Small
Data Engineer,3,On-site,Europe,Medium
Data Analyst,2,On-site,North America,Medium
Data Architect,3,Remote,North America,Medium
Data Engineer,3,Remote,North America,Medium
Other,4,Hybrid,Europe,Large
Other,2,Remote,South America,Large
Analytics Engineer,3,Remote,North America,Medium
Machine Learning Engineer,3,On-site,North America,Medium
Data Analyst,1,On-site,Oceania,Medium
Data Analyst,2,Remote,North America,Medium
Data Manager,3,On-site,North America,Medium
ML Engineer,3,Remote,North America,Medium
Machine Learning Engineer,3,On-site,North America,Medium
Other,1,On-site,Asia,Small
Analytics Engineer,2,On-site,North America,Medium
Data Scientist,3,On-site,North America,Medium
Data Engineer,3,Remote,North America,Medium
Data Engineer,4,Remote,North America,Medium
Other,2,Hybrid,North America,Medium
Business Intelligence Analyst,3,Remote,North America,Medium
Data Engineer,3,On-site,North America,Medium
Machine Learning Engineer,3,Remote,North America,Medium
Data Scientist,2,On-site,North America,Medium
Data Scientist,3,Remote,North America,Medium
Data Scientist,3,Remote,Asia,Large
Data Scientist,3,On-site,North America,Medium
Data Analyst,1,On-site,North America,Medium
Machine Learning Engineer,3,On-site,North America,Medium
Data Scientist,3,On-site,North America,Medium
Data Scientist,3,On-site,North America,Medium
Machine Learning Engineer,3,Remote,North America,Medium
Data Science Manager,3,Remote,North America,Medium
Data Scientist,2,On-site,Europe,Medium
Data Architect,3,On-site,North America,Medium
Data Scientist,3,On-site,North America,Medium
Data Scientist,3,Remote,North America,Medium
Data Engineer,3,On-site,North America,Medium
Data Scientist,3,Remote,North America,Medium
Other,3,Remote,North America,Medium
Machine Learning Engineer,3,On-site,North America,Medium
Research Scientist,3,On-site,North America,Medium
Data Science Manager,2,On-site,North America,Medium
Data Engineer,2,Remote,Europe,Small
Machine Learning Scientist,3,Remote,North America,Medium
Data Analyst,3,Remote,North America,Medium
Research Engineer,3,On-site,North America,Medium
Data Analyst,3,Remote,North America,Medium
Data Scientist,3,On-site,North America,Medium
Other,3,On-site,North America,Medium
Machine Learning Engineer,3,Remote,North America,Medium
Data Scientist,1,On-site,North America,Medium
Data Scientist,3,On-site,North America,Medium
Data Engineer,2,Remote,Europe,Medium
Business Intelligence Analyst,3,On-site,North America,Medium
Other,3,On-site,North America,Medium
Other,4,On-site,North America,Medium
Data Engineer,3,Remote,North America,Medium
AI Engineer,2,Remote,Other,Medium
Data Scientist,3,Remote,North America,Medium
Data Analyst,3,Remote,North America,Medium
Data Analyst,1,On-site,North America,Medium
Other,3,On-site,North America,Medium
Data Analyst,2,On-site,North America,Medium
Data Scientist,3,On-site,North America,Medium
Machine Learning Engineer,3,Remote,North America,Medium
Data Scientist,3,On-site,North America,Medium
Research Scientist,2,On-site,Europe,Small
Data Scientist,3,Remote,North America,Medium
Other,2,On-site,North America,Medium
Data Analyst,3,On-site,North America,Medium
Data Engineer,3,Remote,North America,Medium
Machine Learning Scientist,2,On-site,North America,Medium
Data Scientist,3,On-site,North America,Medium
Other,3,On-site,North America,Medium
Data Scientist,3,On-site,North America,Medium
Data Scientist,3,On-site,Oceania,Medium
Business Intelligence Analyst,2,Remote,North America,Medium
Data Engineer,3,Remote,Europe,Medium
Other,3,On-site,North America,Medium
Data Engineer,3,On-site,North America,Medium
Research Scientist,3,On-site,North America,Medium
Data Scientist,2,On-site,North America,Medium
Data Analyst,2,On-site,North America,Medium
Other,2,On-site,North America,Medium
Business Intelligence Engineer,3,On-site,North America,Medium
Data Scientist,3,On-site,North America,Medium
Other,3,On-site,North America,Medium
Other,2,Remote,Oceania,Medium
Data Analyst,3,On-site,North America,Medium
Data Analyst,3,Remote,North America,Medium
Analytics Engineer,3,Remote,North America,Medium
Other,2,Remote,North America,Medium
Data Analyst,2,On-site,North America,Medium
Data Scientist,3,On-site,North America,Medium
Other,2,On-site,Europe,Medium
Data Scientist,2,On-site,North America,Medium
Data Scientist,2,On-site,North America,Medium
Data Scientist,3,On-site,North America,Medium
Data Analyst,1,On-site,Europe,Medium
Data Architect,3,On-site,North America,Medium
Research Analyst,2,On-site,North America,Medium
Data Engineer,3,On-site,North America,Medium
Research Engineer,1,On-site,North America,Medium
Machine Learning Scientist,2,On-site,North America,Medium
Data Analyst,3,On-site,North America,Medium
Other,3,On-site,North America,Medium
Data Scientist,3,Remote,North America,Medium
Other,2,On-site,Europe,Medium
Data Analyst,3,On-site,Europe,Medium
Data Engineer,3,Remote,North America,Medium
Other,3,Hybrid,Europe,Medium
Other,2,On-site,Africa,Small
Machine Learning Engineer,3,On-site,North America,Medium
Data Engineer,3,On-site,North America,Medium
Data Analyst,3,Remote,North America,Medium
Machine Learning Engineer,3,On-site,North America,Medium
Data Architect,3,On-site,North America,Medium
Data Analyst,1,Remote,North America,Medium
Other,4,Remote,Europe,Large
Machine Learning Engineer,3,On-site,Europe,Medium
Data Engineer,3,Remote,North America,Medium
Machine Learning Scientist,2,Remote,North America,Large
ML Engineer,3,Remote,North America,Medium
Data Engineer,3,On-site,North America,Medium
Data Scientist,2,Remote,North America,Large
Business Intelligence Engineer,2,Remote,North America,Medium
Other,2,Hybrid,Asia,Large
Data Engineer,3,Remote,North America,Medium
Data Scientist,3,On-site,North America,Medium
Other,3,On-site,North America,Medium
Data Manager,2,On-site,North America,Large
Machine Learning Engineer,3,On-site,North America,Medium
Data Engineer,3,Remote,North America,Medium
Research Scientist,2,On-site,North America,Medium
Data Scientist,2,Remote,South America,Large
Applied Scientist,3,On-site,North America,Medium
Analytics Engineer,3,On-site,North America,Medium
Machine Learning Engineer,2,On-site,North America,Medium
Data Engineer,3,On-site,North America,Medium
Research Scientist,3,On-site,North America,Medium
Data Scientist,3,On-site,North America,Medium
Other,3,Remote,Europe,Medium
Data Scientist,3,On-site,Oceania,Medium
Machine Learning Scientist,3,On-site,North America,Medium
Data Scientist,2,Remote,Europe,Medium
Analytics Engineer,3,Remote,North America,Medium
Research Scientist,3,On-site,North America,Medium
Data Architect,3,Remote,North America,Medium
Data Scientist,3,On-site,North America,Medium
Other,4,Hybrid,Europe,Medium
Business Intelligence Analyst,3,On-site,North America,Medium
Machine Learning Engineer,3,On-site,Europe,Medium
Applied Scientist,3,On-site,North America,Medium
Data Engineer,3,On-site,North America,Medium
Other,3,On-site,North America,Medium
Data Scientist,3,On-site,North America,Large
Data Analyst,3,On-site,North America,Medium
Data Scientist,3,On-site,North America,Medium
Research Analyst,1,On-site,North America,Medium
Data Scientist,2,On-site,North America,Medium
Data Science Consultant,3,Hybrid,Asia,Medium
Data Engineer,2,On-site,North America,Medium
Other,3,Remote,Europe,Medium
Data Analyst,3,On-site,North America,Medium
Data Engineer,3,Remote,North America,Medium
Other,2,Remote,Asia,Large
Other,2,On-site,Asia,Large
Data Analyst,3,Remote,North America,Medium
Other,2,On-site,North America,Medium
Data Architect,2,Remote,North America,Medium
Data Engineer,2,Remote,North America,Medium
Data Analyst,1,Remote,North America,Small
Other,2,Hybrid,North America,Large
Data Engineer,2,On-site,North America,Medium
Machine Learning Engineer,1,On-site,North America,Medium
Data Engineer,2,Remote,Europe,Large
Data Engineer,3,On-site,North America,Medium
Machine Learning Engineer,3,On-site,North America,Large
Other,3,Remote,North America,Large
Data Scientist,3,On-site,North America,Medium
Machine Learning Engineer,3,On-site,North America,Medium
Data Engineer,2,On-site,North America,Medium
Machine Learning Engineer,3,On-site,North America,Medium
Machine Learning Engineer,2,Remote,North America,Medium
Data Scientist,2,On-site,North America,Medium
Other,3,On-site,Europe,Large
Data Engineer,2,On-site,North America,Medium
Data Science Manager,2,Remote,North America,Medium
Data Analyst,3,On-site,North America,Medium
Data Scientist,3,On-site,North America,Medium
Other,3,Hybrid,North America,Large
Data Analyst,3,On-site,North America,Medium
Data Scientist,2,Hybrid,North America,Large
Data Engineer,3,On-site,North America,Medium
Research Scientist,3,On-site,North America,Medium
Analytics Engineer,2,On-site,North America,Medium
Machine Learning Engineer,3,On-site,North America,Medium
Research Scientist,3,On-site,North America,Medium
Data Engineer,3,On-site,North America,Medium
Data Analyst,3,Remote,North America,Medium
Data Science Manager,3,On-site,North America,Medium
Machine Learning Engineer,3,Remote,Europe,Medium
Data Engineer,3,On-site,North America,Medium
Other,4,Remote,South America,Medium
Data Analyst,3,Remote,North America,Medium
Data Analyst,2,On-site,North America,Medium
Data Scientist,3,On-site,North America,Medium
Data Engineer,2,Remote,North America,Medium
Research Analyst,3,On-site,North America,Medium
Research Engineer,1,On-site,North America,Medium
Other,3,On-site,North America,Medium
Data Engineer,3,On-site,North America,Medium
Data Engineer,3,On-site,Europe,Medium
Data Engineer,1,On-site,North America,Medium
Data Engineer,3,Remote,North America,Medium
Data Analyst,2,On-site,North America,Medium
Research Scientist,1,On-site,North America,Medium
Data Scientist,2,Remote,Europe,Medium
Data Manager,3,On-site,North America,Medium
Data Analyst,3,Remote,North America,Medium
Data Analyst,3,On-site,North America,Medium
Data Scientist,3,Remote,North America,Medium
Data Analyst,3,Remote,North America,Medium
Data Scientist,3,On-site,North America,Medium
Analytics Engineer,2,On-site,North America,Medium
Machine Learning Engineer,1,On-site,North America,Medium
Machine Learning Engineer,3,On-site,North America,Medium
Other,2,Remote,North America,Medium
Data Analyst,3,Remote,North America,Medium
Data Analyst,2,On-site,North America,Medium
Other,1,Remote,North America,Large
Data Scientist,3,On-site,North America,Medium
Data Analyst,3,On-site,North America,Medium
Data Scientist,3,On-site,North America,Medium
Other,1,Hybrid,North America,Large
Data Engineer,3,Remote,South America,Medium
Data Analyst,3,Remote,North America,Medium
Data Scientist,3,Remote,North America,Medium
ML Engineer,3,Remote,North America,Medium
Data Engineer,3,Remote,North America,Medium
Data Engineer,1,Remote,Europe,Medium
Analytics Engineer,3,On-site,North America,Medium
Data Scientist,3,Remote,North America,Medium
Other,3,On-site,North America,Medium
Business Intelligence Analyst,3,Remote,North America,Medium
Other,1,Remote,Europe,Medium
Data Engineer,3,Remote,North America,Medium
Data Analyst,2,Remote,North America,Medium
Other,3,On-site,North America,Medium
Data Scientist,3,Remote,North America,Medium
Data Scientist,3,Remote,North America,Medium
Data Scientist,3,On-site,Europe,Medium
Data Scientist,2,On-site,North America,Medium
Machine Learning Engineer,3,On-site,North America,Medium
Analytics Engineer,3,On-site,North America,Medium
Research Scientist,3,On-site,North America,Medium
Other,2,Remote,North America,Medium
Data Science,2,On-site,North America,Medium
Data Scientist,3,Remote,North America,Medium
Machine Learning Scientist,3,Remote,North America,Large
Machine Learning Engineer,3,On-site,North America,Medium
Data Scientist,3,On-site,North America,Medium
Data Engineer,3,On-site,North America,Medium
Machine Learning Engineer,3,Remote,North America,Medium
Data Scientist,3,On-site,North America,Medium
Machine Learning Engineer,2,On-site,North America,Small
Research Analyst,1,Remote,North America,Medium
Data Analyst,3,Remote,North America,Medium
Analytics Engineer,3,On-site,North America,Medium
Data Architect,3,On-site,North America,Medium
Analytics Engineer,2,Remote,North America,Medium
Data Engineer,3,Remote,North America,Medium
Data Scientist,2,On-site,Europe,Medium
Other,4,Remote,North America,Medium
Data Scientist,3,Remote,North America,Medium
Data Engineer,3,On-site,North America,Medium
Data Scientist,3,On-site,North America,Medium
Analytics Engineer,3,On-site,North America,Medium
Data Engineer,3,Remote,North America,Medium
Data Science Manager,3,On-site,North America,Large
Research Scientist,3,On-site,North America,Medium
Data Analyst,3,Remote,North America,Medium
AI Engineer,3,Remote,Europe,Medium
Data Engineer,3,On-site,North America,Medium
Data Science Consultant,1,Hybrid,Europe,Large
Data Scientist,2,On-site,North America,Medium
Data Engineer,4,Remote,North America,Medium
Research Scientist,2,Hybrid,Europe,Small
ML Engineer,3,On-site,North America,Medium
Machine Learning Engineer,3,Remote,North America,Medium
Data Scientist,3,Remote,North America,Medium
Other,3,Hybrid,Europe,Large
Machine Learning Engineer,3,On-site,North America,Medium
Data Scientist,3,On-site,Europe,Medium
Machine Learning Engineer,3,On-site,North America,Large
Machine Learning Engineer,3,On-site,North America,Medium
Data Specialist,2,On-site,Europe,Medium
Data Engineer,4,On-site,North America,Medium
Research Engineer,3,On-site,North America,Medium
Data Architect,3,On-site,North America,Medium
Data Engineer,2,On-site,North America,Medium
Data Scientist,3,On-site,North America,Medium
Data Engineer,2,Remote,Other,Medium
Research Scientist,2,Remote,North America,Medium
Machine Learning Engineer,3,On-site,North America,Medium
Machine Learning Engineer,3,Remote,North America,Medium
Data Scientist,3,On-site,Europe,Medium
Machine Learning Engineer,3,On-site,North America,Medium
Data Analyst,2,On-site,North America,Medium
Data Scientist,3,On-site,Oceania,Medium
Data Analyst,3,On-site,North America,Medium
Machine Learning Engineer,2,On-site,Europe,Medium
Other,2,On-site,North America,Medium
Data Science Manager,3,Remote,North America,Medium
Data Scientist,1,Hybrid,Europe,Small
Data Analyst,2,Remote,North America,Medium
Research Scientist,1,Remote,North America,Large
Data Scientist,3,On-site,North America,Medium
Analytics Engineer,3,Remote,Europe,Medium
Data Specialist,3,On-site,North America,Medium
Data Scientist,3,On-site,North America,Medium
Research Scientist,2,On-site,North America,Medium
Data Engineer,3,On-site,North America,Medium
Research Scientist,3,Hybrid,Europe,Large
Data Engineer,2,On-site,Europe,Medium
Research Scientist,3,Remote,North America,Medium
Research Scientist,3,On-site,North America,Medium
Data Scientist,1,Remote,North America,Medium
Analytics Engineer,3,On-site,North America,Medium
Analytics Engineer,3,Remote,North America,Medium
Data Analyst,3,On-site,North America,Medium
Data Engineer,2,On-site,North America,Medium
Data Scientist,1,On-site,North America,Medium
Data Architect,3,Remote,North America,Medium
ML Engineer,3,On-site,North America,Medium
Machine Learning Engineer,3,On-site,North America,Medium
Data Engineer,2,On-site,North America,Medium
Data Scientist,3,Remote,North America,Medium
Machine Learning Engineer,3,Remote,North America,Medium
Data Scientist,3,On-site,North America,Medium
ML Engineer,3,On-site,North America,Medium
Data Engineer,2,On-site,North America,Medium
Data Engineer,2,Remote,Europe,Medium
Other,2,On-site,North America,Medium
Machine Learning Engineer,3,Remote,North America,Medium
Other,3,Hybrid,North America,Medium
Data Engineer,4,Remote,Europe,Medium
Other,1,Remote,North America,Large
Data Engineer,3,On-site,North America,Medium
Machine Learning Engineer,3,Remote,North America,Medium
Data Analyst,3,On-site,North America,Medium
Data Science Consultant,2,Remote,North America,Medium
Data Analyst,1,On-site,North America,Medium
Data Architect,3,On-site,North America,Medium
Data Scientist,3,On-site,North America,Medium
Data Engineer,3,On-site,North America,Medium
Research Engineer,1,On-site,North America,Medium
Data Engineer,3,Remote,North America,Medium
Data Architect,3,Remote,North America,Medium
Data Analyst,2,Remote,North America,Medium
Data Scientist,3,On-site,Europe,Medium
Other,3,On-site,North America,Medium
Other,2,On-site,North America,Medium
Other,3,On-site,North America,Medium
Other,2,Remote,Asia,Large
Research Scientist,2,On-site,North America,Medium
Data Engineer,3,Remote,North America,Medium
Data Analyst,3,Remote,North America,Medium
Data Engineer,2,Hybrid,Oceania,Large
Analytics Engineer,3,Remote,North America,Medium
Data Engineer,3,On-site,North America,Medium
Data Engineer,1,Remote,Europe,Large
Data Analyst,3,Remote,North America,Medium
Data Scientist,2,Remote,Europe,Small
Data Scientist,3,Remote,North America,Medium
Machine Learning Engineer,3,Remote,North America,Medium
Data Engineer,3,On-site,North America,Medium
Data Scientist,3,On-site,North America,Medium
Machine Learning Engineer,3,On-site,South America,Medium
Data Analyst,3,Remote,North America,Medium
Data Scientist,3,On-site,North America,Medium
Machine Learning Engineer,3,On-site,North America,Medium
Other,2,Remote,North America,Medium
Other,2,Hybrid,Europe,Large
Data Scientist,2,Hybrid,Europe,Large
Data Engineer,2,On-site,North America,Medium
Other,3,On-site,North America,Medium
Data Scientist,3,Remote,North America,Large
Machine Learning Engineer,3,Remote,Other,Medium
ML Engineer,3,On-site,Europe,Medium
Data Scientist,2,On-site,Europe,Medium
Other,1,On-site,North America,Medium
Data Analyst,4,Remote,North America,Medium
Machine Learning Engineer,3,On-site,North America,Medium
Other,3,Remote,North America,Medium
Machine Learning Engineer,3,On-site,North America,Medium
ML Engineer,2,On-site,North America,Medium
Data Engineer,2,Remote,Europe,Medium
Analytics Engineer,3,On-site,North America,Medium
Other,2,On-site,North America,Medium
Data Engineer,3,Remote,North America,Medium
Data Analyst,2,Remote,North America,Medium
Data Science Manager,3,On-site,North America,Medium
Machine Learning Engineer,3,On-site,North America,Medium
Data Engineer,2,On-site,North America,Medium
Analytics Engineer,3,On-site,North America,Medium
Data Analyst,3,Remote,North America,Medium
Data Engineer,3,On-site,North America,Medium
Research Scientist,3,Remote,North America,Medium
Data Manager,3,Remote,North America,Medium
Analytics Engineer,3,Remote,North America,Medium
Analytics Engineer,3,Remote,North America,Medium
Data Analyst,3,On-site,North America,Medium
Other,3,Remote,North America,Medium
Data Architect,3,On-site,North America,Medium
Data Scientist,1,On-site,North America,Medium
ML Engineer,3,On-site,North America,Medium
Data Scientist,1,On-site,North America,Medium
Data Science,4,On-site,North America,Medium
Data Scientist,1,On-site,North America,Medium
Data Scientist,2,On-site,North America,Medium
AI Engineer,2,On-site,Europe,Medium
Other,3,Remote,North America,Medium
Business Intelligence Analyst,3,Remote,North America,Medium
Data Scientist,3,On-site,North America,Medium
Data Scientist,3,On-site,North America,Medium
Research Scientist,3,On-site,North America,Medium
Data Scientist,3,Remote,North America,Medium
Research Scientist,1,Hybrid,Europe,Large
Data Analyst,3,On-site,North America,Medium
Data Engineer,2,Remote,Europe,Medium
Data Engineer,3,On-site,North America,Medium
Business Intelligence Analyst,3,On-site,North America,Medium
Other,3,On-site,North America,Medium
Business Intelligence Analyst,3,On-site,North America,Medium
ML Engineer,3,Remote,North America,Medium
Data Scientist,3,Remote,North America,Medium
Data Engineer,3,Remote,North America,Medium
Data Scientist,3,Remote,North America,Medium
Data Engineer,3,Remote,North America,Large
Research Scientist,3,On-site,North America,Medium
Data Engineer,3,Remote,North America,Medium
Analytics Engineer,3,On-site,North America,Medium
Other,3,On-site,North America,Medium
Business Intelligence Engineer,2,On-site,North America,Medium
Data Scientist,2,Remote,North America,Small
Data Scientist,3,On-site,North America,Medium
Business Intelligence Analyst,1,On-site,North America,Medium
Machine Learning Engineer,3,Remote,Europe,Medium
Data Scientist,3,On-site,North America,Medium
Data Engineer,3,Remote,North America,Medium
Data Scientist,3,On-site,North America,Medium
Other,2,Remote,South America,Medium
Analytics Engineer,2,On-site,North America,Medium
Other,3,On-site,North America,Medium
Other,2,Remote,North America,Large
Data Scientist,3,On-site,North America,Medium
Other,3,On-site,North America,Medium
Other,3,Remote,North America,Medium
Other,2,Remote,Europe,Medium
Business Intelligence Engineer,3,On-site,North America,Large
Other,3,On-site,North America,Medium
Data Science Manager,3,Remote,North America,Medium
Research Engineer,3,On-site,North America,Medium
Data Scientist,3,On-site,North America,Medium
Data Analyst,3,On-site,North America,Medium
Data Engineer,3,Remote,North America,Medium
Applied Scientist,3,On-site,North America,Large
Analytics Engineer,3,Remote,North America,Medium
Data Engineer,3,Remote,North America,Medium
Research Engineer,2,On-site,North America,Medium
Data Engineer,2,On-site,North America,Medium
Research Scientist,3,On-site,North America,Medium
Data Analyst,3,On-site,North America,Medium
Data Scientist,2,On-site,North America,Medium
Data Analyst,3,Remote,North America,Medium
Data Architect,2,Remote,North America,Large
Data Scientist,3,On-site,North America,Medium
Data Engineer,3,On-site,North America,Medium
Data Engineer,3,Remote,North America,Medium
Machine Learning Scientist,3,Remote,North America,Medium
Machine Learning Engineer,2,On-site,North America,Medium
Other,3,On-site,North America,Medium
Other,4,On-site,North America,Medium
Data Analyst,3,Remote,North America,Small
Data Science Consultant,4,Remote,Europe,Small
Data Engineer,3,Remote,North America,Medium
Data Analyst,1,On-site,North America,Medium
Data Scientist,3,On-site,North America,Medium
Data Engineer,3,On-site,North America,Medium
ML Engineer,2,On-site,North America,Medium
Applied Scientist,3,Remote,North America,Medium
Research Engineer,3,On-site,Europe,Medium
Other,3,On-site,North America,Medium
Analytics Engineer,3,Remote,North America,Medium
Data Analyst,3,On-site,Europe,Medium
Research Scientist,2,Remote,North America,Medium
Other,1,On-site,North America,Medium
Other,3,Remote,North America,Medium
Data Scientist,2,Remote,North America,Medium
Data Science Manager,3,Remote,North America,Medium
Data Specialist,2,On-site,North America,Medium
Other,3,Remote,North America,Small
Other,3,Hybrid,Europe,Small
Research Engineer,3,On-site,North America,Medium
Data Scientist,2,On-site,North America,Large
ML Engineer,3,Remote,North America,Medium
Data Scientist,3,Remote,North America,Medium
Data Engineer,2,Remote,North America,Medium
Other,3,Remote,North America,Medium
Data Scientist,3,On-site,North America,Medium
Other,2,Remote,North America,Medium
Other,2,Remote,North America,Medium
Data Science Manager,3,Remote,North America,Medium
Data Scientist,2,On-site,North America,Medium
Data Scientist,3,Remote,North America,Medium
Data Scientist,3,Hybrid,Europe,Large
Data Scientist,1,On-site,North America,Medium
Data Scientist,3,Remote,North America,Medium
Machine Learning Engineer,3,On-site,North America,Medium
Machine Learning Engineer,2,On-site,North America,Medium
Other,3,Remote,Europe,Medium
ML Engineer,3,Remote,North America,Large
Machine Learning Engineer,1,Hybrid,Europe,Medium
Data Engineer,3,On-site,North America,Medium
Machine Learning Engineer,3,Remote,North America,Medium
Data Engineer,2,On-site,North America,Medium
Data Scientist,3,On-site,North America,Medium
Data Engineer,4,On-site,North America,Medium
Data Science Consultant,1,Hybrid,Europe,Large
Data Scientist,3,Remote,North America,Medium
Machine Learning Engineer,3,On-site,North America,Medium
Data Analyst,2,Remote,North America,Large
Machine Learning Scientist,3,On-site,North America,Medium
Data Analyst,4,Remote,North America,Medium
Data Scientist,2,On-site,North America,Medium
Research Engineer,2,On-site,North America,Medium
Data Analyst,3,On-site,North America,Medium
Data Engineer,3,Remote,North America,Medium
Machine Learning Engineer,3,Remote,North America,Medium
Data Analyst,4,Remote,North America,Medium
Data Analyst,1,On-site,North America,Medium
Machine Learning Engineer,3,On-site,North America,Medium
Data Engineer,3,Remote,North America,Large
Other,3,Remote,North America,Medium
Data Engineer,2,Remote,North America,Medium
Data Engineer,3,On-site,North America,Medium
Data Scientist,3,Remote,North America,Medium
Machine Learning Engineer,3,Remote,North America,Medium
Research Engineer,1,On-site,Africa,Medium
Data Engineer,2,On-site,North America,Medium
Business Intelligence Analyst,2,On-site,North America,Medium
Data Scientist,2,On-site,North America,Medium
Data Analyst,2,On-site,Europe,Medium
Other,3,On-site,Europe,Large
Data Science Manager,3,Remote,North America,Medium
Machine Learning Engineer,2,Remote,Europe,Medium
ML Engineer,3,On-site,North America,Medium
Data Engineer,2,On-site,Europe,Medium
Data Science,3,On-site,North America,Medium
Data Analyst,1,On-site,North America,Medium
Machine Learning Engineer,3,Remote,Europe,Large
Data Scientist,3,On-site,North America,Medium
Data Engineer,3,On-site,North America,Medium
Data Engineer,3,On-site,North America,Medium
Other,3,Hybrid,Europe,Large
Data Engineer,3,On-site,North America,Medium
Machine Learning Engineer,3,On-site,North America,Medium
Data Specialist,2,On-site,North America,Medium
Machine Learning Engineer,3,On-site,North America,Medium
Data Architect,3,Remote,North America,Medium
Data Scientist,3,Remote,North America,Medium
Research Scientist,3,On-site,North America,Medium
Data Engineer,2,Remote,North America,Medium
Other,2,On-site,North America,Medium
Machine Learning Engineer,2,On-site,North America,Medium
Data Engineer,3,Remote,North America,Medium
Other,3,Hybrid,Asia,Large
Applied Scientist,3,On-site,North America,Large
Machine Learning Scientist,3,On-site,North America,Medium
ML Engineer,3,On-site,North America,Medium
Data Scientist,1,On-site,North America,Medium
Data Analyst,2,On-site,North America,Medium
Other,2,Remote,North America,Medium
Analytics Engineer,3,On-site,North America,Medium
Data Engineer,2,On-site,North America,Medium
Other,3,Remote,North America,Medium
Data Scientist,3,On-site,North America,Small
Data Engineer,3,Remote,North America,Medium
Machine Learning Engineer,3,Remote,North America,Medium
Other,3,Hybrid,North America,Small
Data Analyst,3,Remote,North America,Medium
Analytics Engineer,3,Remote,North America,Medium
Analytics Engineer,4,Remote,North America,Medium
Data Engineer,3,On-site,North America,Medium
Machine Learning Scientist,3,Remote,North America,Medium
Other,3,Remote,North America,Medium
Other,2,Hybrid,Europe,Small
Other,2,Remote,North America,Medium
Research Engineer,3,On-site,North America,Medium
Data Scientist,4,On-site,North America,Medium
Data Analyst,3,On-site,North America,Medium
Data Scientist,3,On-site,North America,Medium
Other,4,Remote,North America,Large
Data Engineer,3,Remote,North America,Medium
Data Analyst,3,Remote,North America,Medium
Data Analyst,3,On-site,Other,Medium
Other,4,On-site,North America,Medium
Other,3,On-site,North America,Medium
Data Engineer,4,On-site,North America,Medium
Research Scientist,2,On-site,North America,Medium
Data Scientist,3,On-site,North America,Medium
Data Analyst,3,Remote,North America,Medium
Business Intelligence Engineer,3,On-site,North America,Large
Data Analyst,2,Remote,North America,Medium
Other,3,Remote,North America,Medium
Analytics Engineer,3,Remote,North America,Medium
Data Engineer,2,Remote,Europe,Large
Data Science,4,On-site,North America,Medium
Data Analyst,3,On-site,North America,Medium
Applied Scientist,3,On-site,North America,Medium
Data Scientist,3,On-site,North America,Medium
Data Engineer,3,On-site,North America,Medium
Data Scientist,2,On-site,North America,Medium
Other,4,On-site,Europe,Medium
Applied Scientist,3,On-site,North America,Medium
Data Architect,3,Remote,North America,Large
Analytics Engineer,3,On-site,North America,Medium
Data Analyst,3,On-site,North America,Medium
Business Intelligence Engineer,3,Remote,North America,Medium
Other,3,On-site,North America,Medium
Data Engineer,2,On-site,North America,Medium
Analytics Engineer,4,Remote,North America,Medium
Data Scientist,3,On-site,North America,Medium
Data Scientist,2,Remote,North America,Large
Machine Learning Engineer,3,On-site,Europe,Medium
Research Engineer,2,On-site,North America,Medium
Data Engineer,4,On-site,North America,Medium
Research Scientist,3,On-site,North America,Medium
Data Scientist,3,Remote,North America,Medium
Data Analyst,3,On-site,Europe,Medium
Analytics Engineer,3,On-site,Europe,Medium
Data Analyst,3,On-site,North America,Medium
Analytics Engineer,3,Remote,North America,Medium
Data Engineer,2,On-site,North America,Medium
Data Scientist,2,On-site,North America,Medium
Data Analyst,3,On-site,North America,Medium
Other,2,On-site,North America,Medium
Data Engineer,3,On-site,Other,Medium
Machine Learning Scientist,3,On-site,North America,Medium
Data Scientist,3,Remote,North America,Small
Other,4,Remote,Europe,Medium
Data Engineer,3,Remote,North America,Medium
Data Analyst,3,On-site,North America,Medium
Applied Scientist,3,Remote,North America,Medium
Other,3,On-site,North America,Medium
Data Engineer,3,On-site,North America,Medium
Other,3,On-site,North America,Medium
Data Scientist,1,On-site,North America,Medium
Data Scientist,2,On-site,North America,Medium
Data Analyst,3,On-site,North America,Medium
Data Scientist,3,Remote,North America,Large
Data Engineer,3,On-site,North America,Medium
Data Analyst,2,On-site,North America,Medium
AI Engineer,3,Remote,Europe,Medium
Data Architect,3,Remote,North America,Medium
Data Analyst,2,Remote,Europe,Medium
Other,3,Remote,Europe,Medium
Data Architect,3,On-site,North America,Medium
Machine Learning Engineer,3,On-site,North America,Medium
Data Analyst,3,Remote,North America,Medium
Data Analyst,3,On-site,North America,Medium
Data Scientist,3,On-site,North America,Medium
Other,3,Remote,North America,Medium
Data Engineer,2,On-site,North America,Medium
ML Engineer,3,Remote,North America,Medium
Other,3,On-site,North America,Medium
Data Scientist,3,On-site,North America,Medium
Machine Learning Engineer,2,On-site,North America,Medium
Applied Scientist,2,On-site,North America,Large
Other,2,On-site,North America,Medium
Data Engineer,3,Remote,Europe,Medium
Data Architect,3,On-site,North America,Medium
Other,1,Hybrid,Asia,Large
Data Engineer,3,On-site,North America,Medium
Data Specialist,3,On-site,North America,Medium
Other,2,Remote,North America,Medium
Research Engineer,1,On-site,North America,Medium
Analytics Engineer,3,Remote,North America,Medium
Data Scientist,2,Remote,North America,Medium
Machine Learning Engineer,2,Remote,North America,Small
Data Analyst,2,On-site,North America,Medium
ML Engineer,3,Remote,North America,Medium
Data Science Manager,3,On-site,North America,Medium
Data Scientist,3,On-site,North America,Medium
Data Analyst,3,Remote,North America,Medium
Data Engineer,4,Remote,North America,Medium
Data Engineer,3,On-site,North America,Medium
Other,2,Hybrid,North America,Large
Data Scientist,3,On-site,North America,Medium
Business Intelligence Analyst,2,On-site,North America,Medium
Data Scientist,4,Remote,North America,Medium
Data Engineer,3,Remote,North America,Medium
Research Engineer,1,Remote,Europe,Medium
Research Engineer,2,Remote,North America,Medium
Data Scientist,3,On-site,North America,Medium
Data Analyst,2,Remote,Europe,Medium
Data Analyst,1,Remote,Asia,Large
Other,3,Remote,North America,Medium
Business Intelligence Analyst,3,On-site,North America,Medium
Research Analyst,1,On-site,Europe,Medium
Business Intelligence Analyst,2,Remote,North America,Medium
Data Engineer,3,On-site,North America,Medium
Data Engineer,3,On-site,North America,Medium
Data Scientist,2,Remote,North America,Large
Machine Learning Scientist,3,Remote,North America,Medium
Other,2,Remote,Europe,Medium
Machine Learning Engineer,3,Remote,North America,Medium
Data Scientist,2,Hybrid,Europe,Medium
Data Manager,3,On-site,North America,Medium
Data Engineer,4,On-site,North America,Medium
Other,3,Remote,North America,Large
Data Scientist,3,Remote,North America,Medium
Machine Learning Engineer,2,On-site,North America,Medium
Data Analyst,3,On-site,Other,Medium
Data Manager,3,On-site,North America,Medium
Other,1,On-site,North America,Medium
Data Scientist,3,On-site,North America,Medium
Machine Learning Engineer,3,On-site,North America,Medium
Data Architect,3,On-site,North America,Medium
Data Analyst,1,Remote,North America,Medium
Applied Scientist,2,On-site,North America,Medium
Other,2,On-site,Europe,Medium
Machine Learning Engineer,3,On-site,North America,Medium
Data Engineer,3,Remote,North America,Medium
Machine Learning Engineer,3,Remote,North America,Medium
Data Analyst,1,On-site,Europe,Medium
Analytics Engineer,3,Remote,North America,Medium
Data Analyst,1,On-site,North America,Medium
Data Scientist,1,On-site,North America,Medium
Research Scientist,3,On-site,North America,Medium
Data Engineer,3,On-site,North America,Medium
Data Analyst,1,On-site,North America,Large
Data Engineer,3,Remote,Europe,Medium
Data Scientist,1,On-site,North America,Small
Analytics Engineer,3,Remote,Europe,Medium
Data Engineer,3,On-site,North America,Medium
Other,2,Hybrid,Europe,Medium
Data Scientist,3,On-site,Europe,Medium
Data Analyst,3,On-site,North America,Medium
Analytics Engineer,3,On-site,North America,Medium
Data Analyst,2,On-site,North America,Medium
Data Analyst,3,Remote,North America,Medium
Analytics Engineer,2,Remote,North America,Medium
Data Analyst,3,Remote,North America,Medium
Data Engineer,3,On-site,North America,Medium
Data Engineer,2,Remote,North America,Medium
Data Analyst,1,On-site,North America,Medium
Other,2,On-site,North America,Medium
Other,3,On-site,Europe,Medium
Other,2,Remote,Europe,Medium
Data Scientist,2,On-site,North America,Medium
Data Engineer,3,On-site,North America,Medium
Data Analyst,2,On-site,North America,Medium
Research Engineer,3,On-site,North America,Medium
Data Engineer,3,On-site,North America,Medium
Machine Learning Engineer,3,Remote,North America,Medium
Data Engineer,2,Remote,North America,Medium
Research Scientist,3,On-site,North America,Medium
Data Scientist,4,On-site,North America,Medium
Data Scientist,3,On-site,Oceania,Medium
Data Science,3,On-site,North America,Medium
Data Scientist,3,On-site,North America,Medium
Data Analyst,3,On-site,North America,Medium
Machine Learning Scientist,3,On-site,Europe,Medium
Data Analyst,1,On-site,North America,Large
Data Engineer,2,Hybrid,Asia,Large
Other,3,On-site,North America,Medium
Other,3,Remote,North America,Large
Data Analyst,3,On-site,North America,Medium
Data Analyst,2,Remote,North America,Medium
Data Engineer,4,Remote,North America,Medium
Data Scientist,3,Remote,North America,Medium
Data Engineer,3,On-site,North America,Large
Machine Learning Engineer,3,Remote,North America,Medium
Data Engineer,2,On-site,North America,Medium
Other,3,On-site,Europe,Medium
Data Analyst,2,Remote,North America,Medium
Data Analyst,1,On-site,North America,Medium
Business Intelligence Analyst,3,Remote,North America,Medium
Data Analyst,3,On-site,North America,Medium
Data Analyst,2,Remote,North America,Medium
Other,3,Remote,North America,Medium
Machine Learning Engineer,3,On-site,North America,Medium
Research Engineer,3,On-site,North America,Medium
Data Scientist,3,On-site,North America,Medium
Data Science Manager,2,On-site,North America,Medium
Machine Learning Engineer,2,On-site,Other,Small
Data Engineer,3,On-site,North America,Medium
Data Engineer,3,Remote,North America,Medium
Other,3,Remote,North America,Medium
Data Analyst,4,Remote,North America,Medium
Data Engineer,3,Remote,Other,Medium
Data Analyst,3,Remote,North America,Medium
Data Engineer,3,On-site,North America,Medium
Machine Learning Scientist,3,On-site,Europe,Medium
Data Scientist,2,On-site,North America,Medium
Research Engineer,3,On-site,North America,Medium
Data Analyst,2,Remote,North America,Medium
Data Scientist,3,Remote,North America,Medium
Data Scientist,3,On-site,North America,Medium
Data Analyst,3,Remote,North America,Medium
Data Engineer,3,On-site,North America,Medium
Data Architect,3,On-site,North America,Medium
Analytics Engineer,3,On-site,North America,Medium
Machine Learning Engineer,4,Remote,North America,Medium
Data Engineer,2,On-site,North America,Medium
Data Scientist,2,On-site,North America,Medium
Data Scientist,3,On-site,North America,Medium
Data Scientist,3,On-site,North America,Medium
Data Engineer,3,On-site,North America,Medium
Analytics Engineer,3,On-site,North America,Medium
Other,3,On-site,North America,Medium
Business Intelligence Engineer,3,Remote,North America,Medium
Machine Learning Engineer,3,On-site,North America,Medium
Research Scientist,3,On-site,North America,Medium
Data Engineer,3,Remote,North America,Small
Data Science Manager,3,Remote,North America,Medium
Data Analyst,1,On-site,North America,Medium
Other,4,Remote,North America,Medium
Data Engineer,3,On-site,North America,Medium
Data Scientist,1,On-site,North America,Large
Data Scientist,3,Remote,North America,Medium
Business Intelligence Analyst,1,On-site,North America,Medium
Data Scientist,2,Remote,Europe,Medium
Machine Learning Engineer,1,Remote,Asia,Small
Research Engineer,3,On-site,North America,Medium
Data Scientist,2,On-site,North America,Medium
Data Scientist,3,On-site,North America,Medium
Data Analyst,3,Remote,North America,Medium
Machine Learning Engineer,3,Remote,North America,Medium
Data Analyst,2,On-site,North America,Medium
Data Engineer,1,Remote,North America,Small
Data Scientist,3,On-site,North America,Medium
Data Engineer,3,On-site,North America,Medium
Data Scientist,3,On-site,Europe,Medium
Data Scientist,3,Hybrid,Europe,Medium
Data Analyst,3,Remote,North America,Medium
Other,3,On-site,North America,Medium
Data Engineer,3,Remote,North America,Medium
Research Engineer,2,On-site,North America,Medium
Data Science,3,On-site,North America,Medium
Data Engineer,3,Remote,North America,Medium
Data Scientist,2,On-site,North America,Medium
Analytics Engineer,3,On-site,Europe,Medium
Data Scientist,3,Remote,North America,Medium
Data Scientist,2,Remote,Europe,Medium
Machine Learning Engineer,3,Remote,North America,Medium
Data Scientist,2,Remote,Europe,Medium
Data Engineer,3,On-site,Europe,Medium
Data Engineer,3,Remote,North America,Medium
Data Analyst,1,Remote,North America,Small
Other,1,Remote,North America,Medium
Data Analyst,1,On-site,North America,Medium
Other,3,On-site,North America,Medium
Data Scientist,3,Remote,North America,Medium
Data Engineer,3,Remote,North America,Large
Other,4,On-site,North America,Medium
Data Analyst,1,On-site,North America,Medium
Machine Learning Engineer,3,On-site,North America,Medium
Applied Scientist,2,Remote,North America,Medium
Data Engineer,3,On-site,North America,Medium
Data Engineer,3,Remote,North America,Medium
Data Scientist,2,On-site,North America,Medium
Other,1,Remote,Africa,Small
Machine Learning Engineer,2,Remote,Other,Medium
Data Analyst,2,Remote,North America,Medium
Data Scientist,3,Remote,North America,Medium
Data Engineer,3,Remote,North America,Medium
Analytics Engineer,3,Remote,North America,Medium
Data Engineer,3,On-site,North America,Medium
Data Engineer,3,Remote,North America,Medium
Data Engineer,3,On-site,North America,Medium
Research Engineer,3,On-site,North America,Medium
Data Scientist,2,On-site,North America,Medium
Data Analyst,2,Remote,North America,Medium
Data Analyst,3,Remote,North America,Medium
Other,3,On-site,North America,Medium
Machine Learning Engineer,3,Remote,North America,Medium
Machine Learning Engineer,3,On-site,North America,Medium
Data Scientist,3,Remote,North America,Medium
Machine Learning Engineer,3,On-site,North America,Medium
Research Scientist,3,On-site,North America,Medium
Data Science Manager,3,Remote,North America,Medium
AI Engineer,3,On-site,North America,Medium
Machine Learning Scientist,3,On-site,North America,Medium
Data Science Manager,2,Hybrid,Asia,Large
Machine Learning Engineer,3,On-site,North America,Medium
ML Engineer,1,Remote,Europe,Small
Data Engineer,1,Remote,North America,Medium
Analytics Engineer,3,On-site,Europe,Medium
Business Intelligence Engineer,3,On-site,North America,Medium
Machine Learning Scientist,3,On-site,North America,Medium
Machine Learning Engineer,2,On-site,North America,Medium
Data Scientist,3,Remote,North America,Medium
Data Analyst,3,On-site,North America,Medium
Data Architect,3,On-site,North America,Medium
ML Engineer,3,Remote,North America,Medium
Analytics Engineer,3,On-site,North America,Medium
Research Scientist,3,On-site,North America,Medium
Other,4,On-site,North America,Medium
Business Intelligence Engineer,3,Remote,North America,Medium
Data Scientist,1,On-site,Europe,Medium
ML Engineer,3,On-site,North America,Medium
Data Scientist,2,Remote,North America,Large
Research Engineer,2,On-site,North America,Medium
ML Engineer,3,On-site,North America,Medium
Data Scientist,1,Remote,South America,Large
Data Analyst,2,Remote,North America,Medium
Data Analyst,2,On-site,North America,Medium
Analytics Engineer,3,On-site,North America,Medium
Data Scientist,3,On-site,North America,Medium
Other,3,Remote,Other,Large
Research Scientist,3,On-site,North America,Medium
Data Scientist,2,On-site,North America,Medium
Research Scientist,3,Remote,North America,Small
Data Scientist,1,On-site,Europe,Medium
Data Architect,3,On-site,North America,Medium
Data Analyst,2,Hybrid,Asia,Medium
Machine Learning Engineer,2,On-site,North America,Medium
Data Scientist,3,On-site,North America,Medium
Data Scientist,3,On-site,North America,Large
Data Engineer,3,Remote,South America,Medium
Research Scientist,3,On-site,North America,Medium
Data Manager,4,On-site,North America,Medium
Data Engineer,4,On-site,North America,Medium
Machine Learning Engineer,3,On-site,North America,Medium
Other,2,Remote,North America,Medium
Data Scientist,3,Remote,North America,Medium
Research Engineer,1,Hybrid,Asia,Large
Data Scientist,3,Remote,North America,Medium
Data Analyst,3,Remote,Oceania,Large
Data Engineer,3,Remote,North America,Medium
Machine Learning Scientist,3,On-site,North America,Medium
Data Science Manager,3,Remote,North America,Medium
Data Scientist,1,On-site,North America,Medium
Business Intelligence Engineer,3,On-site,North America,Medium
Data Engineer,3,Remote,North America,Medium
Other,3,On-site,North America,Medium
Data Scientist,3,Remote,North America,Medium
Data Engineer,3,On-site,North America,Medium
Other,3,Remote,North America,Medium
Machine Learning Engineer,3,Remote,North America,Medium
Data Engineer,3,On-site,North America,Medium
Data Engineer,2,On-site,North America,Medium
Data Scientist,3,Remote,North America,Medium
Data Scientist,2,On-site,North America,Medium
Business Intelligence Analyst,2,Remote,North America,Medium
Data Scientist,3,On-site,North America,Medium
Data Analyst,3,On-site,North America,Medium
Applied Scientist,3,On-site,North America,Medium
Data Scientist,2,On-site,North America,Medium
Data Scientist,3,Remote,North America,Medium
Applied Scientist,3,On-site,North America,Medium
Other,3,On-site,North America,Medium
Data Analyst,1,Remote,North America,Large
Other,3,On-site,North America,Medium
Machine Learning Engineer,3,On-site,North America,Medium
Data Scientist,1,On-site,Europe,Small
Data Manager,4,On-site,North America,Medium
Data Engineer,3,On-site,North America,Medium
Data Scientist,3,On-site,North America,Medium
Data Engineer,4,Remote,North America,Medium
Applied Scientist,2,Remote,North America,Large
Data Engineer,3,On-site,North America,Medium
Data Engineer,3,On-site,North America,Medium
Business Intelligence Engineer,2,On-site,Europe,Medium
Data Specialist,2,On-site,North America,Medium
Data Analyst,1,Remote,North America,Medium
Analytics Engineer,3,Remote,North America,Medium
Data Engineer,3,On-site,North America,Medium
Other,4,Remote,North America,Medium
Other,3,On-site,North America,Medium
Data Engineer,3,On-site,North America,Large
Data Engineer,3,On-site,North America,Medium
Data Scientist,3,On-site,North America,Medium
Data Scientist,3,On-site,North America,Medium
Data Analyst,1,On-site,North America,Medium
Data Engineer,2,On-site,Europe,Medium
AI Engineer,3,On-site,North America,Medium
Data Scientist,3,On-site,North America,Medium
Data Scientist,1,Remote,North America,Medium
Data Science,3,On-site,North America,Medium
Other,2,Hybrid,Europe,Medium
Data Engineer,3,On-site,North America,Medium
Data Engineer,3,On-site,North America,Medium
Data Engineer,2,Remote,North America,Medium
Data Scientist,2,On-site,Europe,Medium
Data Analyst,3,Remote,North America,Medium
Other,2,On-site,North America,Medium
Data Analyst,3,Remote,North America,Medium
Machine Learning Engineer,2,On-site,North America,Medium
Data Engineer,2,On-site,North America,Medium
Data Engineer,3,On-site,North America,Medium
Data Engineer,3,On-site,North America,Medium
Data Engineer,1,Remote,Europe,Medium
Data Scientist,3,On-site,North America,Medium
AI Engineer,2,On-site,Europe,Medium
Other,1,On-site,Europe,Large
Data Engineer,3,On-site,North America,Large
Data Architect,3,On-site,North America,Medium
Data Scientist,3,On-site,Europe,Medium
Data Scientist,3,On-site,North America,Medium
Other,3,Remote,North America,Large
Data Analyst,3,On-site,North America,Medium
Data Engineer,3,On-site,North America,Large
Other,3,Remote,North America,Medium
Data Scientist,3,Remote,North America,Medium
Data Analyst,2,Remote,North America,Large
Other,1,Remote,North America,Medium
Other,4,On-site,North America,Medium
Data Architect,3,On-site,North America,Medium
Data Scientist,3,Remote,North America,Medium
Other,3,Remote,South America,Large
Data Engineer,3,Remote,North America,Medium
Analytics Engineer,3,Remote,North America,Medium
Other,3,Remote,North America,Medium
Data Scientist,3,Remote,North America,Medium
Data Analyst,4,Remote,North America,Medium
Data Scientist,2,On-site,North America,Medium
Other,2,Remote,Other,Small
Data Engineer,1,On-site,North America,Medium
Data Architect,3,On-site,North America,Medium
Data Analyst,2,On-site,North America,Medium
Other,3,On-site,North America,Medium
Machine Learning Engineer,3,On-site,North America,Medium
Data Engineer,3,Remote,North America,Medium
Data Analyst,2,On-site,North America,Medium
Analytics Engineer,3,On-site,North America,Medium
Machine Learning Engineer,3,Remote,North America,Medium
Other,3,On-site,Europe,Medium
Data Engineer,3,On-site,North America,Medium
Data Scientist,3,On-site,North America,Medium
Data Analyst,3,On-site,North America,Large
Data Science Manager,4,On-site,North America,Medium
Data Engineer,2,Remote,North America,Medium
Data Specialist,2,On-site,Europe,Medium
Data Analyst,2,Hybrid,Europe,Medium
Data Manager,2,On-site,North America,Medium
Data Scientist,3,On-site,North America,Medium
Data Scientist,3,Remote,North America,Medium
Data Scientist,3,On-site,North America,Medium
Other,3,Hybrid,North America,Large
Data Analyst,2,On-site,North America,Medium
Data Engineer,2,On-site,North America,Medium
Data Scientist,3,Remote,North America,Medium
Machine Learning Scientist,1,Remote,North America,Large
Data Scientist,3,On-site,North America,Large
Analytics Engineer,3,On-site,North America,Medium
Research Scientist,3,Remote,North America,Medium
Data Specialist,2,On-site,North America,Medium
Other,1,On-site,Europe,Medium
Other,2,Remote,North America,Medium
Data Scientist,1,Remote,North America,Large
Other,2,On-site,North America,Medium
Data Scientist,1,On-site,North America,Medium
Data Analyst,3,On-site,Europe,Medium
Other,2,On-site,Europe,Medium
Data Analyst,3,Remote,North America,Medium
ML Engineer,2,On-site,North America,Medium
Data Engineer,3,On-site,North America,Medium
Data Engineer,2,Remote,North America,Medium
Data Science Manager,4,On-site,North America,Medium
Data Scientist,3,Remote,North America,Medium
Other,2,On-site,North America,Medium
Machine Learning Engineer,3,Remote,North America,Medium
Data Analyst,3,On-site,North America,Large
Data Architect,3,On-site,North America,Medium
Data Engineer,3,On-site,North America,Medium
Data Engineer,4,Remote,North America,Medium
Data Analyst,3,On-site,North America,Medium
Research Scientist,3,On-site,North America,Medium
Data Engineer,2,Remote,North America,Medium
Analytics Engineer,3,Remote,North America,Medium
Other,3,On-site,North America,Medium
Data Analyst,3,On-site,North America,Medium
Data Science Manager,2,Remote,North America,Medium
Data Scientist,3,On-site,North America,Medium
Machine Learning Engineer,3,Remote,North America,Medium
Data Analyst,2,On-site,North America,Medium
Data Engineer,2,On-site,North America,Medium
Data Analyst,2,On-site,North America,Medium
Applied Scientist,3,On-site,North America,Medium
Machine Learning Engineer,3,Remote,North America,Medium
Other,3,On-site,North America,Large
Research Engineer,1,On-site,North America,Medium
Other,1,On-site,North America,Medium
Data Analyst,3,On-site,North America,Medium
Other,2,On-site,Europe,Medium
Research Scientist,2,Remote,North America,Medium
Other,3,On-site,North America,Medium
Other,1,On-site,North America,Medium
Machine Learning Engineer,3,On-site,North America,Medium
Data Engineer,3,On-site,North America,Medium
Data Scientist,2,On-site,North America,Medium
AI Engineer,3,Remote,Europe,Medium
Other,2,Remote,North America,Medium
Data Scientist,4,Remote,North America,Medium
Data Engineer,3,On-site,North America,Medium
Data Science,1,Hybrid,Europe,Medium
Data Engineer,3,Remote,North America,Medium
Data Engineer,2,On-site,Europe,Medium
Other,2,Hybrid,Asia,Large
Research Scientist,1,Remote,North America,Medium
Data Scientist,3,On-site,North America,Medium
Data Scientist,3,Remote,North America,Medium
Data Analyst,3,On-site,North America,Medium
Other,3,On-site,North America,Medium
Research Engineer,3,On-site,North America,Medium
Research Engineer,3,On-site,North America,Medium
AI Engineer,3,On-site,North America,Medium
Machine Learning Engineer,3,On-site,North America,Medium
Data Scientist,2,Remote,North America,Large
Data Engineer,3,On-site,Other,Medium
Machine Learning Engineer,2,On-site,North America,Medium
Data Scientist,3,On-site,North America,Medium
Data Analyst,2,On-site,North America,Medium
Data Analyst,3,Remote,North America,Medium
Machine Learning Engineer,2,Remote,Asia,Medium
Data Scientist,2,On-site,North America,Medium
Data Manager,3,On-site,North America,Medium
Applied Scientist,3,Remote,North America,Medium
Machine Learning Engineer,3,Remote,North America,Medium
Machine Learning Engineer,3,On-site,North America,Medium
Other,3,Hybrid,Europe,Medium
Research Engineer,3,On-site,North America,Medium
Business Intelligence Analyst,1,On-site,North America,Medium
Data Scientist,3,On-site,North America,Medium
Data Analyst,3,On-site,North America,Medium
Data Engineer,2,On-site,North America,Medium
Data Engineer,3,Remote,North America,Medium
Machine Learning Scientist,3,On-site,North America,Medium
Data Engineer,1,Remote,Asia,Large
Research Engineer,3,On-site,North America,Medium
Data Analyst,2,Hybrid,Asia,Large
Data Engineer,4,On-site,North America,Medium
Data Analyst,3,Remote,North America,Medium
Data Engineer,3,Remote,North America,Large
Data Engineer,3,Remote,North America,Medium
Other,2,On-site,North America,Medium
Data Scientist,1,On-site,Europe,Small
Data Science,2,On-site,North America,Large
Data Scientist,3,On-site,North America,Medium
Data Scientist,3,On-site,North America,Medium
Data Analyst,1,On-site,North America,Medium
Data Scientist,2,On-site,North America,Medium
Research Engineer,3,Remote,North America,Medium
Data Analyst,2,Hybrid,Europe,Large
Machine Learning Engineer,2,On-site,Europe,Medium
Research Engineer,3,Remote,Europe,Small
Data Scientist,2,Remote,North America,Medium
Data Analyst,2,On-site,North America,Medium
Data Science Manager,3,On-site,North America,Large
Machine Learning Engineer,1,Remote,Europe,Large
Data Engineer,3,On-site,North America,Medium
Data Scientist,3,On-site,North America,Medium
Data Analyst,3,On-site,North America,Medium
Business Intelligence Engineer,3,On-site,North America,Medium
Other,4,Remote,North America,Medium
Data Scientist,2,On-site,North America,Medium
Data Engineer,4,On-site,North America,Medium
Data Analyst,3,On-site,North America,Medium
Applied Scientist,3,Remote,North America,Medium
Data Engineer,3,Remote,North America,Medium
Data Analyst,2,On-site,Europe,Medium
AI Engineer,3,On-site,North America,Medium
Data Scientist,2,Remote,Europe,Small
Data Engineer,3,On-site,North America,Medium
Data Scientist,2,Remote,Europe,Large
Data Engineer,3,Hybrid,Europe,Large
Data Engineer,1,Remote,North America,Large
Data Analyst,2,Remote,North America,Medium
Other,2,Remote,North America,Medium
Machine Learning Engineer,1,Remote,Asia,Medium
Data Architect,3,On-site,North America,Medium
Data Analyst,3,On-site,North America,Medium
Other,3,On-site,South America,Medium
Data Engineer,3,On-site,North America,Medium
Data Engineer,2,Hybrid,Europe,Small
Data Architect,3,Remote,North America,Medium
Data Science,3,On-site,North America,Medium
Data Analyst,1,Hybrid,North America,Large
Machine Learning Engineer,2,On-site,North America,Medium
Data Analyst,3,On-site,North America,Medium
Data Engineer,3,On-site,North America,Medium
Other,2,Remote,North America,Medium
Analytics Engineer,3,Remote,North America,Medium
Data Engineer,2,On-site,Europe,Medium
Data Analyst,1,Remote,North America,Small
Data Engineer,4,On-site,North America,Medium
Data Analyst,3,On-site,North America,Medium
Other,2,On-site,North America,Medium
Other,3,On-site,Asia,Small
Data Scientist,3,Remote,North America,Medium
Research Scientist,2,On-site,North America,Medium
Data Engineer,2,On-site,North America,Medium
Data Scientist,3,On-site,North America,Medium
Machine Learning Scientist,3,Remote,North America,Medium
Data Engineer,3,On-site,North America,Medium
Data Analyst,2,Remote,Europe,Small
Data Engineer,2,On-site,North America,Medium
Data Scientist,1,On-site,Europe,Medium
Data Scientist,1,Remote,South America,Large
Data Analyst,3,Remote,North America,Medium
Machine Learning Scientist,3,On-site,North America,Medium
Analytics Engineer,3,Remote,North America,Medium
Data Engineer,3,Remote,Europe,Medium
Applied Scientist,3,On-site,North America,Medium
AI Engineer,3,On-site,North America,Medium
Data Scientist,3,On-site,North America,Medium
Research Engineer,3,On-site,North America,Medium
Machine Learning Engineer,3,On-site,North America,Medium
Data Scientist,1,Hybrid,North America,Small
Data Science Manager,3,Hybrid,Asia,Large
Machine Learning Scientist,3,Remote,North America,Medium
Machine Learning Engineer,2,On-site,Europe,Medium
Business Intelligence Engineer,3,On-site,North America,Medium
Data Engineer,3,On-site,North America,Medium
Data Analyst,3,On-site,North America,Medium
Other,3,Remote,North America,Medium
Data Engineer,3,Remote,North America,Medium
Data Analyst,3,Remote,North America,Medium
Data Analyst,2,On-site,North America,Medium
Data Scientist,3,On-site,North America,Medium
Other,2,Hybrid,Oceania,Large
Research Scientist,2,On-site,North America,Medium
Data Scientist,3,Remote,North America,Medium
Other,2,On-site,Europe,Medium
Data Scientist,3,On-site,North America,Medium
Machine Learning Engineer,3,Hybrid,Europe,Large
Other,1,Hybrid,Europe,Small
Data Scientist,2,Remote,North America,Medium
Machine Learning Engineer,1,Remote,North America,Small
Business Intelligence Analyst,2,Remote,North America,Medium
Research Analyst,1,On-site,North America,Medium
Data Architect,3,On-site,North America,Medium
Data Architect,3,Remote,North America,Medium
Data Architect,3,On-site,North America,Medium
Analytics Engineer,3,Remote,North America,Medium
Data Scientist,2,On-site,North America,Medium
Other,2,On-site,North America,Medium
Data Engineer,2,Remote,Europe,Medium
Data Scientist,3,On-site,North America,Medium
Data Scientist,3,On-site,North America,Medium
Data Science Consultant,3,On-site,North America,Medium
Data Engineer,3,Remote,North America,Medium
Other,4,On-site,North America,Medium
Machine Learning Engineer,3,Remote,North America,Medium
Data Engineer,3,Remote,North America,Medium
Other,1,Remote,Europe,Medium
Other,4,On-site,North America,Medium
Data Engineer,3,Remote,North America,Medium
Business Intelligence Analyst,3,Remote,North America,Medium
Other,3,On-site,North America,Medium
Data Scientist,3,On-site,North America,Medium
Data Scientist,3,On-site,North America,Medium
Data Engineer,3,On-site,North America,Medium
Data Analyst,3,On-site,North America,Medium
Data Analyst,1,On-site,Europe,Medium
Data Science,2,On-site,North America,Medium
Machine Learning Engineer,3,On-site,Europe,Medium
Data Analyst,3,Remote,North America,Medium
Data Analyst,3,Remote,North America,Medium
Machine Learning Engineer,3,On-site,North America,Medium
Data Scientist,3,On-site,North America,Medium
Other,3,Remote,North America,Large
Data Analyst,2,Remote,Europe,Medium
Data Architect,3,On-site,North America,Medium
Data Engineer,2,Remote,North America,Large
Data Scientist,3,Remote,North America,Medium
Analytics Engineer,3,On-site,North America,Medium
Other,3,Remote,North America,Medium
Data Specialist,3,Remote,North America,Medium
Other,1,Hybrid,North America,Small
Research Scientist,3,On-site,North America,Medium
Data Manager,3,Remote,North America,Medium
Other,2,Hybrid,North America,Large
Machine Learning Engineer,3,Remote,Europe,Medium
Research Scientist,2,On-site,North America,Medium
Machine Learning Engineer,3,Remote,North America,Medium
Machine Learning Scientist,3,On-site,North America,Medium
Data Engineer,2,Remote,North America,Large
Data Engineer,3,On-site,North America,Medium
ML Engineer,2,Remote,North America,Small
Data Architect,3,On-site,North America,Medium
Data Analyst,3,Remote,North America,Medium
Other,3,On-site,North America,Medium
Other,3,On-site,North America,Medium
Data Engineer,2,Hybrid,Europe,Medium
Data Scientist,2,On-site,Europe,Medium
Other,2,On-site,North America,Medium
Analytics Engineer,3,Remote,North America,Medium
Other,3,On-site,North America,Medium
Data Engineer,3,On-site,North America,Medium
Data Scientist,2,Remote,Europe,Small
Other,1,Remote,Oceania,Medium
Data Engineer,1,On-site,North America,Medium
Data Engineer,3,Remote,North America,Medium
Other,4,On-site,North America,Medium
Data Engineer,3,On-site,North America,Medium
Data Engineer,3,Remote,North America,Medium
Data Analyst,3,Remote,North America,Medium
Machine Learning Engineer,3,Remote,North America,Medium
Data Analyst,1,On-site,Europe,Medium
Research Engineer,3,On-site,Europe,Medium
Data Analyst,1,On-site,Asia,Large
Data Engineer,2,Remote,Europe,Medium
Research Analyst,1,On-site,North America,Medium
Data Scientist,3,On-site,North America,Medium
Data Analyst,3,On-site,North America,Medium
Machine Learning Engineer,3,Remote,North America,Medium
Data Scientist,3,On-site,North America,Medium
Research Scientist,3,On-site,North America,Medium
Data Scientist,2,On-site,Europe,Medium
Data Scientist,2,Remote,North America,Large
Data Engineer,4,On-site,North America,Medium
Data Analyst,2,Remote,North America,Medium
Machine Learning Engineer,1,Remote,Europe,Large
Machine Learning Engineer,2,Remote,North America,Medium
Data Scientist,3,Remote,North America,Medium
Data Scientist,2,Remote,North America,Medium
Data Scientist,3,Remote,North America,Medium
Machine Learning Engineer,2,Remote,Europe,Medium
Other,2,Remote,North America,Large
Data Engineer,3,Remote,North America,Medium
Other,2,Remote,North America,Medium
Data Engineer,3,Remote,North America,Medium
Data Analyst,1,On-site,North America,Large
Machine Learning Engineer,3,On-site,North America,Medium
Data Analyst,3,Remote,North America,Large
Applied Scientist,3,On-site,North America,Large
Business Intelligence Analyst,3,Remote,North America,Medium
Machine Learning Engineer,3,On-site,North America,Medium
Research Scientist,2,Remote,North America,Medium
Applied Scientist,3,On-site,North America,Medium
Research Scientist,3,On-site,North America,Medium
Machine Learning Engineer,3,Remote,North America,Medium
Data Engineer,3,Remote,North America,Medium
Research Engineer,1,Remote,Europe,Medium
Data Analyst,3,On-site,North America,Medium
Data Scientist,2,On-site,North America,Medium
Business Intelligence Engineer,3,Remote,North America,Medium
Applied Scientist,3,On-site,North America,Large
Data Analyst,1,Hybrid,North America,Small
Data Scientist,2,On-site,North America,Medium
Other,3,On-site,North America,Medium
Data Science,3,On-site,North America,Medium
Data Scientist,3,Remote,North America,Medium
Data Analyst,3,Remote,North America,Medium
Data Specialist,2,On-site,North America,Medium
Data Engineer,2,Remote,Europe,Medium
Data Scientist,3,Remote,North America,Medium
Data Analyst,1,On-site,Europe,Medium
Data Engineer,3,On-site,North America,Medium
Business Intelligence Engineer,3,On-site,North America,Medium
Data Architect,2,On-site,North America,Medium
Data Engineer,3,On-site,North America,Medium
Data Scientist,2,On-site,Europe,Medium
Data Engineer,3,On-site,North America,Medium
Research Scientist,3,On-site,North America,Medium
Data Analyst,3,Remote,North America,Medium
Data Analyst,1,On-site,North America,Medium
Other,3,On-site,North America,Medium
Machine Learning Engineer,2,Hybrid,Europe,Large
Other,2,On-site,North America,Medium
Data Analyst,3,On-site,North America,Medium
Other,2,On-site,Europe,Medium
Data Scientist,3,On-site,North America,Medium
Data Scientist,3,On-site,North America,Medium
Data Engineer,3,On-site,North America,Medium
Data Scientist,3,Remote,North America,Medium
Data Analyst,3,Remote,North America,Medium
Machine Learning Engineer,3,On-site,North America,Medium
Data Science Manager,3,Remote,Europe,Large
Other,4,On-site,Europe,Medium
Data Scientist,2,Remote,Europe,Medium
Data Engineer,2,On-site,North America,Medium
Machine Learning Engineer,3,On-site,North America,Medium
Data Scientist,2,Remote,Europe,Medium
Other,3,Remote,North America,Medium
Research Engineer,3,On-site,North America,Large
Other,2,On-site,North America,Medium
Machine Learning Engineer,3,Remote,North America,Medium
Analytics Engineer,3,On-site,North America,Medium
Other,3,Remote,North America,Large
Data Scientist,3,Remote,North America,Medium
Machine Learning Engineer,2,On-site,North America,Medium
Data Scientist,3,On-site,North America,Medium
Business Intelligence Engineer,3,Remote,North America,Medium
Data Analyst,3,On-site,North America,Medium
Analytics Engineer,3,Remote,North America,Medium
Data Engineer,2,On-site,North America,Medium
Data Engineer,2,Remote,North America,Medium
Data Analyst,3,On-site,North America,Medium
Data Engineer,3,On-site,North America,Medium
Other,3,On-site,North America,Medium
Machine Learning Engineer,3,On-site,North America,Medium
Machine Learning Engineer,3,On-site,North America,Medium
Other,2,On-site,North America,Medium
Data Scientist,3,Remote,North America,Medium
Data Manager,3,Remote,North America,Medium
Data Engineer,3,Remote,Europe,Medium
Analytics Engineer,3,On-site,North America,Medium
Data Scientist,3,Remote,North America,Medium
Other,2,Remote,North America,Medium
Research Engineer,2,On-site,North America,Medium
Data Engineer,2,Remote,North America,Medium
Data Science,3,On-site,North America,Medium
Machine Learning Engineer,2,Remote,Europe,Large
Machine Learning Engineer,3,On-site,North America,Medium
Data Analyst,2,Remote,North America,Medium
Data Engineer,3,On-site,North America,Medium
Data Analyst,2,Remote,North America,Medium
Data Scientist,3,On-site,North America,Medium
Data Engineer,3,Remote,North America,Medium
Analytics Engineer,3,Remote,North America,Medium
Machine Learning Engineer,3,Remote,North America,Medium
Data Engineer,4,On-site,North America,Medium
Data Engineer,4,On-site,North America,Medium
Data Analyst,1,On-site,North America,Medium
Data Engineer,3,Remote,North America,Medium
Data Analyst,1,On-site,North America,Medium
Data Engineer,3,On-site,North America,Medium
Machine Learning Engineer,3,Remote,North America,Medium
Research Engineer,2,On-site,North America,Medium
Data Analyst,4,On-site,North America,Medium
Data Engineer,3,Remote,Other,Medium
Machine Learning Engineer,2,On-site,North America,Medium
Data Scientist,3,On-site,North America,Medium
Data Engineer,2,On-site,North America,Medium
Data Engineer,2,Remote,North America,Medium
ML Engineer,3,On-site,North America,Medium
Machine Learning Engineer,3,Remote,North America,Medium
Machine Learning Engineer,2,On-site,North America,Medium
Other,3,On-site,North America,Medium
Data Analyst,3,Remote,North America,Medium
Data Analyst,2,On-site,North America,Medium
Other,3,Remote,North America,Large
Data Architect,3,Remote,North America,Medium
Data Engineer,1,On-site,North America,Medium
Data Analyst,1,Remote,North America,Medium
Machine Learning Engineer,3,On-site,North America,Medium
Data Scientist,3,Remote,North America,Medium
Data Engineer,2,On-site,North America,Medium
Data Engineer,3,Remote,North America,Medium
Data Engineer,2,Remote,Europe,Medium
Analytics Engineer,3,On-site,North America,Medium
Data Engineer,3,On-site,North America,Medium
Data Analyst,3,On-site,North America,Medium
Machine Learning Engineer,3,Remote,North America,Medium
Data Scientist,3,On-site,North America,Medium
Data Engineer,4,On-site,North America,Medium
Other,3,Remote,North America,Medium
Data Scientist,3,Remote,North America,Medium
Data Architect,3,Remote,North America,Medium
Data Engineer,3,On-site,North America,Medium
Other,1,Remote,North America,Medium
Data Scientist,3,Remote,North America,Medium
Data Manager,3,On-site,North America,Medium
Other,3,Remote,North America,Medium
Data Scientist,3,On-site,Europe,Medium
Machine Learning Engineer,3,On-site,North America,Medium
Data Engineer,3,On-site,North America,Large
Machine Learning Scientist,3,On-site,North America,Medium
Data Engineer,3,On-site,North America,Medium
Data Engineer,3,On-site,Europe,Medium
Data Analyst,2,On-site,North America,Medium
Data Engineer,3,Remote,North America,Medium
Analytics Engineer,3,On-site,North America,Medium
Research Engineer,2,On-site,North America,Medium
Research Scientist,3,On-site,North America,Medium
Data Analyst,3,Remote,North America,Medium
Machine Learning Scientist,3,On-site,North America,Medium
Analytics Engineer,3,Remote,Europe,Medium
Data Scientist,3,On-site,Europe,Medium
Data Analyst,3,Remote,North America,Medium
Data Engineer,2,Remote,North America,Medium
Data Scientist,1,Hybrid,Oceania,Medium
Data Analyst,3,On-site,North America,Medium
Analytics Engineer,3,Remote,North America,Medium
ML Engineer,3,Remote,North America,Large
Data Engineer,3,On-site,North America,Medium
Data Engineer,3,On-site,North America,Medium
Data Analyst,2,On-site,North America,Medium
